date,region,category,units_sold,sales,profit
2024-01-01,North,Electronics,6,618.3,190.67
2024-01-01,North,Clothing,5,212.4,82.65
2024-01-01,North,Home & Garden,7,114.46,39.74
2024-01-01,North,Sports,4,204.2,53.14
2024-01-01,South,Electronics,6,382.43,121.42
2024-01-01,South,Clothing,11,166.87,73.58
2024-01-01,South,Home & Garden,7,201.89,51.0
2024-01-01,South,Sports,6,81.56,35.5
2024-01-01,East,Electronics,9,474.12,202.01
2024-01-01,East,Clothing,8,221.45,98.26
2024-01-01,East,Home & Garden,7,232.31,97.05
2024-01-01,East,Sports,12,226.91,82.73
2024-01-01,West,Electronics,3,537.02,228.78
2024-01-01,West,Clothing,11,213.05,94.3
2024-01-01,West,Home & Garden,5,304.52,77.0
2024-01-01,West,Sports,9,242.37,68.58
2024-01-02,North,Electronics,3,413.8,143.83
2024-01-02,North,Clothing,7,188.85,80.7
2024-01-02,North,Home & Garden,9,397.12,121.04
2024-01-02,North,Sports,8,114.23,49.08
2024-01-02,South,Electronics,11,469.67,176.81
2024-01-02,South,Clothing,10,125.24,38.26
2024-01-02,South,Home & Garden,11,197.71,55.32
2024-01-02,South,Sports,9,151.28,52.39
2024-01-02,East,Electronics,16,653.67,281.86
2024-01-02,East,Clothing,6,273.65,121.1
2024-01-02,East,Home & Garden,6,317.53,109.14
2024-01-02,East,Sports,9,229.0,101.89
2024-01-02,West,Electronics,9,403.52,132.22
2024-01-02,West,Clothing,5,283.07,124.77
2024-01-02,West,Home & Garden,7,282.2,124.43
2024-01-02,West,Sports,8,220.2,73.29
2024-01-03,North,Electronics,9,565.61,243.12
2024-01-03,North,Clothing,3,256.42,99.03
2024-01-03,North,Home & Garden,11,281.38,105.68
2024-01-03,North,Sports,13,200.05,89.59
2024-01-03,South,Electronics,11,486.47,213.31
2024-01-03,South,Clothing,8,174.14,75.44
2024-01-03,South,Home & Garden,10,240.75,90.22
2024-01-03,South,Sports,7,141.88,50.55
2024-01-03,East,Electronics,8,648.41,166.01
2024-01-03,East,Clothing,8,190.37,59.18
2024-01-03,East,Home & Garden,9,553.79,197.85
2024-01-03,East,Sports,10,145.47,38.96
2024-01-03,West,Electronics,5,592.75,170.65
2024-01-03,West,Clothing,10,273.83,75.87
2024-01-03,West,Home & Garden,11,300.39,128.35
2024-01-03,West,Sports,10,151.76,45.37
2024-01-04,North,Electronics,3,754.74,250.59
2024-01-04,North,Clothing,12,268.28,106.87
2024-01-04,North,Home & Garden,5,361.69,153.5
2024-01-04,North,Sports,7,163.65,68.0
2024-01-04,South,Electronics,4,390.35,147.22
2024-01-04,South,Clothing,8,144.32,56.95
2024-01-04,South,Home & Garden,8,311.46,124.43
2024-01-04,South,Sports,8,160.57,60.14
2024-01-04,East,Electronics,10,503.01,213.52
2024-01-04,East,Clothing,8,175.11,73.44
2024-01-04,East,Home & Garden,6,301.44,76.42
2024-01-04,East,Sports,10,158.08,62.28
2024-01-04,West,Electronics,7,417.17,174.85
2024-01-04,West,Clothing,5,228.53,57.59
2024-01-04,West,Home & Garden,13,375.47,163.97
2024-01-04,West,Sports,7,128.37,36.85
2024-01-05,North,Electronics,10,589.84,159.31
2024-01-05,North,Clothing,9,334.15,108.93
2024-01-05,North,Home & Garden,5,409.69,137.66
2024-01-05,North,Sports,9,168.38,68.05
2024-01-05,South,Electronics,11,558.43,185.82
2024-01-05,South,Clothing,9,223.81,74.92
2024-01-05,South,Home & Garden,12,179.45,78.79
2024-01-05,South,Sports,4,198.68,68.05
2024-01-05,East,Electronics,6,565.52,198.12
2024-01-05,East,Clothing,7,277.69,71.58
2024-01-05,East,Home & Garden,6,335.8,90.8
2024-01-05,East,Sports,5,130.21,38.4
2024-01-05,West,Electronics,8,673.57,216.35
2024-01-05,West,Clothing,5,67.03,27.19
2024-01-05,West,Home & Garden,3,354.13,113.13
2024-01-05,West,Sports,8,107.66,42.14
2024-01-06,North,Electronics,9,416.53,155.81
2024-01-06,North,Clothing,11,412.18,134.03
2024-01-06,North,Home & Garden,10,562.71,146.48
2024-01-06,North,Sports,13,98.14,27.12
2024-01-06,South,Electronics,14,727.13,323.94
2024-01-06,South,Clothing,8,232.19,75.07
2024-01-06,South,Home & Garden,11,296.34,117.22
2024-01-06,South,Sports,6,157.15,62.11
2024-01-06,East,Electronics,14,1171.09,524.41
2024-01-06,East,Clothing,15,367.97,121.39
2024-01-06,East,Home & Garden,16,350.56,130.89
2024-01-06,East,Sports,11,263.85,109.96
2024-01-06,West,Electronics,11,593.45,220.85
2024-01-06,West,Clothing,8,272.91,83.56
2024-01-06,West,Home & Garden,10,445.96,117.12
2024-01-06,West,Sports,13,109.51,48.6
2024-01-07,North,Electronics,11,823.6,243.64
2024-01-07,North,Clothing,6,177.38,53.99
2024-01-07,North,Home & Garden,10,640.82,183.39
2024-01-07,North,Sports,8,211.97,80.08
2024-01-07,South,Electronics,11,392.05,119.01
2024-01-07,South,Clothing,8,220.76,89.58
2024-01-07,South,Home & Garden,10,422.82,118.85
2024-01-07,South,Sports,8,181.37,80.28
2024-01-07,East,Electronics,6,505.99,157.23
2024-01-07,East,Clothing,9,351.08,153.4
2024-01-07,East,Home & Garden,13,516.27,167.7
2024-01-07,East,Sports,15,121.11,48.86
2024-01-07,West,Electronics,9,765.93,283.1
2024-01-07,West,Clothing,10,263.06,72.41
2024-01-07,West,Home & Garden,13,226.02,96.72
2024-01-07,West,Sports,9,109.27,42.7
2024-01-08,North,Electronics,10,284.12,71.53
2024-01-08,North,Clothing,8,153.59,45.17
2024-01-08,North,Home & Garden,11,289.08,99.04
2024-01-08,North,Sports,11,158.07,68.38
2024-01-08,South,Electronics,6,253.29,70.86
2024-01-08,South,Clothing,17,123.42,36.96
2024-01-08,South,Home & Garden,6,258.72,101.57
2024-01-08,South,Sports,12,139.95,36.89
2024-01-08,East,Electronics,6,533.03,146.95
2024-01-08,East,Clothing,6,251.65,96.95
2024-01-08,East,Home & Garden,9,500.9,217.15
2024-01-08,East,Sports,10,177.04,44.83
2024-01-08,West,Electronics,5,612.24,217.56
2024-01-08,West,Clothing,9,189.67,50.42
2024-01-08,West,Home & Garden,6,393.69,172.1
2024-01-08,West,Sports,5,168.43,73.35
2024-01-09,North,Electronics,7,487.81,195.9
2024-01-09,North,Clothing,6,86.69,33.35
2024-01-09,North,Home & Garden,4,257.7,86.72
2024-01-09,North,Sports,7,166.55,43.76
2024-01-09,South,Electronics,14,456.71,200.01
2024-01-09,South,Clothing,8,150.89,52.87
2024-01-09,South,Home & Garden,7,386.61,154.05
2024-01-09,South,Sports,10,149.73,54.24
2024-01-09,East,Electronics,11,584.19,156.68
2024-01-09,East,Clothing,8,346.85,120.37
2024-01-09,East,Home & Garden,9,463.39,186.65
2024-01-09,East,Sports,6,101.71,33.22
2024-01-09,West,Electronics,9,395.2,168.99
2024-01-09,West,Clothing,4,226.03,96.19
2024-01-09,West,Home & Garden,6,354.95,92.16
2024-01-09,West,Sports,7,146.97,57.09
2024-01-10,North,Electronics,12,420.96,116.28
2024-01-10,North,Clothing,8,255.43,109.5
2024-01-10,North,Home & Garden,13,412.92,185.34
2024-01-10,North,Sports,8,154.59,67.3
2024-01-10,South,Electronics,7,634.73,237.36
2024-01-10,South,Clothing,9,225.44,101.11
2024-01-10,South,Home & Garden,6,321.23,128.06
2024-01-10,South,Sports,9,144.49,59.79
2024-01-10,East,Electronics,9,454.62,147.01
2024-01-10,East,Clothing,11,273.06,80.25
2024-01-10,East,Home & Garden,9,432.26,186.24
2024-01-10,East,Sports,6,154.78,54.27
2024-01-10,West,Electronics,8,399.54,173.45
2024-01-10,West,Clothing,6,281.96,97.61
2024-01-10,West,Home & Garden,11,317.53,107.18
2024-01-10,West,Sports,8,91.65,29.06
2024-01-11,North,Electronics,9,476.59,135.73
2024-01-11,North,Clothing,6,142.61,37.45
2024-01-11,North,Home & Garden,12,178.51,48.98
2024-01-11,North,Sports,8,185.95,47.4
2024-01-11,South,Electronics,9,572.16,215.42
2024-01-11,South,Clothing,2,201.36,51.83
2024-01-11,South,Home & Garden,7,304.27,97.36
2024-01-11,South,Sports,4,136.82,34.35
2024-01-11,East,Electronics,5,622.3,193.89
2024-01-11,East,Clothing,9,219.77,59.93
2024-01-11,East,Home & Garden,6,236.98,83.83
2024-01-11,East,Sports,4,169.89,69.14
2024-01-11,West,Electronics,6,498.09,191.8
2024-01-11,West,Clothing,12,228.96,64.53
2024-01-11,West,Home & Garden,9,461.8,203.96
2024-01-11,West,Sports,3,127.29,56.97
2024-01-12,North,Electronics,7,364.77,144.81
2024-01-12,North,Clothing,5,166.56,62.23
2024-01-12,North,Home & Garden,12,303.38,96.69
2024-01-12,North,Sports,9,154.65,65.84
2024-01-12,South,Electronics,14,473.68,119.87
2024-01-12,South,Clothing,6,172.59,60.21
2024-01-12,South,Home & Garden,11,303.37,121.55
2024-01-12,South,Sports,9,159.42,60.41
2024-01-12,East,Electronics,2,641.7,193.06
2024-01-12,East,Clothing,9,327.29,100.01
2024-01-12,East,Home & Garden,4,380.22,144.07
2024-01-12,East,Sports,7,221.97,75.0
2024-01-12,West,Electronics,6,703.87,206.25
2024-01-12,West,Clothing,7,247.82,100.59
2024-01-12,West,Home & Garden,12,413.51,156.12
2024-01-12,West,Sports,2,173.66,49.26
2024-01-13,North,Electronics,8,740.18,203.89
2024-01-13,North,Clothing,14,159.56,46.19
2024-01-13,North,Home & Garden,6,303.53,92.4
2024-01-13,North,Sports,10,60.47,18.39
2024-01-13,South,Electronics,11,496.93,148.94
2024-01-13,South,Clothing,4,261.42,102.89
2024-01-13,South,Home & Garden,15,273.96,108.38
2024-01-13,South,Sports,13,139.22,41.02
2024-01-13,East,Electronics,15,775.83,266.51
2024-01-13,East,Clothing,9,253.72,68.51
2024-01-13,East,Home & Garden,17,475.84,174.27
2024-01-13,East,Sports,8,264.18,67.03
2024-01-13,West,Electronics,7,779.07,278.29
2024-01-13,West,Clothing,9,178.47,74.91
2024-01-13,West,Home & Garden,14,318.38,109.94
2024-01-13,West,Sports,6,155.5,47.5
2024-01-14,North,Electronics,11,746.54,267.51
2024-01-14,North,Clothing,10,259.76,67.76
2024-01-14,North,Home & Garden,10,475.82,152.17
2024-01-14,North,Sports,11,262.97,91.38
2024-01-14,South,Electronics,7,558.25,232.82
2024-01-14,South,Clothing,9,314.43,108.83
2024-01-14,South,Home & Garden,8,379.35,95.98
2024-01-14,South,Sports,13,164.43,71.85
2024-01-14,East,Electronics,11,952.21,408.41
2024-01-14,East,Clothing,9,305.93,78.66
2024-01-14,East,Home & Garden,8,481.25,160.97
2024-01-14,East,Sports,9,149.86,51.46
2024-01-14,West,Electronics,13,728.77,203.01
2024-01-14,West,Clothing,15,204.99,51.92
2024-01-14,West,Home & Garden,12,357.36,129.34
2024-01-14,West,Sports,11,175.32,47.95
2024-01-15,North,Electronics,9,553.33,187.05
2024-01-15,North,Clothing,10,297.67,105.9
2024-01-15,North,Home & Garden,8,316.35,133.38
2024-01-15,North,Sports,12,218.87,68.45
2024-01-15,South,Electronics,7,404.77,157.54
2024-01-15,South,Clothing,14,203.59,76.13
2024-01-15,South,Home & Garden,10,233.87,90.99
2024-01-15,South,Sports,7,131.94,59.05
2024-01-15,East,Electronics,10,317.22,137.74
2024-01-15,East,Clothing,7,222.22,63.05
2024-01-15,East,Home & Garden,12,276.54,99.92
2024-01-15,East,Sports,9,190.73,49.57
2024-01-15,West,Electronics,6,684.88,289.02
2024-01-15,West,Clothing,7,230.56,79.93
2024-01-15,West,Home & Garden,8,276.81,105.45
2024-01-15,West,Sports,11,121.79,40.0
2024-01-16,North,Electronics,4,676.67,269.64
2024-01-16,North,Clothing,6,190.17,80.97
2024-01-16,North,Home & Garden,6,455.52,150.9
2024-01-16,North,Sports,6,144.75,39.01
2024-01-16,South,Electronics,3,456.56,161.08
2024-01-16,South,Clothing,6,146.48,41.14
2024-01-16,South,Home & Garden,12,226.38,74.66
2024-01-16,South,Sports,8,194.92,86.72
2024-01-16,East,Electronics,7,796.55,201.04
2024-01-16,East,Clothing,5,323.74,83.27
2024-01-16,East,Home & Garden,3,320.73,95.82
2024-01-16,East,Sports,12,175.07,65.28
2024-01-16,West,Electronics,8,566.12,248.23
2024-01-16,West,Clothing,9,98.05,36.24
2024-01-16,West,Home & Garden,6,382.57,98.4
2024-01-16,West,Sports,11,223.44,79.87
2024-01-17,North,Electronics,12,548.15,155.95
2024-01-17,North,Clothing,9,241.48,66.0
2024-01-17,North,Home & Garden,7,378.97,147.84
2024-01-17,North,Sports,5,43.71,10.95
2024-01-17,South,Electronics,5,557.23,166.79
2024-01-17,South,Clothing,8,203.09,74.85
2024-01-17,South,Home & Garden,7,257.1,89.95
2024-01-17,South,Sports,5,116.49,47.01
2024-01-17,East,Electronics,11,730.94,199.01
2024-01-17,East,Clothing,10,202.21,69.96
2024-01-17,East,Home & Garden,5,395.32,118.7
2024-01-17,East,Sports,1,157.1,54.63
2024-01-17,West,Electronics,4,459.01,197.2
2024-01-17,West,Clothing,10,207.76,64.94
2024-01-17,West,Home & Garden,3,117.09,35.99
2024-01-17,West,Sports,9,144.96,54.8
2024-01-18,North,Electronics,5,550.07,163.09
2024-01-18,North,Clothing,11,253.07,80.9
2024-01-18,North,Home & Garden,7,258.25,110.45
2024-01-18,North,Sports,5,211.42,94.32
2024-01-18,South,Electronics,5,424.28,109.17
2024-01-18,South,Clothing,8,135.25,40.03
2024-01-18,South,Home & Garden,5,253.96,95.4
2024-01-18,South,Sports,2,141.49,36.1
2024-01-18,East,Electronics,6,626.0,221.09
2024-01-18,East,Clothing,10,254.64,103.11
2024-01-18,East,Home & Garden,11,326.23,116.14
2024-01-18,East,Sports,4,165.7,53.66
2024-01-18,West,Electronics,8,363.86,123.96
2024-01-18,West,Clothing,4,192.21,84.57
2024-01-18,West,Home & Garden,11,333.59,108.59
2024-01-18,West,Sports,14,163.92,68.43
2024-01-19,North,Electronics,2,754.07,285.48
2024-01-19,North,Clothing,8,239.56,106.4
2024-01-19,North,Home & Garden,7,503.23,186.95
2024-01-19,North,Sports,11,154.81,41.23
2024-01-19,South,Electronics,2,451.61,187.4
2024-01-19,South,Clothing,14,137.07,48.62
2024-01-19,South,Home & Garden,6,172.05,45.05
2024-01-19,South,Sports,11,134.59,49.12
2024-01-19,East,Electronics,5,703.54,316.38
2024-01-19,East,Clothing,11,86.5,32.51
2024-01-19,East,Home & Garden,8,491.38,195.04
2024-01-19,East,Sports,12,102.6,27.27
2024-01-19,West,Electronics,13,635.93,265.43
2024-01-19,West,Clothing,5,246.21,76.14
2024-01-19,West,Home & Garden,9,295.48,85.69
2024-01-19,West,Sports,7,167.05,52.7
2024-01-20,North,Electronics,12,598.92,169.75
2024-01-20,North,Clothing,15,341.2,107.55
2024-01-20,North,Home & Garden,8,436.48,165.6
2024-01-20,North,Sports,12,180.19,54.68
2024-01-20,South,Electronics,13,484.79,176.19
2024-01-20,South,Clothing,12,225.13,98.76
2024-01-20,South,Home & Garden,12,398.48,128.92
2024-01-20,South,Sports,7,168.77,50.6
2024-01-20,East,Electronics,8,722.62,183.49
2024-01-20,East,Clothing,6,270.81,81.9
2024-01-20,East,Home & Garden,9,392.8,156.0
2024-01-20,East,Sports,7,333.54,132.18
2024-01-20,West,Electronics,5,804.12,208.84
2024-01-20,West,Clothing,8,176.41,58.25
2024-01-20,West,Home & Garden,8,536.11,137.78
2024-01-20,West,Sports,8,255.83,78.97
2024-01-21,North,Electronics,8,433.47,119.98
2024-01-21,North,Clothing,17,352.21,147.59
2024-01-21,North,Home & Garden,11,405.95,127.46
2024-01-21,North,Sports,9,229.34,76.47
2024-01-21,South,Electronics,18,537.16,151.5
2024-01-21,South,Clothing,7,139.02,35.39
2024-01-21,South,Home & Garden,10,275.15,99.91
2024-01-21,South,Sports,13,169.32,56.23
2024-01-21,East,Electronics,8,1085.81,468.77
2024-01-21,East,Clothing,13,412.65,165.19
2024-01-21,East,Home & Garden,8,386.26,138.36
2024-01-21,East,Sports,13,183.07,57.75
2024-01-21,West,Electronics,11,716.28,233.97
2024-01-21,West,Clothing,11,289.41,108.76
2024-01-21,West,Home & Garden,11,405.0,152.41
2024-01-21,West,Sports,15,232.37,67.97
2024-01-22,North,Electronics,8,844.44,305.03
2024-01-22,North,Clothing,3,178.72,62.87
2024-01-22,North,Home & Garden,4,289.32,119.45
2024-01-22,North,Sports,9,224.55,85.02
2024-01-22,South,Electronics,11,568.01,198.45
2024-01-22,South,Clothing,10,158.99,49.48
2024-01-22,South,Home & Garden,1,241.83,74.06
2024-01-22,South,Sports,4,125.04,52.12
2024-01-22,East,Electronics,6,557.85,207.4
2024-01-22,East,Clothing,10,265.5,92.92
2024-01-22,East,Home & Garden,6,451.37,140.64
2024-01-22,East,Sports,6,169.14,49.3
2024-01-22,West,Electronics,6,494.29,139.77
2024-01-22,West,Clothing,10,161.75,60.24
2024-01-22,West,Home & Garden,7,279.32,69.99
2024-01-22,West,Sports,6,185.28,66.17
2024-01-23,North,Electronics,5,673.35,194.67
2024-01-23,North,Clothing,10,290.12,94.55
2024-01-23,North,Home & Garden,13,270.55,110.8
2024-01-23,North,Sports,7,186.81,58.06
2024-01-23,South,Electronics,9,580.04,180.43
2024-01-23,South,Clothing,8,161.06,49.96
2024-01-23,South,Home & Garden,2,201.92,55.36
2024-01-23,South,Sports,7,68.76,18.55
2024-01-23,East,Electronics,9,529.63,234.06
2024-01-23,East,Clothing,5,278.68,107.97
2024-01-23,East,Home & Garden,4,251.88,71.18
2024-01-23,East,Sports,15,211.13,72.73
2024-01-23,West,Electronics,8,578.19,180.29
2024-01-23,West,Clothing,9,244.26,69.01
2024-01-23,West,Home & Garden,13,339.23,149.13
2024-01-23,West,Sports,7,199.91,55.45
2024-01-24,North,Electronics,10,527.11,201.85
2024-01-24,North,Clothing,7,231.65,94.48
2024-01-24,North,Home & Garden,7,315.42,124.38
2024-01-24,North,Sports,6,101.12,31.87
2024-01-24,South,Electronics,6,407.32,117.81
2024-01-24,South,Clothing,7,194.94,69.81
2024-01-24,South,Home & Garden,10,331.79,83.65
2024-01-24,South,Sports,11,116.45,41.83
2024-01-24,East,Electronics,9,526.27,167.18
2024-01-24,East,Clothing,5,260.7,74.26
2024-01-24,East,Home & Garden,9,394.23,163.6
2024-01-24,East,Sports,6,171.41,47.29
2024-01-24,West,Electronics,7,566.85,222.04
2024-01-24,West,Clothing,8,261.45,86.44
2024-01-24,West,Home & Garden,4,387.87,126.83
2024-01-24,West,Sports,5,136.3,49.39
2024-01-25,North,Electronics,3,510.48,155.74
2024-01-25,North,Clothing,7,235.8,100.19
2024-01-25,North,Home & Garden,5,269.7,76.76
2024-01-25,North,Sports,8,196.26,64.32
2024-01-25,South,Electronics,8,318.12,98.22
2024-01-25,South,Clothing,7,231.61,65.57
2024-01-25,South,Home & Garden,4,313.23,80.31
2024-01-25,South,Sports,11,128.57,57.68
2024-01-25,East,Electronics,9,695.32,265.32
2024-01-25,East,Clothing,9,172.95,72.14
2024-01-25,East,Home & Garden,11,371.06,105.64
2024-01-25,East,Sports,7,134.61,44.56
2024-01-25,West,Electronics,9,552.92,210.38
2024-01-25,West,Clothing,4,304.04,99.48
2024-01-25,West,Home & Garden,9,336.45,120.0
2024-01-25,West,Sports,10,91.98,24.21
2024-01-26,North,Electronics,7,596.21,260.13
2024-01-26,North,Clothing,7,327.64,121.02
2024-01-26,North,Home & Garden,8,363.27,134.76
2024-01-26,North,Sports,5,182.64,50.07
2024-01-26,South,Electronics,16,279.62,79.25
2024-01-26,South,Clothing,11,194.47,85.98
2024-01-26,South,Home & Garden,9,371.77,118.26
2024-01-26,South,Sports,7,111.64,40.92
2024-01-26,East,Electronics,6,550.83,174.97
2024-01-26,East,Clothing,6,219.69,88.69
2024-01-26,East,Home & Garden,3,306.55,102.19
2024-01-26,East,Sports,3,175.22,58.23
2024-01-26,West,Electronics,7,543.05,198.09
2024-01-26,West,Clothing,9,196.28,85.05
2024-01-26,West,Home & Garden,6,350.8,117.73
2024-01-26,West,Sports,8,120.94,53.58
2024-01-27,North,Electronics,7,995.24,396.14
2024-01-27,North,Clothing,8,224.55,82.57
2024-01-27,North,Home & Garden,14,510.65,213.83
2024-01-27,North,Sports,13,153.05,48.33
2024-01-27,South,Electronics,13,529.91,177.22
2024-01-27,South,Clothing,15,221.93,79.11
2024-01-27,South,Home & Garden,10,235.68,79.46
2024-01-27,South,Sports,14,253.01,66.57
2024-01-27,East,Electronics,11,960.97,429.32
2024-01-27,East,Clothing,14,354.34,96.39
2024-01-27,East,Home & Garden,8,545.62,234.31
2024-01-27,East,Sports,9,191.63,63.46
2024-01-27,West,Electronics,11,913.78,360.77
2024-01-27,West,Clothing,13,319.63,99.57
2024-01-27,West,Home & Garden,13,450.32,197.24
2024-01-27,West,Sports,6,130.83,36.65
2024-01-28,North,Electronics,16,663.85,236.95
2024-01-28,North,Clothing,8,134.79,43.63
2024-01-28,North,Home & Garden,7,583.79,185.2
2024-01-28,North,Sports,19,96.18,26.15
2024-01-28,South,Electronics,10,822.25,355.23
2024-01-28,South,Clothing,11,348.14,92.8
2024-01-28,South,Home & Garden,13,257.32,88.75
2024-01-28,South,Sports,13,163.23,51.27
2024-01-28,East,Electronics,7,757.45,244.85
2024-01-28,East,Clothing,11,331.7,100.92
2024-01-28,East,Home & Garden,11,604.31,255.67
2024-01-28,East,Sports,16,161.13,69.18
2024-01-28,West,Electronics,13,899.46,404.75
2024-01-28,West,Clothing,13,217.3,86.72
2024-01-28,West,Home & Garden,11,392.42,169.91
2024-01-28,West,Sports,11,180.35,59.26
2024-01-29,North,Electronics,5,359.03,123.37
2024-01-29,North,Clothing,10,187.27,60.59
2024-01-29,North,Home & Garden,9,347.87,125.72
2024-01-29,North,Sports,8,122.69,53.1
2024-01-29,South,Electronics,7,582.81,190.74
2024-01-29,South,Clothing,12,282.53,109.29
2024-01-29,South,Home & Garden,10,200.72,87.83
2024-01-29,South,Sports,8,176.51,48.25
2024-01-29,East,Electronics,10,330.92,110.41
2024-01-29,East,Clothing,6,158.67,69.54
2024-01-29,East,Home & Garden,10,554.86,232.88
2024-01-29,East,Sports,8,233.57,75.67
2024-01-29,West,Electronics,7,561.43,207.12
2024-01-29,West,Clothing,9,228.49,65.6
2024-01-29,West,Home & Garden,7,249.38,90.15
2024-01-29,West,Sports,11,134.88,34.86
2024-01-30,North,Electronics,7,862.46,348.99
2024-01-30,North,Clothing,5,268.9,100.21
2024-01-30,North,Home & Garden,7,319.47,107.09
2024-01-30,North,Sports,6,141.87,58.59
2024-01-30,South,Electronics,5,686.66,291.56
2024-01-30,South,Clothing,8,206.84,70.13
2024-01-30,South,Home & Garden,5,347.87,149.69
2024-01-30,South,Sports,7,181.79,52.81
2024-01-30,East,Electronics,10,676.72,250.48
2024-01-30,East,Clothing,11,356.11,110.96
2024-01-30,East,Home & Garden,8,337.48,87.79
2024-01-30,East,Sports,11,131.85,46.89
2024-01-30,West,Electronics,6,761.98,236.98
2024-01-30,West,Clothing,10,279.72,125.51
2024-01-30,West,Home & Garden,6,161.99,52.63
2024-01-30,West,Sports,7,148.79,40.45
2024-01-31,North,Electronics,8,722.3,244.84
2024-01-31,North,Clothing,5,241.54,83.67
2024-01-31,North,Home & Garden,7,272.61,114.29
2024-01-31,North,Sports,11,127.13,34.39
2024-01-31,South,Electronics,9,357.31,91.0
2024-01-31,South,Clothing,12,147.64,51.54
2024-01-31,South,Home & Garden,12,223.61,57.86
2024-01-31,South,Sports,5,74.94,28.97
2024-01-31,East,Electronics,12,638.8,247.59
2024-01-31,East,Clothing,12,252.76,76.23
2024-01-31,East,Home & Garden,7,257.13,72.69
2024-01-31,East,Sports,11,216.91,67.37
2024-01-31,West,Electronics,8,609.02,243.76
2024-01-31,West,Clothing,5,184.25,62.86
2024-01-31,West,Home & Garden,9,295.43,128.61
2024-01-31,West,Sports,10,158.31,47.42
2024-02-01,North,Electronics,6,217.97,79.83
2024-02-01,North,Clothing,1,182.38,48.7
2024-02-01,North,Home & Garden,2,295.6,90.22
2024-02-01,North,Sports,7,154.43,66.08
2024-02-01,South,Electronics,6,472.76,139.17
2024-02-01,South,Clothing,10,127.86,48.7
2024-02-01,South,Home & Garden,2,251.89,97.84
2024-02-01,South,Sports,3,93.07,31.54
2024-02-01,East,Electronics,7,400.92,156.55
2024-02-01,East,Clothing,4,112.11,36.21
2024-02-01,East,Home & Garden,6,301.04,104.65
2024-02-01,East,Sports,9,190.92,65.12
2024-02-01,West,Electronics,6,448.81,152.86
2024-02-01,West,Clothing,3,125.28,49.51
2024-02-01,West,Home & Garden,5,217.03,55.07
2024-02-01,West,Sports,7,116.29,31.69
2024-02-02,North,Electronics,4,570.01,239.57
2024-02-02,North,Clothing,5,197.16,76.9
2024-02-02,North,Home & Garden,7,342.1,93.48
2024-02-02,North,Sports,4,187.24,82.17
2024-02-02,South,Electronics,3,234.38,101.26
2024-02-02,South,Clothing,3,165.29,64.21
2024-02-02,South,Home & Garden,7,233.25,69.52
2024-02-02,South,Sports,6,152.65,54.49
2024-02-02,East,Electronics,11,569.27,206.79
2024-02-02,East,Clothing,9,152.03,56.19
2024-02-02,East,Home & Garden,7,248.09,74.5
2024-02-02,East,Sports,10,213.84,77.12
2024-02-02,West,Electronics,0,373.73,165.25
2024-02-02,West,Clothing,11,146.54,55.93
2024-02-02,West,Home & Garden,8,205.72,56.79
2024-02-02,West,Sports,5,125.9,38.86
2024-02-03,North,Electronics,6,884.33,320.94
2024-02-03,North,Clothing,8,261.43,89.8
2024-02-03,North,Home & Garden,13,516.11,197.73
2024-02-03,North,Sports,7,226.97,89.57
2024-02-03,South,Electronics,9,236.87,80.4
2024-02-03,South,Clothing,9,222.35,95.34
2024-02-03,South,Home & Garden,6,246.52,108.33
2024-02-03,South,Sports,6,162.63,71.88
2024-02-03,East,Electronics,5,962.51,285.56
2024-02-03,East,Clothing,13,160.76,56.73
2024-02-03,East,Home & Garden,7,393.57,101.25
2024-02-03,East,Sports,9,223.04,61.12
2024-02-03,West,Electronics,8,617.49,184.45
2024-02-03,West,Clothing,6,222.52,56.31
2024-02-03,West,Home & Garden,5,281.71,101.65
2024-02-03,West,Sports,12,144.08,37.8
2024-02-04,North,Electronics,9,441.68,111.93
2024-02-04,North,Clothing,12,159.09,52.24
2024-02-04,North,Home & Garden,5,483.02,178.72
2024-02-04,North,Sports,8,155.61,54.32
2024-02-04,South,Electronics,14,435.03,120.68
2024-02-04,South,Clothing,8,191.81,49.03
2024-02-04,South,Home & Garden,8,150.09,62.55
2024-02-04,South,Sports,10,144.34,62.16
2024-02-04,East,Electronics,2,472.34,139.39
2024-02-04,East,Clothing,6,310.9,92.53
2024-02-04,East,Home & Garden,13,359.43,120.06
2024-02-04,East,Sports,6,231.03,96.82
2024-02-04,West,Electronics,9,584.23,168.18
2024-02-04,West,Clothing,5,59.56,23.73
2024-02-04,West,Home & Garden,11,456.82,155.89
2024-02-04,West,Sports,11,137.21,39.96
2024-02-05,North,Electronics,5,237.39,76.05
2024-02-05,North,Clothing,10,215.25,92.88
2024-02-05,North,Home & Garden,10,114.75,35.85
2024-02-05,North,Sports,3,102.23,38.1
2024-02-05,South,Electronics,7,237.73,60.22
2024-02-05,South,Clothing,6,105.13,34.77
2024-02-05,South,Home & Garden,5,171.49,44.47
2024-02-05,South,Sports,5,126.45,49.57
2024-02-05,East,Electronics,8,390.56,170.44
2024-02-05,East,Clothing,9,159.37,49.36
2024-02-05,East,Home & Garden,10,286.57,91.0
2024-02-05,East,Sports,7,140.14,46.83
2024-02-05,West,Electronics,5,417.02,172.5
2024-02-05,West,Clothing,7,198.21,84.99
2024-02-05,West,Home & Garden,8,278.97,89.88
2024-02-05,West,Sports,4,137.45,42.84
2024-02-06,North,Electronics,5,384.96,123.22
2024-02-06,North,Clothing,5,195.29,77.83
2024-02-06,North,Home & Garden,9,237.19,59.41
2024-02-06,North,Sports,4,111.64,34.04
2024-02-06,South,Electronics,6,403.86,152.47
2024-02-06,South,Clothing,8,182.59,62.98
2024-02-06,South,Home & Garden,6,197.05,62.84
2024-02-06,South,Sports,6,48.1,15.19
2024-02-06,East,Electronics,6,413.63,110.76
2024-02-06,East,Clothing,7,225.4,67.32
2024-02-06,East,Home & Garden,3,196.29,55.34
2024-02-06,East,Sports,1,156.06,52.35
2024-02-06,West,Electronics,3,346.15,104.87
2024-02-06,West,Clothing,7,199.72,62.86
2024-02-06,West,Home & Garden,7,171.22,51.45
2024-02-06,West,Sports,5,133.97,44.75
2024-02-07,North,Electronics,5,497.25,148.28
2024-02-07,North,Clothing,5,140.01,43.87
2024-02-07,North,Home & Garden,7,360.81,144.16
2024-02-07,North,Sports,8,149.8,39.08
2024-02-07,South,Electronics,3,253.17,108.63
2024-02-07,South,Clothing,5,182.08,78.38
2024-02-07,South,Home & Garden,6,189.66,68.07
2024-02-07,South,Sports,12,137.01,40.26
2024-02-07,East,Electronics,10,453.74,198.08
2024-02-07,East,Clothing,6,228.78,85.78
2024-02-07,East,Home & Garden,6,215.6,57.8
2024-02-07,East,Sports,10,156.97,39.95
2024-02-07,West,Electronics,6,340.36,124.83
2024-02-07,West,Clothing,5,148.03,63.05
2024-02-07,West,Home & Garden,8,283.53,107.09
2024-02-07,West,Sports,12,124.1,53.52
2024-02-08,North,Electronics,9,359.34,161.08
2024-02-08,North,Clothing,4,146.53,53.55
2024-02-08,North,Home & Garden,8,234.06,93.24
2024-02-08,North,Sports,9,188.97,63.65
2024-02-08,South,Electronics,8,517.37,167.47
2024-02-08,South,Clothing,4,129.93,46.86
2024-02-08,South,Home & Garden,6,178.67,45.22
2024-02-08,South,Sports,6,126.56,50.74
2024-02-08,East,Electronics,7,591.75,179.58
2024-02-08,East,Clothing,5,227.13,101.32
2024-02-08,East,Home & Garden,3,196.46,82.13
2024-02-08,East,Sports,5,99.1,29.34
2024-02-08,West,Electronics,10,360.16,104.08
2024-02-08,West,Clothing,5,209.73,70.23
2024-02-08,West,Home & Garden,5,283.37,123.42
2024-02-08,West,Sports,8,123.35,51.63
2024-02-09,North,Electronics,8,442.43,187.37
2024-02-09,North,Clothing,6,200.48,86.58
2024-02-09,North,Home & Garden,5,302.59,122.02
2024-02-09,North,Sports,7,119.78,43.66
2024-02-09,South,Electronics,10,404.71,143.92
2024-02-09,South,Clothing,9,113.72,43.58
2024-02-09,South,Home & Garden,5,201.66,77.71
2024-02-09,South,Sports,7,97.2,34.84
2024-02-09,East,Electronics,4,391.32,131.97
2024-02-09,East,Clothing,4,223.31,61.44
2024-02-09,East,Home & Garden,5,383.07,157.37
2024-02-09,East,Sports,11,112.52,48.08
2024-02-09,West,Electronics,6,458.79,199.34
2024-02-09,West,Clothing,2,184.79,48.67
2024-02-09,West,Home & Garden,6,309.98,109.28
2024-02-09,West,Sports,5,135.93,56.07
2024-02-10,North,Electronics,7,475.16,120.07
2024-02-10,North,Clothing,4,252.57,71.4
2024-02-10,North,Home & Garden,6,607.19,155.43
2024-02-10,North,Sports,5,229.95,71.4
2024-02-10,South,Electronics,7,609.12,225.07
2024-02-10,South,Clothing,7,215.71,75.65
2024-02-10,South,Home & Garden,9,262.96,99.04
2024-02-10,South,Sports,9,106.47,39.85
2024-02-10,East,Electronics,12,689.67,246.38
2024-02-10,East,Clothing,4,312.1,101.77
2024-02-10,East,Home & Garden,8,465.15,181.12
2024-02-10,East,Sports,9,209.26,86.01
2024-02-10,West,Electronics,11,551.23,152.35
2024-02-10,West,Clothing,10,273.16,102.37
2024-02-10,West,Home & Garden,10,346.25,113.01
2024-02-10,West,Sports,8,68.45,30.29
2024-02-11,North,Electronics,7,616.71,197.93
2024-02-11,North,Clothing,8,330.76,114.56
2024-02-11,North,Home & Garden,10,349.77,116.67
2024-02-11,North,Sports,9,149.65,45.15
2024-02-11,South,Electronics,7,495.2,166.89
2024-02-11,South,Clothing,10,229.39,62.74
2024-02-11,South,Home & Garden,6,304.78,115.68
2024-02-11,South,Sports,10,130.88,52.03
2024-02-11,East,Electronics,12,440.09,151.43
2024-02-11,East,Clothing,3,235.89,78.07
2024-02-11,East,Home & Garden,9,420.44,155.08
2024-02-11,East,Sports,7,189.12,64.75
2024-02-11,West,Electronics,12,611.8,251.47
2024-02-11,West,Clothing,10,269.92,101.39
2024-02-11,West,Home & Garden,3,261.28,75.37
2024-02-11,West,Sports,13,179.8,72.8
2024-02-12,North,Electronics,3,509.53,144.17
2024-02-12,North,Clothing,5,148.6,64.63
2024-02-12,North,Home & Garden,8,316.67,107.09
2024-02-12,North,Sports,6,93.17,27.75
2024-02-12,South,Electronics,5,280.67,93.92
2024-02-12,South,Clothing,7,194.55,84.49
2024-02-12,South,Home & Garden,8,240.84,85.71
2024-02-12,South,Sports,4,114.12,42.59
2024-02-12,East,Electronics,6,532.28,200.56
2024-02-12,East,Clothing,6,221.76,61.23
2024-02-12,East,Home & Garden,3,232.25,87.27
2024-02-12,East,Sports,7,173.19,49.95
2024-02-12,West,Electronics,8,453.15,196.18
2024-02-12,West,Clothing,11,233.39,64.65
2024-02-12,West,Home & Garden,4,182.05,71.14
2024-02-12,West,Sports,9,103.84,39.55
2024-02-13,North,Electronics,4,373.44,126.57
2024-02-13,North,Clothing,6,208.3,78.21
2024-02-13,North,Home & Garden,8,304.25,87.69
2024-02-13,North,Sports,10,63.37,27.27
2024-02-13,South,Electronics,6,428.8,126.73
2024-02-13,South,Clothing,4,108.7,41.58
2024-02-13,South,Home & Garden,6,206.27,83.0
2024-02-13,South,Sports,8,145.03,36.47
2024-02-13,East,Electronics,3,286.86,103.29
2024-02-13,East,Clothing,6,158.53,62.3
2024-02-13,East,Home & Garden,5,263.0,79.6
2024-02-13,East,Sports,6,171.75,52.24
2024-02-13,West,Electronics,8,440.8,189.71
2024-02-13,West,Clothing,3,174.2,62.21
2024-02-13,West,Home & Garden,5,321.79,143.98
2024-02-13,West,Sports,9,110.89,28.48
2024-02-14,North,Electronics,5,506.96,176.27
2024-02-14,North,Clothing,8,151.49,64.5
2024-02-14,North,Home & Garden,7,240.56,92.52
2024-02-14,North,Sports,7,89.11,30.61
2024-02-14,South,Electronics,6,282.8,78.85
2024-02-14,South,Clothing,6,87.34,33.68
2024-02-14,South,Home & Garden,8,252.92,88.94
2024-02-14,South,Sports,3,106.56,38.96
2024-02-14,East,Electronics,3,397.67,160.58
2024-02-14,East,Clothing,8,162.37,60.75
2024-02-14,East,Home & Garden,5,303.5,134.17
2024-02-14,East,Sports,6,171.6,72.8
2024-02-14,West,Electronics,7,396.34,133.46
2024-02-14,West,Clothing,4,186.39,55.81
2024-02-14,West,Home & Garden,3,82.85,26.06
2024-02-14,West,Sports,9,81.28,25.84
2024-02-15,North,Electronics,8,284.76,117.09
2024-02-15,North,Clothing,8,169.98,44.3
2024-02-15,North,Home & Garden,7,212.07,87.51
2024-02-15,North,Sports,5,106.11,42.63
2024-02-15,South,Electronics,6,299.87,113.57
2024-02-15,South,Clothing,9,115.87,48.62
2024-02-15,South,Home & Garden,10,149.45,62.75
2024-02-15,South,Sports,4,133.72,47.15
2024-02-15,East,Electronics,10,489.07,143.93
2024-02-15,East,Clothing,3,242.35,101.55
2024-02-15,East,Home & Garden,5,253.59,81.79
2024-02-15,East,Sports,7,103.58,33.06
2024-02-15,West,Electronics,4,247.97,93.9
2024-02-15,West,Clothing,5,197.92,81.09
2024-02-15,West,Home & Garden,2,246.8,98.98
2024-02-15,West,Sports,9,133.77,41.67
2024-02-16,North,Electronics,5,534.27,210.7
2024-02-16,North,Clothing,7,182.65,50.53
2024-02-16,North,Home & Garden,7,362.23,147.14
2024-02-16,North,Sports,9,168.68,65.3
2024-02-16,South,Electronics,7,503.91,202.4
2024-02-16,South,Clothing,8,164.28,57.45
2024-02-16,South,Home & Garden,10,189.67,78.66
2024-02-16,South,Sports,8,69.22,29.59
2024-02-16,East,Electronics,6,412.3,135.1
2024-02-16,East,Clothing,11,120.29,31.34
2024-02-16,East,Home & Garden,5,276.32,76.33
2024-02-16,East,Sports,7,143.09,45.26
2024-02-16,West,Electronics,7,386.65,170.6
2024-02-16,West,Clothing,5,165.75,47.87
2024-02-16,West,Home & Garden,4,220.79,80.36
2024-02-16,West,Sports,6,47.85,20.19
2024-02-17,North,Electronics,8,393.86,164.58
2024-02-17,North,Clothing,8,258.69,114.31
2024-02-17,North,Home & Garden,5,426.13,107.44
2024-02-17,North,Sports,8,142.59,58.64
2024-02-17,South,Electronics,8,549.62,217.81
2024-02-17,South,Clothing,13,148.07,51.93
2024-02-17,South,Home & Garden,13,192.58,51.96
2024-02-17,South,Sports,6,146.31,54.05
2024-02-17,East,Electronics,9,496.9,159.02
2024-02-17,East,Clothing,4,260.59,108.8
2024-02-17,East,Home & Garden,6,403.76,127.62
2024-02-17,East,Sports,10,218.37,94.51
2024-02-17,West,Electronics,9,404.25,144.71
2024-02-17,West,Clothing,4,240.64,97.34
2024-02-17,West,Home & Garden,7,261.03,83.49
2024-02-17,West,Sports,9,140.92,56.17
2024-02-18,North,Electronics,9,247.95,68.4
2024-02-18,North,Clothing,7,208.74,88.16
2024-02-18,North,Home & Garden,11,328.09,142.88
2024-02-18,North,Sports,9,47.21,18.16
2024-02-18,South,Electronics,7,546.67,159.96
2024-02-18,South,Clothing,9,195.0,77.63
2024-02-18,South,Home & Garden,8,280.88,70.83
2024-02-18,South,Sports,8,86.19,30.77
2024-02-18,East,Electronics,11,497.24,142.15
2024-02-18,East,Clothing,5,380.97,158.59
2024-02-18,East,Home & Garden,4,529.15,225.4
2024-02-18,East,Sports,10,216.36,54.51
2024-02-18,West,Electronics,9,390.22,105.21
2024-02-18,West,Clothing,10,234.98,81.61
2024-02-18,West,Home & Garden,10,373.68,163.94
2024-02-18,West,Sports,5,167.92,52.42
2024-02-19,North,Electronics,4,283.05,81.39
2024-02-19,North,Clothing,8,179.05,62.65
2024-02-19,North,Home & Garden,12,175.23,76.98
2024-02-19,North,Sports,8,103.59,29.26
2024-02-19,South,Electronics,10,411.88,182.79
2024-02-19,South,Clothing,6,89.69,32.34
2024-02-19,South,Home & Garden,5,230.27,99.19
2024-02-19,South,Sports,5,106.91,30.79
2024-02-19,East,Electronics,5,507.97,153.82
2024-02-19,East,Clothing,7,157.53,49.21
2024-02-19,East,Home & Garden,7,273.1,101.51
2024-02-19,East,Sports,7,106.88,32.95
2024-02-19,West,Electronics,5,319.78,114.77
2024-02-19,West,Clothing,2,114.11,29.79
2024-02-19,West,Home & Garden,4,111.65,40.67
2024-02-19,West,Sports,2,115.62,30.37
2024-02-20,North,Electronics,2,386.21,97.61
2024-02-20,North,Clothing,5,148.91,66.39
2024-02-20,North,Home & Garden,8,253.54,77.2
2024-02-20,North,Sports,6,101.71,37.36
2024-02-20,South,Electronics,8,390.37,139.39
2024-02-20,South,Clothing,5,134.52,52.38
2024-02-20,South,Home & Garden,5,268.99,110.47
2024-02-20,South,Sports,2,126.07,40.92
2024-02-20,East,Electronics,3,413.73,108.38
2024-02-20,East,Clothing,7,139.34,49.96
2024-02-20,East,Home & Garden,5,358.84,150.68
2024-02-20,East,Sports,10,148.53,58.84
2024-02-20,West,Electronics,5,354.35,142.11
2024-02-20,West,Clothing,6,211.38,91.76
2024-02-20,West,Home & Garden,7,203.71,77.03
2024-02-20,West,Sports,6,134.93,43.85
2024-02-21,North,Electronics,4,469.25,127.28
2024-02-21,North,Clothing,5,182.2,70.51
2024-02-21,North,Home & Garden,3,257.93,94.39
2024-02-21,North,Sports,11,96.3,39.27
2024-02-21,South,Electronics,9,266.38,113.65
2024-02-21,South,Clothing,6,169.16,72.88
2024-02-21,South,Home & Garden,5,222.81,80.29
2024-02-21,South,Sports,11,129.01,52.12
2024-02-21,East,Electronics,6,623.52,181.52
2024-02-21,East,Clothing,7,175.47,54.22
2024-02-21,East,Home & Garden,4,221.34,91.82
2024-02-21,East,Sports,9,139.91,36.41
2024-02-21,West,Electronics,8,398.67,130.8
2024-02-21,West,Clothing,5,146.29,62.74
2024-02-21,West,Home & Garden,10,307.13,126.47
2024-02-21,West,Sports,8,158.23,55.55
2024-02-22,North,Electronics,8,532.68,183.26
2024-02-22,North,Clothing,5,209.22,88.84
2024-02-22,North,Home & Garden,8,312.68,133.19
2024-02-22,North,Sports,5,108.71,28.89
2024-02-22,South,Electronics,8,257.67,75.58
2024-02-22,South,Clothing,6,114.41,35.8
2024-02-22,South,Home & Garden,8,143.35,61.79
2024-02-22,South,Sports,1,100.41,43.8
2024-02-22,East,Electronics,7,427.24,165.2
2024-02-22,East,Clothing,4,163.42,60.22
2024-02-22,East,Home & Garden,3,275.88,107.3
2024-02-22,East,Sports,3,165.57,56.03
2024-02-22,West,Electronics,6,412.94,111.67
2024-02-22,West,Clothing,6,64.77,23.29
2024-02-22,West,Home & Garden,7,264.14,117.57
2024-02-22,West,Sports,9,159.63,51.95
2024-02-23,North,Electronics,6,557.19,248.29
2024-02-23,North,Clothing,5,164.65,62.81
2024-02-23,North,Home & Garden,5,302.94,77.19
2024-02-23,North,Sports,5,215.83,93.91
2024-02-23,South,Electronics,7,405.11,115.17
2024-02-23,South,Clothing,4,144.4,59.17
2024-02-23,South,Home & Garden,4,188.1,61.88
2024-02-23,South,Sports,8,80.37,29.07
2024-02-23,East,Electronics,12,467.02,166.47
2024-02-23,East,Clothing,7,245.38,68.59
2024-02-23,East,Home & Garden,4,188.54,54.2
2024-02-23,East,Sports,7,151.95,64.94
2024-02-23,West,Electronics,6,378.42,138.24
2024-02-23,West,Clothing,8,112.89,48.76
2024-02-23,West,Home & Garden,13,192.77,86.6
2024-02-23,West,Sports,7,126.1,55.54
2024-02-24,North,Electronics,5,625.42,265.13
2024-02-24,North,Clothing,6,312.05,136.43
2024-02-24,North,Home & Garden,5,316.22,115.98
2024-02-24,North,Sports,9,103.15,26.92
2024-02-24,South,Electronics,12,512.11,207.9
2024-02-24,South,Clothing,9,142.93,57.23
2024-02-24,South,Home & Garden,5,346.51,123.45
2024-02-24,South,Sports,9,167.67,42.85
2024-02-24,East,Electronics,2,697.81,273.83
2024-02-24,East,Clothing,12,205.74,75.04
2024-02-24,East,Home & Garden,9,335.7,141.92
2024-02-24,East,Sports,12,188.72,50.4
2024-02-24,West,Electronics,11,553.06,188.92
2024-02-24,West,Clothing,9,171.51,53.94
2024-02-24,West,Home & Garden,9,273.99,86.54
2024-02-24,West,Sports,7,116.01,40.13
2024-02-25,North,Electronics,12,435.9,175.84
2024-02-25,North,Clothing,4,332.42,83.37
2024-02-25,North,Home & Garden,8,344.11,152.46
2024-02-25,North,Sports,11,114.29,41.16
2024-02-25,South,Electronics,8,366.91,150.18
2024-02-25,South,Clothing,6,181.28,61.31
2024-02-25,South,Home & Garden,6,219.87,84.63
2024-02-25,South,Sports,4,159.96,46.13
2024-02-25,East,Electronics,5,684.21,249.32
2024-02-25,East,Clothing,7,176.18,59.08
2024-02-25,East,Home & Garden,9,269.53,73.36
2024-02-25,East,Sports,12,151.87,57.53
2024-02-25,West,Electronics,7,411.75,136.64
2024-02-25,West,Clothing,6,179.14,76.89
2024-02-25,West,Home & Garden,8,214.93,67.86
2024-02-25,West,Sports,8,173.54,68.96
2024-02-26,North,Electronics,6,207.92,57.89
2024-02-26,North,Clothing,7,234.93,63.63
2024-02-26,North,Home & Garden,5,231.25,92.12
2024-02-26,North,Sports,7,188.57,77.2
2024-02-26,South,Electronics,7,459.51,115.54
2024-02-26,South,Clothing,4,132.71,50.99
2024-02-26,South,Home & Garden,6,136.89,45.61
2024-02-26,South,Sports,6,89.95,27.3
2024-02-26,East,Electronics,4,503.41,157.08
2024-02-26,East,Clothing,3,217.8,72.99
2024-02-26,East,Home & Garden,5,296.04,99.73
2024-02-26,East,Sports,5,229.38,60.8
2024-02-26,West,Electronics,4,287.39,82.74
2024-02-26,West,Clothing,8,100.51,45.03
2024-02-26,West,Home & Garden,10,215.1,72.97
2024-02-26,West,Sports,9,94.81,31.84
2024-02-27,North,Electronics,6,378.75,96.2
2024-02-27,North,Clothing,6,177.44,48.14
2024-02-27,North,Home & Garden,10,160.29,45.71
2024-02-27,North,Sports,2,101.23,39.02
2024-02-27,South,Electronics,5,447.1,151.41
2024-02-27,South,Clothing,5,158.36,52.37
2024-02-27,South,Home & Garden,10,195.24,60.66
2024-02-27,South,Sports,7,102.44,40.03
2024-02-27,East,Electronics,9,328.25,109.75
2024-02-27,East,Clothing,5,194.71,77.75
2024-02-27,East,Home & Garden,6,197.42,49.47
2024-02-27,East,Sports,7,175.65,49.32
2024-02-27,West,Electronics,5,315.95,117.08
2024-02-27,West,Clothing,6,187.49,62.79
2024-02-27,West,Home & Garden,8,197.09,87.49
2024-02-27,West,Sports,10,99.17,37.92
2024-02-28,North,Electronics,7,216.19,94.21
2024-02-28,North,Clothing,7,160.05,53.57
2024-02-28,North,Home & Garden,5,221.86,68.01
2024-02-28,North,Sports,14,167.02,43.03
2024-02-28,South,Electronics,9,519.79,183.87
2024-02-28,South,Clothing,8,90.75,33.41
2024-02-28,South,Home & Garden,4,325.45,85.75
2024-02-28,South,Sports,11,163.62,64.28
2024-02-28,East,Electronics,2,562.58,230.67
2024-02-28,East,Clothing,3,170.71,62.16
2024-02-28,East,Home & Garden,4,220.69,57.21
2024-02-28,East,Sports,6,135.97,41.1
2024-02-28,West,Electronics,9,408.37,136.15
2024-02-28,West,Clothing,4,168.62,64.77
2024-02-28,West,Home & Garden,5,292.44,78.99
2024-02-28,West,Sports,10,122.35,54.6
2024-02-29,North,Electronics,9,439.01,170.54
2024-02-29,North,Clothing,4,134.31,51.65
2024-02-29,North,Home & Garden,7,220.37,86.1
2024-02-29,North,Sports,5,115.01,42.99
2024-02-29,South,Electronics,3,276.46,101.3
2024-02-29,South,Clothing,9,188.76,64.22
2024-02-29,South,Home & Garden,11,343.94,137.41
2024-02-29,South,Sports,6,145.68,49.38
2024-02-29,East,Electronics,8,654.01,250.13
2024-02-29,East,Clothing,10,131.03,41.3
2024-02-29,East,Home & Garden,8,374.77,102.95
2024-02-29,East,Sports,5,149.24,46.66
2024-02-29,West,Electronics,9,528.28,232.44
2024-02-29,West,Clothing,6,163.12,73.02
2024-02-29,West,Home & Garden,11,280.3,125.68
2024-02-29,West,Sports,3,68.55,21.43
2024-03-01,North,Electronics,6,620.62,259.75
2024-03-01,North,Clothing,6,122.84,42.31
2024-03-01,North,Home & Garden,12,396.6,154.87
2024-03-01,North,Sports,3,166.37,51.07
2024-03-01,South,Electronics,8,380.61,156.89
2024-03-01,South,Clothing,7,119.34,36.14
2024-03-01,South,Home & Garden,14,362.17,154.85
2024-03-01,South,Sports,6,133.09,57.24
2024-03-01,East,Electronics,6,603.38,156.15
2024-03-01,East,Clothing,9,103.35,43.19
2024-03-01,East,Home & Garden,8,517.04,169.55
2024-03-01,East,Sports,8,288.22,75.89
2024-03-01,West,Electronics,7,626.99,238.51
2024-03-01,West,Clothing,4,179.83,64.01
2024-03-01,West,Home & Garden,9,404.27,154.41
2024-03-01,West,Sports,7,199.35,74.55
2024-03-02,North,Electronics,13,938.49,380.82
2024-03-02,North,Clothing,8,219.24,92.32
2024-03-02,North,Home & Garden,9,373.99,109.13
2024-03-02,North,Sports,10,240.7,72.74
2024-03-02,South,Electronics,9,367.16,140.02
2024-03-02,South,Clothing,8,196.1,87.49
2024-03-02,South,Home & Garden,10,297.4,89.98
2024-03-02,South,Sports,12,197.7,53.24
2024-03-02,East,Electronics,7,862.16,375.64
2024-03-02,East,Clothing,9,375.01,139.77
2024-03-02,East,Home & Garden,15,579.33,216.04
2024-03-02,East,Sports,7,134.93,57.87
2024-03-02,West,Electronics,10,447.92,189.72
2024-03-02,West,Clothing,9,322.3,94.6
2024-03-02,West,Home & Garden,7,627.79,262.18
2024-03-02,West,Sports,8,235.7,81.58
2024-03-03,North,Electronics,7,830.7,238.04
2024-03-03,North,Clothing,11,292.52,116.27
2024-03-03,North,Home & Garden,13,505.36,156.86
2024-03-03,North,Sports,9,162.53,60.2
2024-03-03,South,Electronics,9,673.29,299.75
2024-03-03,South,Clothing,8,240.3,81.51
2024-03-03,South,Home & Garden,8,196.08,55.47
2024-03-03,South,Sports,19,157.65,58.54
2024-03-03,East,Electronics,11,732.74,220.77
2024-03-03,East,Clothing,11,401.63,118.02
2024-03-03,East,Home & Garden,14,549.82,228.44
2024-03-03,East,Sports,9,179.93,74.2
2024-03-03,West,Electronics,7,581.49,203.65
2024-03-03,West,Clothing,7,300.69,125.1
2024-03-03,West,Home & Garden,10,481.5,145.8
2024-03-03,West,Sports,14,232.0,95.76
2024-03-04,North,Electronics,7,522.21,231.55
2024-03-04,North,Clothing,8,310.9,133.28
2024-03-04,North,Home & Garden,7,460.01,117.68
2024-03-04,North,Sports,10,163.03,47.48
2024-03-04,South,Electronics,10,697.66,243.88
2024-03-04,South,Clothing,3,87.2,34.63
2024-03-04,South,Home & Garden,14,452.95,128.79
2024-03-04,South,Sports,11,152.55,53.57
2024-03-04,East,Electronics,8,581.77,158.24
2024-03-04,East,Clothing,11,327.52,114.39
2024-03-04,East,Home & Garden,6,377.41,158.14
2024-03-04,East,Sports,7,182.69,48.93
2024-03-04,West,Electronics,5,431.35,161.99
2024-03-04,West,Clothing,10,158.23,61.84
2024-03-04,West,Home & Garden,8,266.35,99.99
2024-03-04,West,Sports,5,158.78,66.1
2024-03-05,North,Electronics,4,412.51,162.71
2024-03-05,North,Clothing,11,340.65,153.08
2024-03-05,North,Home & Garden,6,276.32,87.8
2024-03-05,North,Sports,8,151.53,60.57
2024-03-05,South,Electronics,11,398.38,119.54
2024-03-05,South,Clothing,5,134.21,55.39
2024-03-05,South,Home & Garden,10,356.78,102.34
2024-03-05,South,Sports,10,133.07,51.02
2024-03-05,East,Electronics,11,658.32,295.33
2024-03-05,East,Clothing,4,169.57,45.47
2024-03-05,East,Home & Garden,8,387.07,130.62
2024-03-05,East,Sports,7,214.54,96.5
2024-03-05,West,Electronics,9,478.17,159.4
2024-03-05,West,Clothing,12,268.01,109.74
2024-03-05,West,Home & Garden,10,250.17,101.51
2024-03-05,West,Sports,8,146.75,37.51
2024-03-06,North,Electronics,7,575.23,254.74
2024-03-06,North,Clothing,6,222.46,66.55
2024-03-06,North,Home & Garden,10,356.79,159.52
2024-03-06,North,Sports,7,188.95,61.41
2024-03-06,South,Electronics,8,526.28,212.71
2024-03-06,South,Clothing,10,210.07,73.6
2024-03-06,South,Home & Garden,4,354.76,105.53
2024-03-06,South,Sports,12,39.94,12.94
2024-03-06,East,Electronics,8,560.94,234.51
2024-03-06,East,Clothing,6,262.24,111.78
2024-03-06,East,Home & Garden,9,437.84,149.25
2024-03-06,East,Sports,11,186.74,52.98
2024-03-06,West,Electronics,8,544.13,168.78
2024-03-06,West,Clothing,4,113.69,37.79
2024-03-06,West,Home & Garden,8,381.05,147.84
2024-03-06,West,Sports,10,150.15,55.27
2024-03-07,North,Electronics,5,641.28,270.15
2024-03-07,North,Clothing,6,209.25,79.14
2024-03-07,North,Home & Garden,9,402.52,142.66
2024-03-07,North,Sports,6,125.96,51.65
2024-03-07,South,Electronics,8,394.4,157.76
2024-03-07,South,Clothing,9,113.31,29.97
2024-03-07,South,Home & Garden,7,150.65,64.77
2024-03-07,South,Sports,6,236.01,67.57
2024-03-07,East,Electronics,13,789.49,219.15
2024-03-07,East,Clothing,10,140.17,42.18
2024-03-07,East,Home & Garden,7,558.58,221.28
2024-03-07,East,Sports,10,183.58,67.26
2024-03-07,West,Electronics,9,334.86,145.13
2024-03-07,West,Clothing,12,212.53,65.2
2024-03-07,West,Home & Garden,10,421.19,145.4
2024-03-07,West,Sports,13,113.82,34.97
2024-03-08,North,Electronics,6,309.17,136.07
2024-03-08,North,Clothing,6,189.71,76.44
2024-03-08,North,Home & Garden,5,355.66,158.17
2024-03-08,North,Sports,9,123.56,47.52
2024-03-08,South,Electronics,12,675.01,183.32
2024-03-08,South,Clothing,6,144.78,55.58
2024-03-08,South,Home & Garden,10,278.84,101.2
2024-03-08,South,Sports,9,106.09,27.41
2024-03-08,East,Electronics,11,575.99,146.71
2024-03-08,East,Clothing,9,225.4,61.05
2024-03-08,East,Home & Garden,10,326.12,133.16
2024-03-08,East,Sports,12,194.22,67.54
2024-03-08,West,Electronics,12,476.96,179.5
2024-03-08,West,Clothing,11,189.71,51.55
2024-03-08,West,Home & Garden,10,333.25,91.17
2024-03-08,West,Sports,3,156.83,62.88
2024-03-09,North,Electronics,16,611.64,250.21
2024-03-09,North,Clothing,7,307.1,90.79
2024-03-09,North,Home & Garden,7,459.81,163.15
2024-03-09,North,Sports,18,265.11,80.51
2024-03-09,South,Electronics,10,324.76,94.26
2024-03-09,South,Clothing,8,202.82,88.5
2024-03-09,South,Home & Garden,19,364.83,111.1
2024-03-09,South,Sports,9,184.05,66.51
2024-03-09,East,Electronics,12,816.67,259.35
2024-03-09,East,Clothing,6,245.61,96.42
2024-03-09,East,Home & Garden,12,364.37,126.87
2024-03-09,East,Sports,15,197.45,73.27
2024-03-09,West,Electronics,7,528.06,199.17
2024-03-09,West,Clothing,14,119.47,39.17
2024-03-09,West,Home & Garden,13,272.14,110.23
2024-03-09,West,Sports,7,167.41,49.31
2024-03-10,North,Electronics,10,742.26,203.8
2024-03-10,North,Clothing,15,175.07,78.24
2024-03-10,North,Home & Garden,11,634.14,265.82
2024-03-10,North,Sports,12,143.46,43.02
2024-03-10,South,Electronics,12,770.25,224.1
2024-03-10,South,Clothing,12,177.19,67.21
2024-03-10,South,Home & Garden,10,570.85,207.37
2024-03-10,South,Sports,7,155.68,69.88
2024-03-10,East,Electronics,13,984.4,254.16
2024-03-10,East,Clothing,12,246.62,106.79
2024-03-10,East,Home & Garden,13,359.5,102.86
2024-03-10,East,Sports,6,309.37,118.13
2024-03-10,West,Electronics,13,366.48,139.17
2024-03-10,West,Clothing,14,191.4,50.06
2024-03-10,West,Home & Garden,13,304.01,97.63
2024-03-10,West,Sports,13,124.67,35.33
2024-03-11,North,Electronics,7,637.8,198.04
2024-03-11,North,Clothing,6,313.37,118.24
2024-03-11,North,Home & Garden,14,333.81,116.77
2024-03-11,North,Sports,11,95.28,33.22
2024-03-11,South,Electronics,8,196.22,51.72
2024-03-11,South,Clothing,6,199.4,78.38
2024-03-11,South,Home & Garden,4,240.55,93.22
2024-03-11,South,Sports,10,170.37,54.47
2024-03-11,East,Electronics,7,632.81,243.65
2024-03-11,East,Clothing,8,229.99,93.89
2024-03-11,East,Home & Garden,4,327.92,106.75
2024-03-11,East,Sports,7,245.94,61.5
2024-03-11,West,Electronics,9,563.66,198.93
2024-03-11,West,Clothing,7,169.2,44.11
2024-03-11,West,Home & Garden,12,358.52,158.25
2024-03-11,West,Sports,13,105.97,35.15
2024-03-12,North,Electronics,16,504.84,135.61
2024-03-12,North,Clothing,6,212.53,84.04
2024-03-12,North,Home & Garden,11,399.98,149.08
2024-03-12,North,Sports,3,191.74,61.18
2024-03-12,South,Electronics,7,572.52,247.21
2024-03-12,South,Clothing,7,104.23,40.65
2024-03-12,South,Home & Garden,10,106.22,38.23
2024-03-12,South,Sports,11,162.76,44.76
2024-03-12,East,Electronics,8,501.59,182.21
2024-03-12,East,Clothing,10,316.16,96.59
2024-03-12,East,Home & Garden,10,329.1,83.2
2024-03-12,East,Sports,7,231.4,64.22
2024-03-12,West,Electronics,11,300.94,103.29
2024-03-12,West,Clothing,5,265.97,69.49
2024-03-12,West,Home & Garden,11,327.01,103.52
2024-03-12,West,Sports,6,155.93,61.9
2024-03-13,North,Electronics,10,483.08,180.31
2024-03-13,North,Clothing,6,271.9,86.03
2024-03-13,North,Home & Garden,9,192.63,56.02
2024-03-13,North,Sports,8,82.43,33.29
2024-03-13,South,Electronics,11,441.32,114.53
2024-03-13,South,Clothing,5,183.95,60.25
2024-03-13,South,Home & Garden,7,383.2,163.72
2024-03-13,South,Sports,7,119.61,30.72
2024-03-13,East,Electronics,6,489.34,175.37
2024-03-13,East,Clothing,6,122.98,54.77
2024-03-13,East,Home & Garden,8,399.37,151.27
2024-03-13,East,Sports,8,146.23,41.33
2024-03-13,West,Electronics,7,406.16,111.97
2024-03-13,West,Clothing,7,225.72,89.21
2024-03-13,West,Home & Garden,9,397.0,120.77
2024-03-13,West,Sports,13,165.82,60.51
2024-03-14,North,Electronics,7,630.56,262.34
2024-03-14,North,Clothing,11,298.36,84.16
2024-03-14,North,Home & Garden,6,224.61,82.39
2024-03-14,North,Sports,11,180.43,56.88
2024-03-14,South,Electronics,12,448.65,162.06
2024-03-14,South,Clothing,7,169.22,75.3
2024-03-14,South,Home & Garden,6,281.48,91.36
2024-03-14,South,Sports,5,133.81,37.26
2024-03-14,East,Electronics,10,465.51,172.16
2024-03-14,East,Clothing,9,274.41,108.62
2024-03-14,East,Home & Garden,7,390.68,129.06
2024-03-14,East,Sports,9,213.47,86.83
2024-03-14,West,Electronics,8,514.9,191.24
2024-03-14,West,Clothing,13,163.55,42.42
2024-03-14,West,Home & Garden,13,342.82,154.0
2024-03-14,West,Sports,6,119.46,35.09
2024-03-15,North,Electronics,10,606.53,177.78
2024-03-15,North,Clothing,9,166.46,53.06
2024-03-15,North,Home & Garden,7,421.16,113.41
2024-03-15,North,Sports,5,149.43,66.12
2024-03-15,South,Electronics,3,257.71,76.77
2024-03-15,South,Clothing,13,197.63,56.48
2024-03-15,South,Home & Garden,4,382.33,109.75
2024-03-15,South,Sports,9,118.93,33.1
2024-03-15,East,Electronics,6,693.39,279.72
2024-03-15,East,Clothing,6,279.13,116.44
2024-03-15,East,Home & Garden,7,361.39,121.37
2024-03-15,East,Sports,8,107.91,37.87
2024-03-15,West,Electronics,10,462.54,170.88
2024-03-15,West,Clothing,6,161.83,54.3
2024-03-15,West,Home & Garden,5,155.58,60.47
2024-03-15,West,Sports,12,206.01,92.48
2024-03-16,North,Electronics,14,730.57,297.25
2024-03-16,North,Clothing,9,213.94,61.61
2024-03-16,North,Home & Garden,6,637.19,255.04
2024-03-16,North,Sports,10,219.45,87.47
2024-03-16,South,Electronics,8,543.67,185.33
2024-03-16,South,Clothing,14,209.27,81.78
2024-03-16,South,Home & Garden,13,502.37,138.57
2024-03-16,South,Sports,15,197.21,71.79
2024-03-16,East,Electronics,7,994.27,274.01
2024-03-16,East,Clothing,7,350.13,148.27
2024-03-16,East,Home & Garden,9,329.53,82.83
2024-03-16,East,Sports,13,211.5,93.9
2024-03-16,West,Electronics,10,571.06,231.67
2024-03-16,West,Clothing,13,218.83,58.11
2024-03-16,West,Home & Garden,8,313.61,82.42
2024-03-16,West,Sports,7,289.04,103.82
2024-03-17,North,Electronics,16,824.51,354.53
2024-03-17,North,Clothing,11,334.57,144.31
2024-03-17,North,Home & Garden,14,528.63,134.96
2024-03-17,North,Sports,11,226.56,77.85
2024-03-17,South,Electronics,6,757.13,337.55
2024-03-17,South,Clothing,12,200.26,50.59
2024-03-17,South,Home & Garden,10,206.02,57.43
2024-03-17,South,Sports,10,131.53,54.72
2024-03-17,East,Electronics,8,722.8,267.73
2024-03-17,East,Clothing,12,277.26,117.9
2024-03-17,East,Home & Garden,8,220.29,59.67
2024-03-17,East,Sports,12,233.4,101.99
2024-03-17,West,Electronics,10,924.08,413.8
2024-03-17,West,Clothing,16,215.14,88.07
2024-03-17,West,Home & Garden,7,422.94,107.48
2024-03-17,West,Sports,10,212.45,66.29
2024-03-18,North,Electronics,6,442.5,191.09
2024-03-18,North,Clothing,10,226.67,99.77
2024-03-18,North,Home & Garden,12,402.85,160.51
2024-03-18,North,Sports,8,186.31,66.41
2024-03-18,South,Electronics,2,372.06,138.28
2024-03-18,South,Clothing,6,160.42,41.39
2024-03-18,South,Home & Garden,9,295.57,75.12
2024-03-18,South,Sports,8,129.38,56.39
2024-03-18,East,Electronics,9,815.05,243.37
2024-03-18,East,Clothing,12,128.42,47.62
2024-03-18,East,Home & Garden,14,315.13,120.92
2024-03-18,East,Sports,10,145.67,64.85
2024-03-18,West,Electronics,4,556.37,180.55
2024-03-18,West,Clothing,8,273.63,113.44
2024-03-18,West,Home & Garden,10,327.91,140.28
2024-03-18,West,Sports,11,171.45,43.76
2024-03-19,North,Electronics,8,626.43,238.33
2024-03-19,North,Clothing,10,207.54,92.77
2024-03-19,North,Home & Garden,6,298.98,129.9
2024-03-19,North,Sports,8,141.86,42.47
2024-03-19,South,Electronics,6,218.34,71.81
2024-03-19,South,Clothing,6,215.93,66.33
2024-03-19,South,Home & Garden,9,327.86,128.33
2024-03-19,South,Sports,6,186.46,50.41
2024-03-19,East,Electronics,10,326.13,141.85
2024-03-19,East,Clothing,6,300.14,102.03
2024-03-19,East,Home & Garden,9,426.13,187.24
2024-03-19,East,Sports,4,114.2,49.0
2024-03-19,West,Electronics,13,640.43,283.15
2024-03-19,West,Clothing,8,233.85,70.58
2024-03-19,West,Home & Garden,9,423.81,189.74
2024-03-19,West,Sports,9,186.6,48.73
2024-03-20,North,Electronics,11,308.72,125.61
2024-03-20,North,Clothing,4,275.55,70.58
2024-03-20,North,Home & Garden,11,351.36,144.88
2024-03-20,North,Sports,9,121.04,35.34
2024-03-20,South,Electronics,8,553.84,211.86
2024-03-20,South,Clothing,6,198.27,55.88
2024-03-20,South,Home & Garden,9,261.45,91.47
2024-03-20,South,Sports,13,116.4,48.74
2024-03-20,East,Electronics,6,367.86,149.55
2024-03-20,East,Clothing,8,252.24,84.59
2024-03-20,East,Home & Garden,11,306.83,83.67
2024-03-20,East,Sports,10,236.03,100.49
2024-03-20,West,Electronics,8,500.44,202.54
2024-03-20,West,Clothing,9,188.99,79.88
2024-03-20,West,Home & Garden,8,462.41,199.92
2024-03-20,West,Sports,7,189.55,76.72
2024-03-21,North,Electronics,6,631.36,187.45
2024-03-21,North,Clothing,8,251.32,102.97
2024-03-21,North,Home & Garden,9,296.71,83.54
2024-03-21,North,Sports,4,198.91,89.46
2024-03-21,South,Electronics,4,315.09,105.23
2024-03-21,South,Clothing,7,200.15,79.79
2024-03-21,South,Home & Garden,13,285.11,114.12
2024-03-21,South,Sports,10,106.44,45.31
2024-03-21,East,Electronics,8,342.16,135.94
2024-03-21,East,Clothing,9,302.82,94.15
2024-03-21,East,Home & Garden,12,517.21,205.74
2024-03-21,East,Sports,5,87.31,28.28
2024-03-21,West,Electronics,9,581.33,254.14
2024-03-21,West,Clothing,13,221.3,90.55
2024-03-21,West,Home & Garden,7,339.45,116.14
2024-03-21,West,Sports,10,159.15,69.33
2024-03-22,North,Electronics,8,573.89,212.63
2024-03-22,North,Clothing,12,173.21,72.72
2024-03-22,North,Home & Garden,9,326.98,136.18
2024-03-22,North,Sports,5,118.39,36.42
2024-03-22,South,Electronics,11,460.32,191.25
2024-03-22,South,Clothing,11,149.75,64.65
2024-03-22,South,Home & Garden,3,222.24,97.59
2024-03-22,South,Sports,9,153.41,45.66
2024-03-22,East,Electronics,9,922.67,244.61
2024-03-22,East,Clothing,8,286.22,72.47
2024-03-22,East,Home & Garden,11,170.77,53.07
2024-03-22,East,Sports,7,149.69,49.62
2024-03-22,West,Electronics,1,465.05,135.58
2024-03-22,West,Clothing,8,193.64,57.53
2024-03-22,West,Home & Garden,5,295.34,94.12
2024-03-22,West,Sports,8,141.08,55.63
2024-03-23,North,Electronics,7,721.11,198.04
2024-03-23,North,Clothing,11,224.89,91.85
2024-03-23,North,Home & Garden,10,482.9,185.02
2024-03-23,North,Sports,18,279.5,103.38
2024-03-23,South,Electronics,9,807.2,268.81
2024-03-23,South,Clothing,12,240.82,65.89
2024-03-23,South,Home & Garden,18,292.99,95.32
2024-03-23,South,Sports,12,166.7,68.17
2024-03-23,East,Electronics,11,923.67,394.6
2024-03-23,East,Clothing,5,360.27,139.72
2024-03-23,East,Home & Garden,9,495.33,173.98
2024-03-23,East,Sports,8,357.83,100.35
2024-03-23,West,Electronics,11,694.28,203.24
2024-03-23,West,Clothing,15,326.98,83.86
2024-03-23,West,Home & Garden,9,389.94,171.11
2024-03-23,West,Sports,10,253.34,103.19
2024-03-24,North,Electronics,10,834.66,302.06
2024-03-24,North,Clothing,11,277.98,80.58
2024-03-24,North,Home & Garden,11,570.16,181.54
2024-03-24,North,Sports,13,203.85,89.43
2024-03-24,South,Electronics,8,507.07,226.32
2024-03-24,South,Clothing,13,186.07,72.2
2024-03-24,South,Home & Garden,15,220.23,79.53
2024-03-24,South,Sports,14,181.92,71.23
2024-03-24,East,Electronics,14,1108.71,485.45
2024-03-24,East,Clothing,8,261.59,79.49
2024-03-24,East,Home & Garden,14,312.1,79.13
2024-03-24,East,Sports,12,270.94,120.02
2024-03-24,West,Electronics,7,735.81,317.39
2024-03-24,West,Clothing,16,210.05,56.37
2024-03-24,West,Home & Garden,16,347.52,151.17
2024-03-24,West,Sports,6,193.4,50.66
2024-03-25,North,Electronics,3,655.0,170.61
2024-03-25,North,Clothing,6,242.04,81.54
2024-03-25,North,Home & Garden,12,440.34,194.63
2024-03-25,North,Sports,6,196.64,86.82
2024-03-25,South,Electronics,14,498.0,124.61
2024-03-25,South,Clothing,4,269.45,77.02
2024-03-25,South,Home & Garden,11,328.61,112.1
2024-03-25,South,Sports,11,112.84,43.04
2024-03-25,East,Electronics,6,411.09,157.88
2024-03-25,East,Clothing,10,215.75,87.46
2024-03-25,East,Home & Garden,8,279.75,122.17
2024-03-25,East,Sports,3,182.52,61.51
2024-03-25,West,Electronics,7,381.89,104.22
2024-03-25,West,Clothing,5,232.29,70.77
2024-03-25,West,Home & Garden,4,310.76,118.05
2024-03-25,West,Sports,4,171.58,72.4
2024-03-26,North,Electronics,5,873.0,294.79
2024-03-26,North,Clothing,11,272.24,120.01
2024-03-26,North,Home & Garden,13,324.78,123.73
2024-03-26,North,Sports,3,161.76,46.1
2024-03-26,South,Electronics,8,546.18,195.25
2024-03-26,South,Clothing,12,180.42,71.43
2024-03-26,South,Home & Garden,9,264.13,111.02
2024-03-26,South,Sports,10,115.32,47.02
2024-03-26,East,Electronics,6,533.22,177.97
2024-03-26,East,Clothing,7,224.56,74.04
2024-03-26,East,Home & Garden,11,270.55,105.97
2024-03-26,East,Sports,4,231.88,89.33
2024-03-26,West,Electronics,11,392.52,140.56
2024-03-26,West,Clothing,7,264.98,83.12
2024-03-26,West,Home & Garden,7,362.14,140.42
2024-03-26,West,Sports,9,79.97,31.05
2024-03-27,North,Electronics,9,642.45,196.0
2024-03-27,North,Clothing,6,321.38,120.69
2024-03-27,North,Home & Garden,6,413.29,134.8
2024-03-27,North,Sports,10,102.52,39.81
2024-03-27,South,Electronics,6,314.05,130.23
2024-03-27,South,Clothing,3,198.54,50.11
2024-03-27,South,Home & Garden,8,188.31,83.34
2024-03-27,South,Sports,11,183.2,53.24
2024-03-27,East,Electronics,8,778.32,229.05
2024-03-27,East,Clothing,13,200.1,54.29
2024-03-27,East,Home & Garden,6,333.48,125.98
2024-03-27,East,Sports,9,125.15,47.96
2024-03-27,West,Electronics,5,442.45,144.53
2024-03-27,West,Clothing,9,198.6,71.68
2024-03-27,West,Home & Garden,7,236.21,100.58
2024-03-27,West,Sports,11,204.55,54.09
2024-03-28,North,Electronics,9,429.99,114.79
2024-03-28,North,Clothing,9,169.39,46.62
2024-03-28,North,Home & Garden,9,386.49,159.32
2024-03-28,North,Sports,6,120.58,44.5
2024-03-28,South,Electronics,8,285.34,110.45
2024-03-28,South,Clothing,7,162.9,72.61
2024-03-28,South,Home & Garden,8,240.63,98.74
2024-03-28,South,Sports,4,85.12,26.66
2024-03-28,East,Electronics,8,538.14,238.55
2024-03-28,East,Clothing,7,152.71,41.45
2024-03-28,East,Home & Garden,15,472.93,189.96
2024-03-28,East,Sports,4,236.32,87.72
2024-03-28,West,Electronics,9,407.35,175.98
2024-03-28,West,Clothing,13,240.39,60.87
2024-03-28,West,Home & Garden,5,369.79,96.38
2024-03-28,West,Sports,8,125.22,42.33
2024-03-29,North,Electronics,5,496.31,145.21
2024-03-29,North,Clothing,9,293.2,120.91
2024-03-29,North,Home & Garden,10,278.29,88.67
2024-03-29,North,Sports,7,118.39,46.72
2024-03-29,South,Electronics,6,358.46,126.78
2024-03-29,South,Clothing,7,145.37,48.89
2024-03-29,South,Home & Garden,10,308.29,122.56
2024-03-29,South,Sports,7,157.43,46.84
2024-03-29,East,Electronics,8,612.43,242.34
2024-03-29,East,Clothing,3,268.4,104.0
2024-03-29,East,Home & Garden,6,389.76,99.49
2024-03-29,East,Sports,5,125.58,44.74
2024-03-29,West,Electronics,11,372.04,135.7
2024-03-29,West,Clothing,6,185.72,46.99
2024-03-29,West,Home & Garden,7,278.94,76.16
2024-03-29,West,Sports,11,130.15,45.14
2024-03-30,North,Electronics,18,949.13,338.61
2024-03-30,North,Clothing,12,202.24,80.76
2024-03-30,North,Home & Garden,12,454.58,128.2
2024-03-30,North,Sports,11,246.03,81.35
2024-03-30,South,Electronics,14,533.14,150.54
2024-03-30,South,Clothing,10,202.09,53.68
2024-03-30,South,Home & Garden,6,400.43,109.07
2024-03-30,South,Sports,10,156.42,45.22
2024-03-30,East,Electronics,10,836.06,368.23
2024-03-30,East,Clothing,8,324.47,109.8
2024-03-30,East,Home & Garden,15,263.04,66.8
2024-03-30,East,Sports,11,300.04,94.27
2024-03-30,West,Electronics,14,584.43,230.4
2024-03-30,West,Clothing,5,357.76,143.91
2024-03-30,West,Home & Garden,12,497.78,183.99
2024-03-30,West,Sports,12,74.26,29.36
2024-03-31,North,Electronics,16,840.43,290.72
2024-03-31,North,Clothing,7,294.96,87.58
2024-03-31,North,Home & Garden,7,446.65,171.32
2024-03-31,North,Sports,6,226.55,90.24
2024-03-31,South,Electronics,5,492.28,163.12
2024-03-31,South,Clothing,7,212.94,59.11
2024-03-31,South,Home & Garden,10,421.85,126.52
2024-03-31,South,Sports,5,169.05,54.03
2024-03-31,East,Electronics,16,1066.91,352.85
2024-03-31,East,Clothing,8,306.84,121.79
2024-03-31,East,Home & Garden,8,504.12,205.0
2024-03-31,East,Sports,11,214.17,68.22
2024-03-31,West,Electronics,8,621.01,184.02
2024-03-31,West,Clothing,8,202.7,69.97
2024-03-31,West,Home & Garden,5,426.78,163.21
2024-03-31,West,Sports,5,144.67,38.73
2024-04-01,North,Electronics,16,764.14,260.48
2024-04-01,North,Clothing,7,162.65,54.88
2024-04-01,North,Home & Garden,6,373.07,127.5
2024-04-01,North,Sports,15,142.59,48.12
2024-04-01,South,Electronics,7,531.44,232.42
2024-04-01,South,Clothing,9,154.24,49.14
2024-04-01,South,Home & Garden,7,167.2,51.66
2024-04-01,South,Sports,8,69.13,19.04
2024-04-01,East,Electronics,7,422.13,129.8
2024-04-01,East,Clothing,6,220.52,65.09
2024-04-01,East,Home & Garden,5,326.9,124.41
2024-04-01,East,Sports,8,214.48,61.63
2024-04-01,West,Electronics,12,556.26,143.65
2024-04-01,West,Clothing,5,170.52,68.21
2024-04-01,West,Home & Garden,6,442.64,199.04
2024-04-01,West,Sports,8,145.94,50.79
2024-04-02,North,Electronics,7,613.68,153.97
2024-04-02,North,Clothing,9,193.0,70.19
2024-04-02,North,Home & Garden,9,321.4,121.61
2024-04-02,North,Sports,10,218.12,68.08
2024-04-02,South,Electronics,3,369.17,108.52
2024-04-02,South,Clothing,5,215.26,68.89
2024-04-02,South,Home & Garden,4,414.13,153.63
2024-04-02,South,Sports,7,123.64,51.97
2024-04-02,East,Electronics,8,607.96,259.7
2024-04-02,East,Clothing,9,228.15,59.54
2024-04-02,East,Home & Garden,6,337.76,123.07
2024-04-02,East,Sports,20,129.16,40.74
2024-04-02,West,Electronics,8,516.7,146.37
2024-04-02,West,Clothing,6,233.78,102.77
2024-04-02,West,Home & Garden,4,294.13,96.32
2024-04-02,West,Sports,14,130.67,56.2
2024-04-03,North,Electronics,6,732.81,203.92
2024-04-03,North,Clothing,10,187.58,69.4
2024-04-03,North,Home & Garden,9,329.31,99.43
2024-04-03,North,Sports,9,205.25,83.54
2024-04-03,South,Electronics,6,509.08,187.15
2024-04-03,South,Clothing,4,72.52,27.87
2024-04-03,South,Home & Garden,7,295.65,88.78
2024-04-03,South,Sports,5,154.27,58.27
2024-04-03,East,Electronics,7,627.63,162.4
2024-04-03,East,Clothing,11,276.6,70.12
2024-04-03,East,Home & Garden,8,358.24,140.8
2024-04-03,East,Sports,10,147.89,54.51
2024-04-03,West,Electronics,6,910.97,382.77
2024-04-03,West,Clothing,12,192.94,78.35
2024-04-03,West,Home & Garden,10,255.54,86.59
2024-04-03,West,Sports,9,149.12,44.2
2024-04-04,North,Electronics,14,605.45,227.73
2024-04-04,North,Clothing,9,248.07,77.2
2024-04-04,North,Home & Garden,14,229.5,78.38
2024-04-04,North,Sports,12,181.35,62.08
2024-04-04,South,Electronics,7,469.26,193.75
2024-04-04,South,Clothing,6,128.57,37.56
2024-04-04,South,Home & Garden,9,238.19,88.94
2024-04-04,South,Sports,7,100.84,34.41
2024-04-04,East,Electronics,4,339.68,116.6
2024-04-04,East,Clothing,7,227.23,90.84
2024-04-04,East,Home & Garden,7,419.69,183.66
2024-04-04,East,Sports,11,297.11,74.79
2024-04-04,West,Electronics,8,407.66,111.36
2024-04-04,West,Clothing,6,168.65,73.69
2024-04-04,West,Home & Garden,10,413.21,121.91
2024-04-04,West,Sports,10,38.75,15.99
2024-04-05,North,Electronics,10,762.85,269.17
2024-04-05,North,Clothing,6,185.44,64.08
2024-04-05,North,Home & Garden,11,238.91,87.55
2024-04-05,North,Sports,8,125.49,47.32
2024-04-05,South,Electronics,13,452.89,141.28
2024-04-05,South,Clothing,6,186.01,68.25
2024-04-05,South,Home & Garden,5,366.79,104.99
2024-04-05,South,Sports,10,111.52,48.11
2024-04-05,East,Electronics,3,609.82,254.84
2024-04-05,East,Clothing,6,194.66,84.9
2024-04-05,East,Home & Garden,13,386.98,101.71
2024-04-05,East,Sports,6,105.5,45.96
2024-04-05,West,Electronics,7,448.52,162.26
2024-04-05,West,Clothing,11,252.42,88.19
2024-04-05,West,Home & Garden,9,333.68,139.29
2024-04-05,West,Sports,7,161.99,40.81
2024-04-06,North,Electronics,10,953.03,282.28
2024-04-06,North,Clothing,17,240.1,96.64
2024-04-06,North,Home & Garden,12,582.22,256.03
2024-04-06,North,Sports,12,184.43,64.56
2024-04-06,South,Electronics,5,644.15,261.61
2024-04-06,South,Clothing,8,327.17,114.25
2024-04-06,South,Home & Garden,14,447.51,138.13
2024-04-06,South,Sports,7,171.37,67.78
2024-04-06,East,Electronics,15,722.68,230.62
2024-04-06,East,Clothing,10,327.65,105.15
2024-04-06,East,Home & Garden,14,490.4,174.4
2024-04-06,East,Sports,15,277.01,95.03
2024-04-06,West,Electronics,11,870.61,314.22
2024-04-06,West,Clothing,9,317.62,87.64
2024-04-06,West,Home & Garden,15,383.35,115.48
2024-04-06,West,Sports,6,197.2,79.42
2024-04-07,North,Electronics,6,657.55,264.37
2024-04-07,North,Clothing,16,283.07,92.6
2024-04-07,North,Home & Garden,9,365.04,135.58
2024-04-07,North,Sports,12,216.11,80.66
2024-04-07,South,Electronics,6,537.01,204.84
2024-04-07,South,Clothing,7,205.34,73.63
2024-04-07,South,Home & Garden,10,487.23,164.77
2024-04-07,South,Sports,12,102.25,36.49
2024-04-07,East,Electronics,15,990.05,362.53
2024-04-07,East,Clothing,11,325.88,96.76
2024-04-07,East,Home & Garden,15,516.47,170.75
2024-04-07,East,Sports,11,248.68,86.36
2024-04-07,West,Electronics,8,450.8,160.64
2024-04-07,West,Clothing,14,288.27,114.35
2024-04-07,West,Home & Garden,10,298.03,74.54
2024-04-07,West,Sports,12,149.88,39.32
2024-04-08,North,Electronics,9,597.16,205.52
2024-04-08,North,Clothing,5,184.41,61.52
2024-04-08,North,Home & Garden,8,284.33,121.26
2024-04-08,North,Sports,5,184.75,64.26
2024-04-08,South,Electronics,8,479.55,163.72
2024-04-08,South,Clothing,9,114.75,30.8
2024-04-08,South,Home & Garden,5,347.14,127.99
2024-04-08,South,Sports,5,138.83,58.37
2024-04-08,East,Electronics,9,754.41,336.87
2024-04-08,East,Clothing,9,211.71,93.86
2024-04-08,East,Home & Garden,13,233.14,76.16
2024-04-08,East,Sports,2,183.56,60.27
2024-04-08,West,Electronics,16,663.2,187.95
2024-04-08,West,Clothing,11,164.33,52.46
2024-04-08,West,Home & Garden,6,313.14,130.18
2024-04-08,West,Sports,7,123.12,33.43
2024-04-09,North,Electronics,10,590.43,234.0
2024-04-09,North,Clothing,5,137.33,42.03
2024-04-09,North,Home & Garden,5,300.43,80.02
2024-04-09,North,Sports,8,212.02,91.91
2024-04-09,South,Electronics,2,433.14,140.82
2024-04-09,South,Clothing,9,230.05,102.91
2024-04-09,South,Home & Garden,11,189.33,59.28
2024-04-09,South,Sports,8,158.36,61.44
2024-04-09,East,Electronics,9,655.1,266.51
2024-04-09,East,Clothing,12,336.17,97.65
2024-04-09,East,Home & Garden,8,364.61,91.98
2024-04-09,East,Sports,6,124.72,51.9
2024-04-09,West,Electronics,10,441.53,153.78
2024-04-09,West,Clothing,8,256.64,78.41
2024-04-09,West,Home & Garden,7,326.1,93.93
2024-04-09,West,Sports,6,161.63,42.39
2024-04-10,North,Electronics,9,679.69,298.12
2024-04-10,North,Clothing,5,244.53,68.56
2024-04-10,North,Home & Garden,8,240.35,64.78
2024-04-10,North,Sports,7,169.24,50.9
2024-04-10,South,Electronics,5,580.12,253.78
2024-04-10,South,Clothing,11,241.86,83.93
2024-04-10,South,Home & Garden,12,209.88,85.78
2024-04-10,South,Sports,5,119.51,53.02
2024-04-10,East,Electronics,7,768.97,293.54
2024-04-10,East,Clothing,12,336.12,92.66
2024-04-10,East,Home & Garden,13,400.94,143.16
2024-04-10,East,Sports,6,95.51,28.6
2024-04-10,West,Electronics,8,205.51,82.74
2024-04-10,West,Clothing,9,134.29,47.27
2024-04-10,West,Home & Garden,5,412.36,129.07
2024-04-10,West,Sports,9,115.03,51.68
2024-04-11,North,Electronics,8,657.77,258.47
2024-04-11,North,Clothing,8,262.82,107.18
2024-04-11,North,Home & Garden,5,171.71,47.91
2024-04-11,North,Sports,0,99.35,27.18
2024-04-11,South,Electronics,5,600.24,212.57
2024-04-11,South,Clothing,11,145.11,52.87
2024-04-11,South,Home & Garden,7,377.32,135.32
2024-04-11,South,Sports,8,110.69,47.44
2024-04-11,East,Electronics,6,667.0,250.64
2024-04-11,East,Clothing,7,132.68,33.26
2024-04-11,East,Home & Garden,9,386.51,158.48
2024-04-11,East,Sports,6,150.89,52.99
2024-04-11,West,Electronics,7,564.02,247.78
2024-04-11,West,Clothing,8,116.69,32.25
2024-04-11,West,Home & Garden,5,326.33,99.16
2024-04-11,West,Sports,12,201.61,88.89
2024-04-12,North,Electronics,7,769.11,301.28
2024-04-12,North,Clothing,6,255.23,101.76
2024-04-12,North,Home & Garden,10,265.62,119.01
2024-04-12,North,Sports,3,169.85,65.76
2024-04-12,South,Electronics,8,513.38,202.59
2024-04-12,South,Clothing,5,147.61,59.55
2024-04-12,South,Home & Garden,5,212.01,55.84
2024-04-12,South,Sports,12,110.55,49.42
2024-04-12,East,Electronics,4,539.42,198.9
2024-04-12,East,Clothing,5,291.34,115.15
2024-04-12,East,Home & Garden,8,263.69,101.81
2024-04-12,East,Sports,9,192.02,60.77
2024-04-12,West,Electronics,6,585.58,181.44
2024-04-12,West,Clothing,12,94.33,28.41
2024-04-12,West,Home & Garden,9,475.4,213.9
2024-04-12,West,Sports,5,175.85,60.77
2024-04-13,North,Electronics,9,630.35,158.86
2024-04-13,North,Clothing,7,277.07,69.97
2024-04-13,North,Home & Garden,12,427.78,154.76
2024-04-13,North,Sports,14,241.89,74.86
2024-04-13,South,Electronics,15,460.34,187.8
2024-04-13,South,Clothing,15,283.71,85.09
2024-04-13,South,Home & Garden,14,160.97,59.86
2024-04-13,South,Sports,6,214.14,94.84
2024-04-13,East,Electronics,6,709.79,210.89
2024-04-13,East,Clothing,13,384.83,125.09
2024-04-13,East,Home & Garden,13,542.0,135.85
2024-04-13,East,Sports,10,261.94,98.88
2024-04-13,West,Electronics,12,628.09,257.1
2024-04-13,West,Clothing,5,255.71,101.38
2024-04-13,West,Home & Garden,7,437.76,190.3
2024-04-13,West,Sports,13,198.69,67.29
2024-04-14,North,Electronics,14,568.67,156.84
2024-04-14,North,Clothing,8,228.48,71.28
2024-04-14,North,Home & Garden,9,529.5,147.97
2024-04-14,North,Sports,12,200.33,68.43
2024-04-14,South,Electronics,14,536.64,224.47
2024-04-14,South,Clothing,9,115.35,44.11
2024-04-14,South,Home & Garden,8,238.59,74.94
2024-04-14,South,Sports,8,131.44,45.83
2024-04-14,East,Electronics,9,974.15,352.37
2024-04-14,East,Clothing,16,317.62,129.86
2024-04-14,East,Home & Garden,6,159.61,65.68
2024-04-14,East,Sports,10,181.97,53.31
2024-04-14,West,Electronics,11,487.08,190.2
2024-04-14,West,Clothing,11,348.4,135.72
2024-04-14,West,Home & Garden,7,384.66,126.81
2024-04-14,West,Sports,11,190.33,69.61
2024-04-15,North,Electronics,11,537.66,225.02
2024-04-15,North,Clothing,11,289.41,76.29
2024-04-15,North,Home & Garden,8,479.9,126.07
2024-04-15,North,Sports,8,178.33,75.57
2024-04-15,South,Electronics,7,491.57,140.33
2024-04-15,South,Clothing,6,194.07,51.15
2024-04-15,South,Home & Garden,9,383.58,146.62
2024-04-15,South,Sports,6,123.45,55.05
2024-04-15,East,Electronics,14,528.88,215.57
2024-04-15,East,Clothing,11,342.6,152.98
2024-04-15,East,Home & Garden,11,268.66,86.8
2024-04-15,East,Sports,7,153.03,61.41
2024-04-15,West,Electronics,11,501.31,154.72
2024-04-15,West,Clothing,11,130.0,39.47
2024-04-15,West,Home & Garden,5,362.07,157.14
2024-04-15,West,Sports,5,181.63,60.54
2024-04-16,North,Electronics,5,685.03,218.59
2024-04-16,North,Clothing,7,196.31,80.41
2024-04-16,North,Home & Garden,8,324.69,102.46
2024-04-16,North,Sports,4,114.97,47.77
2024-04-16,South,Electronics,10,391.54,160.59
2024-04-16,South,Clothing,13,63.98,25.65
2024-04-16,South,Home & Garden,10,282.27,87.75
2024-04-16,South,Sports,7,196.57,51.59
2024-04-16,East,Electronics,6,639.57,161.36
2024-04-16,East,Clothing,8,254.46,111.03
2024-04-16,East,Home & Garden,8,244.67,94.03
2024-04-16,East,Sports,7,176.77,45.39
2024-04-16,West,Electronics,4,540.59,232.77
2024-04-16,West,Clothing,8,200.35,80.58
2024-04-16,West,Home & Garden,9,392.07,103.93
2024-04-16,West,Sports,10,84.53,21.79
2024-04-17,North,Electronics,8,646.51,232.66
2024-04-17,North,Clothing,8,293.62,109.63
2024-04-17,North,Home & Garden,4,317.37,94.37
2024-04-17,North,Sports,12,182.21,46.22
2024-04-17,South,Electronics,8,528.57,209.22
2024-04-17,South,Clothing,7,200.71,83.08
2024-04-17,South,Home & Garden,12,368.8,148.84
2024-04-17,South,Sports,5,179.36,46.62
2024-04-17,East,Electronics,10,790.63,340.61
2024-04-17,East,Clothing,9,259.66,90.97
2024-04-17,East,Home & Garden,2,274.91,101.96
2024-04-17,East,Sports,5,163.25,72.66
2024-04-17,West,Electronics,12,425.04,155.29
2024-04-17,West,Clothing,6,221.54,60.48
2024-04-17,West,Home & Garden,11,232.17,73.5
2024-04-17,West,Sports,4,119.41,36.08
2024-04-18,North,Electronics,11,560.37,210.23
2024-04-18,North,Clothing,7,238.53,79.76
2024-04-18,North,Home & Garden,13,408.75,168.98
2024-04-18,North,Sports,10,180.17,47.85
2024-04-18,South,Electronics,14,462.95,179.22
2024-04-18,South,Clothing,10,120.97,53.41
2024-04-18,South,Home & Garden,6,208.7,60.88
2024-04-18,South,Sports,11,120.75,46.32
2024-04-18,East,Electronics,6,605.43,201.32
2024-04-18,East,Clothing,4,196.51,65.89
2024-04-18,East,Home & Garden,11,405.36,128.7
2024-04-18,East,Sports,9,214.54,61.06
2024-04-18,West,Electronics,8,445.27,140.68
2024-04-18,West,Clothing,6,112.6,45.55
2024-04-18,West,Home & Garden,11,302.11,85.79
2024-04-18,West,Sports,8,86.81,32.89
2024-04-19,North,Electronics,6,472.95,166.65
2024-04-19,North,Clothing,11,210.36,92.0
2024-04-19,North,Home & Garden,4,372.06,149.04
2024-04-19,North,Sports,7,216.04,92.02
2024-04-19,South,Electronics,11,424.7,128.26
2024-04-19,South,Clothing,12,151.76,60.88
2024-04-19,South,Home & Garden,5,346.59,136.47
2024-04-19,South,Sports,7,155.54,53.32
2024-04-19,East,Electronics,14,790.39,309.6
2024-04-19,East,Clothing,8,300.33,87.74
2024-04-19,East,Home & Garden,10,436.27,111.05
2024-04-19,East,Sports,9,160.28,67.73
2024-04-19,West,Electronics,3,393.82,140.25
2024-04-19,West,Clothing,6,207.56,59.68
2024-04-19,West,Home & Garden,10,422.6,127.68
2024-04-19,West,Sports,11,232.21,72.77
2024-04-20,North,Electronics,9,567.39,160.97
2024-04-20,North,Clothing,14,340.3,129.14
2024-04-20,North,Home & Garden,13,442.0,161.15
2024-04-20,North,Sports,15,203.63,75.41
2024-04-20,South,Electronics,11,550.23,223.26
2024-04-20,South,Clothing,11,206.32,59.82
2024-04-20,South,Home & Garden,6,587.08,216.03
2024-04-20,South,Sports,7,150.52,60.4
2024-04-20,East,Electronics,11,1127.37,315.83
2024-04-20,East,Clothing,12,356.2,143.61
2024-04-20,East,Home & Garden,10,350.35,87.79
2024-04-20,East,Sports,11,212.53,81.44
2024-04-20,West,Electronics,12,713.41,242.75
2024-04-20,West,Clothing,12,333.07,88.92
2024-04-20,West,Home & Garden,10,338.84,152.2
2024-04-20,West,Sports,7,232.11,71.03
2024-04-21,North,Electronics,10,398.42,161.58
2024-04-21,North,Clothing,7,235.69,59.31
2024-04-21,North,Home & Garden,9,493.3,207.32
2024-04-21,North,Sports,9,168.36,57.81
2024-04-21,South,Electronics,11,600.29,219.88
2024-04-21,South,Clothing,9,225.54,77.86
2024-04-21,South,Home & Garden,13,90.53,29.47
2024-04-21,South,Sports,5,234.71,87.7
2024-04-21,East,Electronics,16,473.8,121.14
2024-04-21,East,Clothing,6,408.12,118.51
2024-04-21,East,Home & Garden,11,363.79,110.69
2024-04-21,East,Sports,12,237.25,87.58
2024-04-21,West,Electronics,8,661.21,230.66
2024-04-21,West,Clothing,11,206.86,60.81
2024-04-21,West,Home & Garden,10,425.29,143.27
2024-04-21,West,Sports,13,135.41,34.68
2024-04-22,North,Electronics,9,632.31,222.27
2024-04-22,North,Clothing,8,260.62,97.49
2024-04-22,North,Home & Garden,11,226.87,74.45
2024-04-22,North,Sports,9,98.5,40.99
2024-04-22,South,Electronics,10,520.78,170.46
2024-04-22,South,Clothing,7,106.69,34.99
2024-04-22,South,Home & Garden,11,331.26,131.31
2024-04-22,South,Sports,8,171.8,49.99
2024-04-22,East,Electronics,5,502.9,178.03
2024-04-22,East,Clothing,11,202.95,60.74
2024-04-22,East,Home & Garden,11,320.09,112.69
2024-04-22,East,Sports,5,241.54,105.0
2024-04-22,West,Electronics,8,507.49,213.38
2024-04-22,West,Clothing,6,241.36,104.67
2024-04-22,West,Home & Garden,8,110.68,46.72
2024-04-22,West,Sports,7,131.43,45.28
2024-04-23,North,Electronics,5,531.13,189.64
2024-04-23,North,Clothing,7,250.99,93.44
2024-04-23,North,Home & Garden,10,397.51,104.82
2024-04-23,North,Sports,4,152.87,53.05
2024-04-23,South,Electronics,9,724.7,301.08
2024-04-23,South,Clothing,10,158.93,53.68
2024-04-23,South,Home & Garden,13,163.39,45.75
2024-04-23,South,Sports,13,191.9,71.26
2024-04-23,East,Electronics,8,650.39,197.78
2024-04-23,East,Clothing,11,251.19,110.18
2024-04-23,East,Home & Garden,8,371.65,119.56
2024-04-23,East,Sports,7,169.09,47.74
2024-04-23,West,Electronics,4,413.43,179.85
2024-04-23,West,Clothing,7,255.45,96.08
2024-04-23,West,Home & Garden,8,421.79,142.93
2024-04-23,West,Sports,8,76.84,31.9
2024-04-24,North,Electronics,7,731.76,278.42
2024-04-24,North,Clothing,7,217.41,57.88
2024-04-24,North,Home & Garden,8,86.31,26.56
2024-04-24,North,Sports,7,143.42,50.0
2024-04-24,South,Electronics,10,533.35,233.29
2024-04-24,South,Clothing,11,224.31,100.25
2024-04-24,South,Home & Garden,9,298.82,123.31
2024-04-24,South,Sports,9,112.91,39.98
2024-04-24,East,Electronics,5,478.56,151.37
2024-04-24,East,Clothing,6,354.11,107.04
2024-04-24,East,Home & Garden,6,415.7,133.8
2024-04-24,East,Sports,5,103.17,30.57
2024-04-24,West,Electronics,7,653.08,247.59
2024-04-24,West,Clothing,4,180.83,72.84
2024-04-24,West,Home & Garden,8,254.71,91.78
2024-04-24,West,Sports,11,137.44,54.5
2024-04-25,North,Electronics,9,534.69,228.35
2024-04-25,North,Clothing,6,208.44,93.38
2024-04-25,North,Home & Garden,6,120.11,30.84
2024-04-25,North,Sports,11,123.29,30.91
2024-04-25,South,Electronics,7,654.65,283.9
2024-04-25,South,Clothing,8,201.04,80.92
2024-04-25,South,Home & Garden,10,265.68,100.73
2024-04-25,South,Sports,9,76.88,28.74
2024-04-25,East,Electronics,5,714.59,234.41
2024-04-25,East,Clothing,7,237.3,62.13
2024-04-25,East,Home & Garden,7,534.61,179.4
2024-04-25,East,Sports,12,213.4,78.66
2024-04-25,West,Electronics,9,281.0,72.43
2024-04-25,West,Clothing,4,290.09,84.31
2024-04-25,West,Home & Garden,4,275.81,83.64
2024-04-25,West,Sports,7,191.93,58.58
2024-04-26,North,Electronics,7,631.45,215.29
2024-04-26,North,Clothing,15,177.22,56.23
2024-04-26,North,Home & Garden,11,264.38,78.17
2024-04-26,North,Sports,15,192.62,54.14
2024-04-26,South,Electronics,6,550.29,233.18
2024-04-26,South,Clothing,11,199.98,63.29
2024-04-26,South,Home & Garden,9,319.78,122.91
2024-04-26,South,Sports,10,144.29,61.24
2024-04-26,East,Electronics,4,698.96,303.85
2024-04-26,East,Clothing,5,116.14,44.98
2024-04-26,East,Home & Garden,4,255.64,110.16
2024-04-26,East,Sports,15,167.4,61.59
2024-04-26,West,Electronics,9,212.63,79.8
2024-04-26,West,Clothing,11,203.99,78.91
2024-04-26,West,Home & Garden,12,350.78,96.0
2024-04-26,West,Sports,7,191.58,78.22
2024-04-27,North,Electronics,7,605.38,227.87
2024-04-27,North,Clothing,12,261.77,105.21
2024-04-27,North,Home & Garden,12,602.54,163.81
2024-04-27,North,Sports,14,321.4,124.02
2024-04-27,South,Electronics,11,828.22,325.88
2024-04-27,South,Clothing,7,265.57,89.06
2024-04-27,South,Home & Garden,11,253.82,109.18
2024-04-27,South,Sports,12,228.21,72.05
2024-04-27,East,Electronics,7,831.02,251.98
2024-04-27,East,Clothing,7,331.2,109.96
2024-04-27,East,Home & Garden,8,368.09,154.77
2024-04-27,East,Sports,8,300.59,113.72
2024-04-27,West,Electronics,5,807.73,344.11
2024-04-27,West,Clothing,7,177.24,77.37
2024-04-27,West,Home & Garden,14,348.29,146.65
2024-04-27,West,Sports,8,292.64,113.79
2024-04-28,North,Electronics,11,419.69,133.6
2024-04-28,North,Clothing,10,231.47,74.41
2024-04-28,North,Home & Garden,12,398.75,124.8
2024-04-28,North,Sports,12,153.61,58.49
2024-04-28,South,Electronics,14,577.44,254.44
2024-04-28,South,Clothing,10,182.94,65.46
2024-04-28,South,Home & Garden,12,392.32,163.15
2024-04-28,South,Sports,15,218.84,69.83
2024-04-28,East,Electronics,10,1126.13,424.92
2024-04-28,East,Clothing,14,314.48,128.09
2024-04-28,East,Home & Garden,8,367.71,108.12
2024-04-28,East,Sports,8,262.77,102.11
2024-04-28,West,Electronics,13,458.46,172.95
2024-04-28,West,Clothing,10,282.88,72.98
2024-04-28,West,Home & Garden,9,320.77,105.02
2024-04-28,West,Sports,10,226.79,67.24
2024-04-29,North,Electronics,10,711.27,248.39
2024-04-29,North,Clothing,2,220.94,71.57
2024-04-29,North,Home & Garden,10,264.77,66.77
2024-04-29,North,Sports,10,153.35,68.61
2024-04-29,South,Electronics,7,551.2,156.88
2024-04-29,South,Clothing,5,221.18,97.29
2024-04-29,South,Home & Garden,14,349.85,129.85
2024-04-29,South,Sports,6,82.87,24.6
2024-04-29,East,Electronics,8,798.18,288.62
2024-04-29,East,Clothing,5,143.17,39.48
2024-04-29,East,Home & Garden,9,309.86,132.7
2024-04-29,East,Sports,11,151.26,56.06
2024-04-29,West,Electronics,9,530.59,144.4
2024-04-29,West,Clothing,7,281.78,91.43
2024-04-29,West,Home & Garden,11,320.45,122.23
2024-04-29,West,Sports,7,207.24,71.75
2024-04-30,North,Electronics,9,508.63,130.91
2024-04-30,North,Clothing,10,226.26,79.64
2024-04-30,North,Home & Garden,11,347.7,146.04
2024-04-30,North,Sports,7,126.86,49.1
2024-04-30,South,Electronics,8,581.7,234.25
2024-04-30,South,Clothing,5,132.7,41.16
2024-04-30,South,Home & Garden,10,207.49,68.28
2024-04-30,South,Sports,13,93.42,38.08
2024-04-30,East,Electronics,14,562.53,196.06
2024-04-30,East,Clothing,12,271.71,71.0
2024-04-30,East,Home & Garden,15,422.72,175.31
2024-04-30,East,Sports,6,71.16,25.36
2024-04-30,West,Electronics,11,590.92,182.96
2024-04-30,West,Clothing,10,97.01,29.82
2024-04-30,West,Home & Garden,8,273.77,118.04
2024-04-30,West,Sports,13,150.96,47.92
2024-05-01,North,Electronics,6,403.0,163.32
2024-05-01,North,Clothing,5,195.91,75.15
2024-05-01,North,Home & Garden,14,350.0,144.03
2024-05-01,North,Sports,12,178.35,59.54
2024-05-01,South,Electronics,10,525.49,150.76
2024-05-01,South,Clothing,6,194.86,82.78
2024-05-01,South,Home & Garden,16,248.15,91.94
2024-05-01,South,Sports,14,127.35,45.81
2024-05-01,East,Electronics,6,795.17,334.02
2024-05-01,East,Clothing,6,208.21,79.25
2024-05-01,East,Home & Garden,6,310.64,114.41
2024-05-01,East,Sports,10,191.98,65.57
2024-05-01,West,Electronics,8,629.84,228.15
2024-05-01,West,Clothing,14,138.09,60.26
2024-05-01,West,Home & Garden,6,279.0,74.11
2024-05-01,West,Sports,9,154.23,56.74
2024-05-02,North,Electronics,9,536.77,144.75
2024-05-02,North,Clothing,9,256.53,114.31
2024-05-02,North,Home & Garden,10,345.23,95.6
2024-05-02,North,Sports,8,104.67,38.94
2024-05-02,South,Electronics,6,583.52,255.0
2024-05-02,South,Clothing,6,184.13,55.04
2024-05-02,South,Home & Garden,2,216.16,96.87
2024-05-02,South,Sports,7,183.84,57.83
2024-05-02,East,Electronics,1,675.04,178.0
2024-05-02,East,Clothing,8,165.1,50.91
2024-05-02,East,Home & Garden,7,269.64,121.1
2024-05-02,East,Sports,12,156.03,64.34
2024-05-02,West,Electronics,7,380.02,163.46
2024-05-02,West,Clothing,11,188.75,54.78
2024-05-02,West,Home & Garden,9,272.38,97.53
2024-05-02,West,Sports,7,131.99,49.36
2024-05-03,North,Electronics,5,473.67,189.77
2024-05-03,North,Clothing,13,101.36,44.58
2024-05-03,North,Home & Garden,8,379.6,150.4
2024-05-03,North,Sports,6,241.8,86.79
2024-05-03,South,Electronics,5,334.11,101.08
2024-05-03,South,Clothing,6,186.6,57.29
2024-05-03,South,Home & Garden,15,355.71,136.88
2024-05-03,South,Sports,5,140.64,51.22
2024-05-03,East,Electronics,6,593.84,163.71
2024-05-03,East,Clothing,8,255.32,89.21
2024-05-03,East,Home & Garden,8,241.92,64.61
2024-05-03,East,Sports,8,179.03,46.43
2024-05-03,West,Electronics,6,655.7,275.28
2024-05-03,West,Clothing,7,223.32,66.92
2024-05-03,West,Home & Garden,8,389.81,143.62
2024-05-03,West,Sports,16,176.07,58.79
2024-05-04,North,Electronics,13,882.37,221.1
2024-05-04,North,Clothing,8,252.32,85.72
2024-05-04,North,Home & Garden,15,334.16,95.24
2024-05-04,North,Sports,11,188.37,72.05
2024-05-04,South,Electronics,9,630.06,255.26
2024-05-04,South,Clothing,17,229.48,78.21
2024-05-04,South,Home & Garden,10,333.18,111.53
2024-05-04,South,Sports,10,157.79,50.67
2024-05-04,East,Electronics,7,895.46,367.2
2024-05-04,East,Clothing,11,360.59,90.35
2024-05-04,East,Home & Garden,9,447.6,196.21
2024-05-04,East,Sports,14,191.55,59.43
2024-05-04,West,Electronics,18,463.65,136.89
2024-05-04,West,Clothing,8,160.49,48.39
2024-05-04,West,Home & Garden,12,508.45,149.75
2024-05-04,West,Sports,11,149.92,45.45
2024-05-05,North,Electronics,15,681.04,188.15
2024-05-05,North,Clothing,15,288.48,100.53
2024-05-05,North,Home & Garden,6,288.2,72.29
2024-05-05,North,Sports,11,97.2,28.79
2024-05-05,South,Electronics,13,401.43,134.84
2024-05-05,South,Clothing,8,148.24,58.06
2024-05-05,South,Home & Garden,11,162.87,56.69
2024-05-05,South,Sports,9,179.99,65.79
2024-05-05,East,Electronics,7,881.77,233.73
2024-05-05,East,Clothing,6,290.26,104.09
2024-05-05,East,Home & Garden,9,465.35,122.08
2024-05-05,East,Sports,5,222.52,80.37
2024-05-05,West,Electronics,10,895.42,275.77
2024-05-05,West,Clothing,15,243.99,81.44
2024-05-05,West,Home & Garden,8,344.64,91.11
2024-05-05,West,Sports,11,167.63,66.51
2024-05-06,North,Electronics,5,758.44,303.19
2024-05-06,North,Clothing,10,141.54,60.92
2024-05-06,North,Home & Garden,3,224.14,62.01
2024-05-06,North,Sports,7,118.39,41.17
2024-05-06,South,Electronics,10,352.85,102.02
2024-05-06,South,Clothing,10,105.43,42.8
2024-05-06,South,Home & Garden,11,318.94,87.74
2024-05-06,South,Sports,7,145.25,62.32
2024-05-06,East,Electronics,8,667.46,207.68
2024-05-06,East,Clothing,5,165.65,68.39
2024-05-06,East,Home & Garden,10,425.02,184.92
2024-05-06,East,Sports,10,165.75,49.61
2024-05-06,West,Electronics,8,419.66,183.94
2024-05-06,West,Clothing,9,223.53,99.66
2024-05-06,West,Home & Garden,10,401.83,166.04
2024-05-06,West,Sports,9,123.24,52.19
2024-05-07,North,Electronics,9,357.41,139.59
2024-05-07,North,Clothing,11,193.32,72.28
2024-05-07,North,Home & Garden,9,467.18,145.21
2024-05-07,North,Sports,7,218.67,76.4
2024-05-07,South,Electronics,4,193.31,71.17
2024-05-07,South,Clothing,11,129.97,48.3
2024-05-07,South,Home & Garden,4,215.88,79.8
2024-05-07,South,Sports,5,132.72,52.35
2024-05-07,East,Electronics,6,171.56,61.15
2024-05-07,East,Clothing,11,222.63,60.57
2024-05-07,East,Home & Garden,9,415.44,143.62
2024-05-07,East,Sports,9,193.65,57.63
2024-05-07,West,Electronics,9,609.44,198.54
2024-05-07,West,Clothing,5,184.48,50.06
2024-05-07,West,Home & Garden,9,231.99,101.07
2024-05-07,West,Sports,7,159.86,65.67
2024-05-08,North,Electronics,12,599.53,158.03
2024-05-08,North,Clothing,9,119.91,32.65
2024-05-08,North,Home & Garden,5,332.17,148.82
2024-05-08,North,Sports,5,172.77,50.24
2024-05-08,South,Electronics,10,474.33,172.28
2024-05-08,South,Clothing,5,185.25,48.3
2024-05-08,South,Home & Garden,8,322.58,100.63
2024-05-08,South,Sports,7,165.21,70.82
2024-05-08,East,Electronics,8,579.33,163.09
2024-05-08,East,Clothing,8,189.86,62.91
2024-05-08,East,Home & Garden,8,441.69,147.93
2024-05-08,East,Sports,12,142.91,35.83
2024-05-08,West,Electronics,7,554.13,167.54
2024-05-08,West,Clothing,9,215.66,86.54
2024-05-08,West,Home & Garden,12,290.89,102.24
2024-05-08,West,Sports,7,117.75,44.82
2024-05-09,North,Electronics,6,518.36,219.17
2024-05-09,North,Clothing,10,335.36,115.31
2024-05-09,North,Home & Garden,4,243.6,74.34
2024-05-09,North,Sports,6,150.89,61.81
2024-05-09,South,Electronics,7,543.46,161.32
2024-05-09,South,Clothing,13,225.0,88.05
2024-05-09,South,Home & Garden,8,196.18,57.43
2024-05-09,South,Sports,7,196.17,85.64
2024-05-09,East,Electronics,11,499.74,194.06
2024-05-09,East,Clothing,13,508.75,181.92
2024-05-09,East,Home & Garden,10,340.38,149.78
2024-05-09,East,Sports,4,150.99,62.57
2024-05-09,West,Electronics,10,411.26,180.47
2024-05-09,West,Clothing,7,254.6,83.33
2024-05-09,West,Home & Garden,9,311.4,130.82
2024-05-09,West,Sports,4,164.55,67.97
2024-05-10,North,Electronics,7,577.63,254.0
2024-05-10,North,Clothing,9,248.14,92.24
2024-05-10,North,Home & Garden,7,233.0,93.63
2024-05-10,North,Sports,13,163.29,71.19
2024-05-10,South,Electronics,6,479.19,131.56
2024-05-10,South,Clothing,11,180.85,51.23
2024-05-10,South,Home & Garden,11,347.22,148.38
2024-05-10,South,Sports,11,120.9,34.01
2024-05-10,East,Electronics,11,638.51,267.32
2024-05-10,East,Clothing,7,284.59,93.37
2024-05-10,East,Home & Garden,8,283.37,83.22
2024-05-10,East,Sports,9,243.43,72.58
2024-05-10,West,Electronics,7,709.22,240.97
2024-05-10,West,Clothing,8,273.32,71.24
2024-05-10,West,Home & Garden,11,165.07,41.61
2024-05-10,West,Sports,4,159.39,59.77
2024-05-11,North,Electronics,13,678.86,246.84
2024-05-11,North,Clothing,11,219.0,61.04
2024-05-11,North,Home & Garden,11,528.1,206.47
2024-05-11,North,Sports,9,184.98,74.7
2024-05-11,South,Electronics,16,605.39,230.94
2024-05-11,South,Clothing,14,279.77,101.49
2024-05-11,South,Home & Garden,14,332.54,100.64
2024-05-11,South,Sports,12,133.06,48.53
2024-05-11,East,Electronics,12,808.1,327.49
2024-05-11,East,Clothing,13,373.6,130.66
2024-05-11,East,Home & Garden,15,322.62,118.98
2024-05-11,East,Sports,14,264.9,90.18
2024-05-11,West,Electronics,10,660.77,288.17
2024-05-11,West,Clothing,9,311.02,87.37
2024-05-11,West,Home & Garden,8,539.53,224.89
2024-05-11,West,Sports,3,269.59,106.88
2024-05-12,North,Electronics,7,884.66,381.97
2024-05-12,North,Clothing,6,199.36,52.95
2024-05-12,North,Home & Garden,12,572.03,240.58
2024-05-12,North,Sports,11,275.71,99.67
2024-05-12,South,Electronics,9,426.51,108.36
2024-05-12,South,Clothing,6,238.03,64.68
2024-05-12,South,Home & Garden,9,252.56,103.54
2024-05-12,South,Sports,14,173.16,56.92
2024-05-12,East,Electronics,14,667.04,185.71
2024-05-12,East,Clothing,10,225.33,87.07
2024-05-12,East,Home & Garden,13,609.39,155.65
2024-05-12,East,Sports,5,188.72,62.45
2024-05-12,West,Electronics,11,592.77,215.42
2024-05-12,West,Clothing,10,255.42,90.11
2024-05-12,West,Home & Garden,12,554.66,226.73
2024-05-12,West,Sports,8,166.46,53.03
2024-05-13,North,Electronics,9,349.62,89.02
2024-05-13,North,Clothing,9,314.93,120.72
2024-05-13,North,Home & Garden,5,284.29,76.39
2024-05-13,North,Sports,9,172.35,72.98
2024-05-13,South,Electronics,8,610.88,202.05
2024-05-13,South,Clothing,12,189.05,70.91
2024-05-13,South,Home & Garden,11,273.29,70.29
2024-05-13,South,Sports,6,173.54,65.45
2024-05-13,East,Electronics,10,737.6,274.47
2024-05-13,East,Clothing,11,240.09,91.18
2024-05-13,East,Home & Garden,4,251.86,98.29
2024-05-13,East,Sports,5,119.85,36.67
2024-05-13,West,Electronics,10,458.76,149.21
2024-05-13,West,Clothing,6,214.2,80.66
2024-05-13,West,Home & Garden,5,281.33,97.17
2024-05-13,West,Sports,15,113.2,41.73
2024-05-14,North,Electronics,11,579.18,213.73
2024-05-14,North,Clothing,9,238.46,60.34
2024-05-14,North,Home & Garden,6,382.95,152.38
2024-05-14,North,Sports,12,165.13,64.66
2024-05-14,South,Electronics,9,454.6,183.16
2024-05-14,South,Clothing,7,256.49,72.2
2024-05-14,South,Home & Garden,7,390.59,114.77
2024-05-14,South,Sports,9,121.8,38.1
2024-05-14,East,Electronics,4,689.22,185.0
2024-05-14,East,Clothing,5,385.29,145.2
2024-05-14,East,Home & Garden,7,397.74,129.75
2024-05-14,East,Sports,12,144.07,42.92
2024-05-14,West,Electronics,11,438.33,112.26
2024-05-14,West,Clothing,11,204.5,56.01
2024-05-14,West,Home & Garden,3,459.69,176.98
2024-05-14,West,Sports,9,155.49,41.29
2024-05-15,North,Electronics,8,581.03,235.66
2024-05-15,North,Clothing,13,210.19,93.88
2024-05-15,North,Home & Garden,11,530.1,233.4
2024-05-15,North,Sports,6,161.74,61.15
2024-05-15,South,Electronics,13,574.93,147.11
2024-05-15,South,Clothing,12,202.34,70.64
2024-05-15,South,Home & Garden,8,293.76,86.99
2024-05-15,South,Sports,7,127.79,38.01
2024-05-15,East,Electronics,8,592.74,244.02
2024-05-15,East,Clothing,4,209.67,67.47
2024-05-15,East,Home & Garden,5,466.41,121.84
2024-05-15,East,Sports,10,163.49,45.97
2024-05-15,West,Electronics,13,398.25,136.37
2024-05-15,West,Clothing,11,169.5,63.4
2024-05-15,West,Home & Garden,6,410.84,178.91
2024-05-15,West,Sports,4,218.09,79.09
2024-05-16,North,Electronics,8,615.08,219.02
2024-05-16,North,Clothing,4,208.08,67.09
2024-05-16,North,Home & Garden,6,298.83,102.48
2024-05-16,North,Sports,4,171.59,72.05
2024-05-16,South,Electronics,10,599.72,181.3
2024-05-16,South,Clothing,7,164.73,68.71
2024-05-16,South,Home & Garden,14,397.81,173.82
2024-05-16,South,Sports,6,181.2,50.15
2024-05-16,East,Electronics,6,692.71,254.62
2024-05-16,East,Clothing,5,247.19,103.28
2024-05-16,East,Home & Garden,11,332.39,148.13
2024-05-16,East,Sports,8,180.23,66.39
2024-05-16,West,Electronics,14,709.05,303.51
2024-05-16,West,Clothing,8,233.58,90.86
2024-05-16,West,Home & Garden,6,385.7,159.28
2024-05-16,West,Sports,3,137.07,46.93
2024-05-17,North,Electronics,10,502.14,154.4
2024-05-17,North,Clothing,7,208.14,70.82
2024-05-17,North,Home & Garden,9,220.57,87.92
2024-05-17,North,Sports,8,182.76,67.21
2024-05-17,South,Electronics,9,603.17,152.08
2024-05-17,South,Clothing,8,180.73,68.36
2024-05-17,South,Home & Garden,10,303.57,133.33
2024-05-17,South,Sports,11,136.1,42.7
2024-05-17,East,Electronics,7,502.49,180.34
2024-05-17,East,Clothing,8,212.88,72.12
2024-05-17,East,Home & Garden,10,251.82,87.12
2024-05-17,East,Sports,8,206.07,57.78
2024-05-17,West,Electronics,12,530.9,236.96
2024-05-17,West,Clothing,6,288.46,101.83
2024-05-17,West,Home & Garden,10,216.77,73.94
2024-05-17,West,Sports,7,163.16,63.62
2024-05-18,North,Electronics,12,658.59,278.76
2024-05-18,North,Clothing,12,353.68,106.34
2024-05-18,North,Home & Garden,13,527.19,209.74
2024-05-18,North,Sports,16,282.28,106.33
2024-05-18,South,Electronics,11,509.04,196.66
2024-05-18,South,Clothing,8,329.47,130.27
2024-05-18,South,Home & Garden,5,229.85,62.31
2024-05-18,South,Sports,17,165.29,72.64
2024-05-18,East,Electronics,12,682.09,207.92
2024-05-18,East,Clothing,12,336.19,89.11
2024-05-18,East,Home & Garden,14,377.65,107.09
2024-05-18,East,Sports,8,211.12,65.81
2024-05-18,West,Electronics,7,461.45,152.24
2024-05-18,West,Clothing,10,353.06,148.95
2024-05-18,West,Home & Garden,11,371.27,122.34
2024-05-18,West,Sports,14,187.75,54.45
2024-05-19,North,Electronics,6,516.38,176.16
2024-05-19,North,Clothing,10,261.38,111.33
2024-05-19,North,Home & Garden,11,522.97,176.7
2024-05-19,North,Sports,9,245.29,97.75
2024-05-19,South,Electronics,6,334.37,93.49
2024-05-19,South,Clothing,9,206.69,85.77
2024-05-19,South,Home & Garden,6,266.26,87.47
2024-05-19,South,Sports,7,167.19,46.37
2024-05-19,East,Electronics,10,690.82,231.69
2024-05-19,East,Clothing,12,324.14,109.39
2024-05-19,East,Home & Garden,11,637.3,209.87
2024-05-19,East,Sports,4,308.41,104.61
2024-05-19,West,Electronics,13,772.08,339.86
2024-05-19,West,Clothing,14,279.17,80.14
2024-05-19,West,Home & Garden,13,303.6,115.05
2024-05-19,West,Sports,3,116.04,41.15
2024-05-20,North,Electronics,11,582.43,261.08
2024-05-20,North,Clothing,10,283.33,73.79
2024-05-20,North,Home & Garden,6,295.33,75.68
2024-05-20,North,Sports,5,174.18,49.1
2024-05-20,South,Electronics,8,468.44,167.12
2024-05-20,South,Clothing,5,198.47,82.16
2024-05-20,South,Home & Garden,13,189.6,48.08
2024-05-20,South,Sports,11,111.17,32.64
2024-05-20,East,Electronics,10,499.94,154.23
2024-05-20,East,Clothing,9,185.13,79.42
2024-05-20,East,Home & Garden,6,457.1,154.54
2024-05-20,East,Sports,6,82.83,31.23
2024-05-20,West,Electronics,12,485.14,167.81
2024-05-20,West,Clothing,9,225.06,74.69
2024-05-20,West,Home & Garden,7,437.04,115.64
2024-05-20,West,Sports,8,162.9,63.08
2024-05-21,North,Electronics,3,494.63,162.45
2024-05-21,North,Clothing,5,192.11,55.89
2024-05-21,North,Home & Garden,8,284.98,71.26
2024-05-21,North,Sports,14,157.45,54.18
2024-05-21,South,Electronics,12,276.5,118.02
2024-05-21,South,Clothing,7,219.85,68.94
2024-05-21,South,Home & Garden,10,277.33,70.23
2024-05-21,South,Sports,5,95.29,41.22
2024-05-21,East,Electronics,11,380.53,118.03
2024-05-21,East,Clothing,9,254.62,99.72
2024-05-21,East,Home & Garden,2,197.25,61.63
2024-05-21,East,Sports,8,173.72,66.12
2024-05-21,West,Electronics,13,510.84,205.45
2024-05-21,West,Clothing,16,237.15,97.65
2024-05-21,West,Home & Garden,11,434.16,155.59
2024-05-21,West,Sports,7,90.51,29.32
2024-05-22,North,Electronics,12,849.53,255.78
2024-05-22,North,Clothing,9,198.52,65.84
2024-05-22,North,Home & Garden,9,339.66,141.8
2024-05-22,North,Sports,8,175.06,68.83
2024-05-22,South,Electronics,10,434.71,169.19
2024-05-22,South,Clothing,4,215.3,79.04
2024-05-22,South,Home & Garden,11,348.92,101.94
2024-05-22,South,Sports,8,128.92,37.11
2024-05-22,East,Electronics,5,658.69,247.45
2024-05-22,East,Clothing,14,200.72,80.99
2024-05-22,East,Home & Garden,7,360.07,149.58
2024-05-22,East,Sports,11,205.21,66.49
2024-05-22,West,Electronics,9,688.55,253.49
2024-05-22,West,Clothing,5,163.56,48.11
2024-05-22,West,Home & Garden,8,196.22,72.31
2024-05-22,West,Sports,7,195.97,62.38
2024-05-23,North,Electronics,4,513.49,145.23
2024-05-23,North,Clothing,7,170.21,71.9
2024-05-23,North,Home & Garden,7,374.86,121.36
2024-05-23,North,Sports,8,179.31,48.61
2024-05-23,South,Electronics,13,492.99,129.25
2024-05-23,South,Clothing,4,135.42,39.68
2024-05-23,South,Home & Garden,7,212.11,60.95
2024-05-23,South,Sports,13,126.5,34.45
2024-05-23,East,Electronics,9,797.32,333.4
2024-05-23,East,Clothing,11,235.73,60.12
2024-05-23,East,Home & Garden,9,280.95,71.36
2024-05-23,East,Sports,6,266.75,72.02
2024-05-23,West,Electronics,13,450.12,189.84
2024-05-23,West,Clothing,9,220.02,93.23
2024-05-23,West,Home & Garden,8,405.17,107.78
2024-05-23,West,Sports,10,166.06,42.56
2024-05-24,North,Electronics,4,466.8,162.93
2024-05-24,North,Clothing,5,189.11,48.18
2024-05-24,North,Home & Garden,5,244.63,83.0
2024-05-24,North,Sports,7,180.25,45.29
2024-05-24,South,Electronics,5,551.97,242.78
2024-05-24,South,Clothing,6,267.19,105.14
2024-05-24,South,Home & Garden,10,317.51,116.21
2024-05-24,South,Sports,13,122.58,36.32
2024-05-24,East,Electronics,11,588.05,218.27
2024-05-24,East,Clothing,12,253.81,78.15
2024-05-24,East,Home & Garden,8,348.65,135.64
2024-05-24,East,Sports,11,194.7,76.97
2024-05-24,West,Electronics,11,683.94,211.96
2024-05-24,West,Clothing,9,171.16,54.55
2024-05-24,West,Home & Garden,8,179.45,51.38
2024-05-24,West,Sports,6,105.78,45.84
2024-05-25,North,Electronics,12,443.37,170.98
2024-05-25,North,Clothing,9,260.36,92.49
2024-05-25,North,Home & Garden,13,701.59,206.71
2024-05-25,North,Sports,11,240.7,92.55
2024-05-25,South,Electronics,7,376.34,166.37
2024-05-25,South,Clothing,15,205.87,62.76
2024-05-25,South,Home & Garden,13,468.82,119.47
2024-05-25,South,Sports,11,256.54,89.6
2024-05-25,East,Electronics,8,967.41,405.75
2024-05-25,East,Clothing,12,369.68,140.0
2024-05-25,East,Home & Garden,9,730.55,319.83
2024-05-25,East,Sports,9,238.28,71.67
2024-05-25,West,Electronics,6,584.59,198.53
2024-05-25,West,Clothing,7,208.52,63.83
2024-05-25,West,Home & Garden,10,455.38,161.92
2024-05-25,West,Sports,10,139.47,42.33
2024-05-26,North,Electronics,10,587.71,184.19
2024-05-26,North,Clothing,14,261.03,78.11
2024-05-26,North,Home & Garden,13,450.58,151.94
2024-05-26,North,Sports,9,210.98,79.96
2024-05-26,South,Electronics,8,722.64,194.91
2024-05-26,South,Clothing,10,164.48,68.76
2024-05-26,South,Home & Garden,15,490.49,129.5
2024-05-26,South,Sports,5,168.33,50.98
2024-05-26,East,Electronics,9,978.0,391.49
2024-05-26,East,Clothing,7,149.55,40.19
2024-05-26,East,Home & Garden,8,451.99,168.28
2024-05-26,East,Sports,11,220.8,75.36
2024-05-26,West,Electronics,14,855.86,370.5
2024-05-26,West,Clothing,8,195.65,69.76
2024-05-26,West,Home & Garden,7,377.3,167.7
2024-05-26,West,Sports,11,136.2,61.26
2024-05-27,North,Electronics,8,602.53,178.2
2024-05-27,North,Clothing,15,265.23,118.77
2024-05-27,North,Home & Garden,11,145.26,57.67
2024-05-27,North,Sports,10,228.7,64.21
2024-05-27,South,Electronics,3,438.06,126.6
2024-05-27,South,Clothing,10,220.24,78.28
2024-05-27,South,Home & Garden,8,411.49,107.68
2024-05-27,South,Sports,10,118.84,48.95
2024-05-27,East,Electronics,11,495.45,194.16
2024-05-27,East,Clothing,8,257.09,98.91
2024-05-27,East,Home & Garden,11,301.77,93.83
2024-05-27,East,Sports,13,165.37,52.79
2024-05-27,West,Electronics,4,626.37,267.68
2024-05-27,West,Clothing,10,160.33,46.97
2024-05-27,West,Home & Garden,11,427.31,149.88
2024-05-27,West,Sports,10,119.06,43.86
2024-05-28,North,Electronics,10,666.33,253.5
2024-05-28,North,Clothing,5,124.22,47.93
2024-05-28,North,Home & Garden,6,337.76,115.61
2024-05-28,North,Sports,12,184.98,79.37
2024-05-28,South,Electronics,5,376.7,161.25
2024-05-28,South,Clothing,8,215.09,74.59
2024-05-28,South,Home & Garden,11,240.23,98.42
2024-05-28,South,Sports,9,143.63,60.55
2024-05-28,East,Electronics,6,489.98,133.27
2024-05-28,East,Clothing,11,186.6,62.12
2024-05-28,East,Home & Garden,8,287.39,125.38
2024-05-28,East,Sports,6,199.04,73.65
2024-05-28,West,Electronics,11,499.6,183.65
2024-05-28,West,Clothing,7,279.71,101.62
2024-05-28,West,Home & Garden,11,269.58,109.62
2024-05-28,West,Sports,11,218.29,97.71
2024-05-29,North,Electronics,9,453.51,127.82
2024-05-29,North,Clothing,13,205.85,70.73
2024-05-29,North,Home & Garden,13,473.07,153.58
2024-05-29,North,Sports,12,139.95,58.0
2024-05-29,South,Electronics,5,471.92,186.72
2024-05-29,South,Clothing,6,148.63,47.93
2024-05-29,South,Home & Garden,9,320.24,123.67
2024-05-29,South,Sports,4,133.67,42.78
2024-05-29,East,Electronics,5,325.25,137.33
2024-05-29,East,Clothing,7,185.93,56.85
2024-05-29,East,Home & Garden,11,485.17,130.74
2024-05-29,East,Sports,4,165.77,70.1
2024-05-29,West,Electronics,7,487.88,213.86
2024-05-29,West,Clothing,7,150.49,60.21
2024-05-29,West,Home & Garden,10,313.9,83.46
2024-05-29,West,Sports,3,147.5,58.15
2024-05-30,North,Electronics,8,513.35,157.39
2024-05-30,North,Clothing,7,192.95,62.87
2024-05-30,North,Home & Garden,10,240.58,61.62
2024-05-30,North,Sports,10,153.67,58.14
2024-05-30,South,Electronics,7,365.87,164.52
2024-05-30,South,Clothing,8,131.23,58.68
2024-05-30,South,Home & Garden,5,273.89,118.83
2024-05-30,South,Sports,9,126.68,31.98
2024-05-30,East,Electronics,10,359.15,124.93
2024-05-30,East,Clothing,9,235.44,63.13
2024-05-30,East,Home & Garden,11,373.71,128.77
2024-05-30,East,Sports,6,217.43,68.52
2024-05-30,West,Electronics,12,451.0,117.45
2024-05-30,West,Clothing,6,158.75,46.96
2024-05-30,West,Home & Garden,3,253.53,77.28
2024-05-30,West,Sports,10,178.22,64.33
2024-05-31,North,Electronics,12,787.74,241.94
2024-05-31,North,Clothing,12,306.46,135.19
2024-05-31,North,Home & Garden,10,328.41,141.49
2024-05-31,North,Sports,5,69.49,17.82
2024-05-31,South,Electronics,4,467.52,150.58
2024-05-31,South,Clothing,13,175.5,71.63
2024-05-31,South,Home & Garden,12,279.96,111.07
2024-05-31,South,Sports,12,207.43,67.7
2024-05-31,East,Electronics,9,598.5,257.88
2024-05-31,East,Clothing,7,187.36,48.61
2024-05-31,East,Home & Garden,5,489.65,130.71
2024-05-31,East,Sports,8,217.31,68.24
2024-05-31,West,Electronics,9,765.99,322.99
2024-05-31,West,Clothing,6,162.76,57.84
2024-05-31,West,Home & Garden,9,343.54,152.57
2024-05-31,West,Sports,8,138.19,40.57
2024-06-01,North,Electronics,8,224.96,61.96
2024-06-01,North,Clothing,9,313.76,123.84
2024-06-01,North,Home & Garden,9,425.18,145.0
2024-06-01,North,Sports,10,179.95,54.44
2024-06-01,South,Electronics,14,560.73,146.8
2024-06-01,South,Clothing,19,246.88,62.98
2024-06-01,South,Home & Garden,10,365.09,113.59
2024-06-01,South,Sports,7,174.7,75.21
2024-06-01,East,Electronics,8,568.15,218.54
2024-06-01,East,Clothing,11,350.34,152.47
2024-06-01,East,Home & Garden,15,330.84,123.79
2024-06-01,East,Sports,13,131.7,38.24
2024-06-01,West,Electronics,10,848.02,330.23
2024-06-01,West,Clothing,7,237.24,98.0
2024-06-01,West,Home & Garden,14,403.8,108.89
2024-06-01,West,Sports,10,229.28,96.7
2024-06-02,North,Electronics,8,681.29,274.42
2024-06-02,North,Clothing,8,280.36,87.65
2024-06-02,North,Home & Garden,15,394.77,162.09
2024-06-02,North,Sports,9,268.95,101.28
2024-06-02,South,Electronics,12,418.73,150.25
2024-06-02,South,Clothing,11,277.71,111.71
2024-06-02,South,Home & Garden,12,396.02,165.73
2024-06-02,South,Sports,11,209.59,76.31
2024-06-02,East,Electronics,9,1090.23,322.2
2024-06-02,East,Clothing,12,260.49,97.1
2024-06-02,East,Home & Garden,9,561.99,187.73
2024-06-02,East,Sports,6,137.69,55.86
2024-06-02,West,Electronics,10,707.52,291.62
2024-06-02,West,Clothing,17,102.11,39.82
2024-06-02,West,Home & Garden,9,486.69,132.99
2024-06-02,West,Sports,13,224.3,63.82
2024-06-03,North,Electronics,6,645.6,214.74
2024-06-03,North,Clothing,10,282.0,81.14
2024-06-03,North,Home & Garden,9,289.17,129.15
2024-06-03,North,Sports,7,204.76,81.36
2024-06-03,South,Electronics,13,563.52,215.01
2024-06-03,South,Clothing,8,163.39,53.7
2024-06-03,South,Home & Garden,6,331.63,114.36
2024-06-03,South,Sports,9,196.84,66.8
2024-06-03,East,Electronics,6,711.94,285.72
2024-06-03,East,Clothing,4,182.36,53.56
2024-06-03,East,Home & Garden,7,356.92,158.0
2024-06-03,East,Sports,14,176.3,57.46
2024-06-03,West,Electronics,6,451.84,113.9
2024-06-03,West,Clothing,9,123.55,46.99
2024-06-03,West,Home & Garden,6,361.75,133.19
2024-06-03,West,Sports,9,197.29,86.58
2024-06-04,North,Electronics,5,820.6,273.74
2024-06-04,North,Clothing,7,154.33,42.47
2024-06-04,North,Home & Garden,7,217.81,79.67
2024-06-04,North,Sports,3,235.65,83.18
2024-06-04,South,Electronics,8,440.23,183.97
2024-06-04,South,Clothing,6,204.43,63.66
2024-06-04,South,Home & Garden,10,272.78,96.7
2024-06-04,South,Sports,4,132.45,39.77
2024-06-04,East,Electronics,4,640.33,275.12
2024-06-04,East,Clothing,11,224.36,90.18
2024-06-04,East,Home & Garden,6,497.72,160.63
2024-06-04,East,Sports,10,244.61,78.83
2024-06-04,West,Electronics,6,664.53,170.71
2024-06-04,West,Clothing,8,284.77,76.18
2024-06-04,West,Home & Garden,4,187.08,80.22
2024-06-04,West,Sports,7,140.17,36.86
2024-06-05,North,Electronics,14,554.76,211.09
2024-06-05,North,Clothing,6,198.96,56.06
2024-06-05,North,Home & Garden,7,403.91,104.8
2024-06-05,North,Sports,8,243.8,83.14
2024-06-05,South,Electronics,13,567.77,179.55
2024-06-05,South,Clothing,5,186.63,76.74
2024-06-05,South,Home & Garden,10,300.14,89.34
2024-06-05,South,Sports,11,131.46,44.35
2024-06-05,East,Electronics,8,485.5,171.83
2024-06-05,East,Clothing,6,129.05,56.28
2024-06-05,East,Home & Garden,6,521.31,151.44
2024-06-05,East,Sports,12,243.26,83.67
2024-06-05,West,Electronics,10,481.88,207.92
2024-06-05,West,Clothing,8,194.9,61.57
2024-06-05,West,Home & Garden,11,241.43,87.39
2024-06-05,West,Sports,7,108.95,31.61
2024-06-06,North,Electronics,10,499.5,217.89
2024-06-06,North,Clothing,5,197.93,60.81
2024-06-06,North,Home & Garden,4,344.47,95.89
2024-06-06,North,Sports,13,179.32,75.76
2024-06-06,South,Electronics,12,322.18,93.02
2024-06-06,South,Clothing,13,171.21,47.38
2024-06-06,South,Home & Garden,6,210.33,69.82
2024-06-06,South,Sports,3,158.42,67.31
2024-06-06,East,Electronics,7,560.49,206.92
2024-06-06,East,Clothing,4,222.01,69.98
2024-06-06,East,Home & Garden,10,438.08,181.79
2024-06-06,East,Sports,12,244.36,67.74
2024-06-06,West,Electronics,10,571.84,165.44
2024-06-06,West,Clothing,12,166.45,63.09
2024-06-06,West,Home & Garden,6,310.54,98.7
2024-06-06,West,Sports,4,162.86,48.38
2024-06-07,North,Electronics,7,703.94,315.21
2024-06-07,North,Clothing,6,193.7,54.85
2024-06-07,North,Home & Garden,9,541.19,214.21
2024-06-07,North,Sports,7,140.14,48.94
2024-06-07,South,Electronics,8,433.28,116.98
2024-06-07,South,Clothing,11,152.61,54.83
2024-06-07,South,Home & Garden,9,337.42,129.04
2024-06-07,South,Sports,6,36.74,12.99
2024-06-07,East,Electronics,8,596.22,262.42
2024-06-07,East,Clothing,8,231.52,92.38
2024-06-07,East,Home & Garden,6,322.48,107.46
2024-06-07,East,Sports,9,161.52,58.48
2024-06-07,West,Electronics,10,808.24,312.95
2024-06-07,West,Clothing,9,212.66,67.3
2024-06-07,West,Home & Garden,12,382.88,129.49
2024-06-07,West,Sports,5,169.76,76.06
2024-06-08,North,Electronics,10,386.1,101.78
2024-06-08,North,Clothing,7,266.98,117.81
2024-06-08,North,Home & Garden,14,313.71,108.96
2024-06-08,North,Sports,12,214.37,86.14
2024-06-08,South,Electronics,12,637.97,281.88
2024-06-08,South,Clothing,13,203.29,52.29
2024-06-08,South,Home & Garden,9,203.51,62.16
2024-06-08,South,Sports,12,208.3,87.13
2024-06-08,East,Electronics,8,643.63,197.72
2024-06-08,East,Clothing,15,218.57,68.35
2024-06-08,East,Home & Garden,13,328.18,103.25
2024-06-08,East,Sports,11,237.13,78.41
2024-06-08,West,Electronics,8,475.4,171.51
2024-06-08,West,Clothing,13,298.56,124.65
2024-06-08,West,Home & Garden,13,312.37,96.29
2024-06-08,West,Sports,10,161.18,40.83
2024-06-09,North,Electronics,12,866.73,295.92
2024-06-09,North,Clothing,8,314.33,85.25
2024-06-09,North,Home & Garden,9,442.54,120.85
2024-06-09,North,Sports,14,181.64,71.82
2024-06-09,South,Electronics,9,220.8,75.37
2024-06-09,South,Clothing,8,195.01,75.31
2024-06-09,South,Home & Garden,12,296.44,94.4
2024-06-09,South,Sports,13,171.3,46.5
2024-06-09,East,Electronics,14,597.45,268.46
2024-06-09,East,Clothing,15,248.85,84.45
2024-06-09,East,Home & Garden,14,331.06,116.71
2024-06-09,East,Sports,12,189.11,65.45
2024-06-09,West,Electronics,8,904.33,303.94
2024-06-09,West,Clothing,14,292.52,114.06
2024-06-09,West,Home & Garden,23,374.41,126.37
2024-06-09,West,Sports,7,168.15,64.34
2024-06-10,North,Electronics,6,501.65,166.05
2024-06-10,North,Clothing,5,233.32,67.75
2024-06-10,North,Home & Garden,8,297.33,126.23
2024-06-10,North,Sports,9,173.83,43.71
2024-06-10,South,Electronics,8,454.75,130.01
2024-06-10,South,Clothing,5,161.81,55.56
2024-06-10,South,Home & Garden,5,265.05,69.01
2024-06-10,South,Sports,8,143.16,46.45
2024-06-10,East,Electronics,7,749.6,211.88
2024-06-10,East,Clothing,4,232.84,81.38
2024-06-10,East,Home & Garden,12,606.21,266.92
2024-06-10,East,Sports,9,165.52,72.78
2024-06-10,West,Electronics,5,410.7,180.37
2024-06-10,West,Clothing,9,160.98,58.96
2024-06-10,West,Home & Garden,9,364.51,113.48
2024-06-10,West,Sports,5,145.69,61.01
2024-06-11,North,Electronics,9,531.89,184.82
2024-06-11,North,Clothing,6,187.47,69.79
2024-06-11,North,Home & Garden,13,197.75,59.1
2024-06-11,North,Sports,10,169.04,45.52
2024-06-11,South,Electronics,6,564.94,188.41
2024-06-11,South,Clothing,6,195.19,58.44
2024-06-11,South,Home & Garden,12,110.23,34.89
2024-06-11,South,Sports,6,137.57,44.93
2024-06-11,East,Electronics,2,755.92,196.54
2024-06-11,East,Clothing,9,257.44,68.04
2024-06-11,East,Home & Garden,8,278.78,106.9
2024-06-11,East,Sports,10,259.16,75.93
2024-06-11,West,Electronics,11,200.25,76.22
2024-06-11,West,Clothing,7,181.67,64.47
2024-06-11,West,Home & Garden,4,393.83,171.52
2024-06-11,West,Sports,13,106.02,37.16
2024-06-12,North,Electronics,10,459.49,169.05
2024-06-12,North,Clothing,5,264.79,77.96
2024-06-12,North,Home & Garden,9,324.18,108.28
2024-06-12,North,Sports,4,172.63,56.17
2024-06-12,South,Electronics,10,385.42,151.91
2024-06-12,South,Clothing,4,97.36,35.87
2024-06-12,South,Home & Garden,9,304.39,91.84
2024-06-12,South,Sports,10,180.3,76.56
2024-06-12,East,Electronics,7,529.47,229.72
2024-06-12,East,Clothing,4,222.9,58.44
2024-06-12,East,Home & Garden,12,101.16,39.34
2024-06-12,East,Sports,8,147.22,59.75
2024-06-12,West,Electronics,12,754.57,190.79
2024-06-12,West,Clothing,7,179.36,60.56
2024-06-12,West,Home & Garden,10,437.74,113.71
2024-06-12,West,Sports,9,114.08,36.42
2024-06-13,North,Electronics,11,538.61,141.76
2024-06-13,North,Clothing,2,195.26,74.24
2024-06-13,North,Home & Garden,5,217.83,86.87
2024-06-13,North,Sports,10,234.36,58.91
2024-06-13,South,Electronics,6,538.75,157.63
2024-06-13,South,Clothing,10,229.89,79.29
2024-06-13,South,Home & Garden,5,241.3,97.28
2024-06-13,South,Sports,6,163.28,59.29
2024-06-13,East,Electronics,7,530.61,167.7
2024-06-13,East,Clothing,8,351.98,101.31
2024-06-13,East,Home & Garden,10,188.14,69.73
2024-06-13,East,Sports,6,144.44,47.49
2024-06-13,West,Electronics,11,396.53,157.8
2024-06-13,West,Clothing,10,187.85,56.77
2024-06-13,West,Home & Garden,6,398.45,150.0
2024-06-13,West,Sports,6,170.1,67.53
2024-06-14,North,Electronics,8,571.27,246.7
2024-06-14,North,Clothing,10,183.98,78.15
2024-06-14,North,Home & Garden,10,455.85,178.02
2024-06-14,North,Sports,8,229.09,94.25
2024-06-14,South,Electronics,11,492.23,207.69
2024-06-14,South,Clothing,9,159.55,57.33
2024-06-14,South,Home & Garden,8,261.02,74.9
2024-06-14,South,Sports,8,138.14,43.2
2024-06-14,East,Electronics,7,820.33,321.99
2024-06-14,East,Clothing,7,236.12,60.69
2024-06-14,East,Home & Garden,9,198.78,68.08
2024-06-14,East,Sports,6,181.3,75.72
2024-06-14,West,Electronics,5,603.16,246.01
2024-06-14,West,Clothing,7,186.74,60.46
2024-06-14,West,Home & Garden,8,346.34,131.68
2024-06-14,West,Sports,10,77.19,33.81
2024-06-15,North,Electronics,9,776.38,222.58
2024-06-15,North,Clothing,11,340.02,122.83
2024-06-15,North,Home & Garden,9,375.56,153.65
2024-06-15,North,Sports,15,268.67,86.69
2024-06-15,South,Electronics,12,537.47,167.1
2024-06-15,South,Clothing,8,303.92,79.15
2024-06-15,South,Home & Garden,14,318.27,88.12
2024-06-15,South,Sports,10,125.27,39.77
2024-06-15,East,Electronics,13,535.03,219.28
2024-06-15,East,Clothing,10,210.23,65.34
2024-06-15,East,Home & Garden,11,156.86,49.03
2024-06-15,East,Sports,15,251.39,99.45
2024-06-15,West,Electronics,12,597.81,178.65
2024-06-15,West,Clothing,11,329.25,115.6
2024-06-15,West,Home & Garden,8,453.07,161.18
2024-06-15,West,Sports,6,299.23,130.64
2024-06-16,North,Electronics,12,658.35,185.09
2024-06-16,North,Clothing,5,398.09,118.12
2024-06-16,North,Home & Garden,20,395.21,158.14
2024-06-16,North,Sports,10,218.05,64.7
2024-06-16,South,Electronics,11,414.9,110.81
2024-06-16,South,Clothing,14,113.05,50.87
2024-06-16,South,Home & Garden,7,296.68,99.12
2024-06-16,South,Sports,18,155.54,54.89
2024-06-16,East,Electronics,13,620.15,213.27
2024-06-16,East,Clothing,11,359.0,109.38
2024-06-16,East,Home & Garden,10,405.49,158.47
2024-06-16,East,Sports,8,245.71,90.0
2024-06-16,West,Electronics,9,922.03,407.73
2024-06-16,West,Clothing,6,274.06,104.39
2024-06-16,West,Home & Garden,10,301.47,97.41
2024-06-16,West,Sports,6,211.94,68.81
2024-06-17,North,Electronics,7,683.1,256.42
2024-06-17,North,Clothing,9,348.64,113.59
2024-06-17,North,Home & Garden,12,224.82,85.86
2024-06-17,North,Sports,10,171.26,45.2
2024-06-17,South,Electronics,13,458.96,188.92
2024-06-17,South,Clothing,11,173.54,65.8
2024-06-17,South,Home & Garden,8,276.02,87.75
2024-06-17,South,Sports,0,141.84,62.04
2024-06-17,East,Electronics,8,770.89,255.6
2024-06-17,East,Clothing,3,221.61,88.23
2024-06-17,East,Home & Garden,8,166.75,64.05
2024-06-17,East,Sports,8,145.43,58.21
2024-06-17,West,Electronics,5,445.67,169.55
2024-06-17,West,Clothing,14,200.98,72.78
2024-06-17,West,Home & Garden,5,295.43,131.3
2024-06-17,West,Sports,6,159.05,61.98
2024-06-18,North,Electronics,12,568.86,255.38
2024-06-18,North,Clothing,8,303.12,128.84
2024-06-18,North,Home & Garden,6,211.35,85.12
2024-06-18,North,Sports,7,154.43,54.02
2024-06-18,South,Electronics,7,579.17,231.27
2024-06-18,South,Clothing,6,255.8,106.26
2024-06-18,South,Home & Garden,8,310.44,82.23
2024-06-18,South,Sports,5,111.3,34.64
2024-06-18,East,Electronics,9,805.5,270.35
2024-06-18,East,Clothing,13,212.77,73.91
2024-06-18,East,Home & Garden,9,329.72,95.81
2024-06-18,East,Sports,10,251.99,68.31
2024-06-18,West,Electronics,7,640.97,174.89
2024-06-18,West,Clothing,5,267.43,114.37
2024-06-18,West,Home & Garden,3,393.16,123.96
2024-06-18,West,Sports,12,136.9,53.98
2024-06-19,North,Electronics,4,590.32,251.7
2024-06-19,North,Clothing,11,124.78,47.86
2024-06-19,North,Home & Garden,11,206.61,57.44
2024-06-19,North,Sports,3,183.65,72.52
2024-06-19,South,Electronics,12,360.93,100.28
2024-06-19,South,Clothing,7,195.28,85.77
2024-06-19,South,Home & Garden,10,360.85,96.86
2024-06-19,South,Sports,8,137.98,61.17
2024-06-19,East,Electronics,10,387.02,148.94
2024-06-19,East,Clothing,7,168.56,68.55
2024-06-19,East,Home & Garden,6,382.76,96.79
2024-06-19,East,Sports,11,251.92,91.48
2024-06-19,West,Electronics,7,623.8,231.41
2024-06-19,West,Clothing,6,205.28,82.06
2024-06-19,West,Home & Garden,7,388.82,172.76
2024-06-19,West,Sports,13,166.37,70.9
2024-06-20,North,Electronics,6,537.05,225.57
2024-06-20,North,Clothing,5,254.98,103.4
2024-06-20,North,Home & Garden,13,268.36,88.82
2024-06-20,North,Sports,8,98.17,27.14
2024-06-20,South,Electronics,9,340.46,138.59
2024-06-20,South,Clothing,6,248.68,75.31
2024-06-20,South,Home & Garden,5,285.06,121.28
2024-06-20,South,Sports,9,137.33,59.16
2024-06-20,East,Electronics,11,695.78,202.91
2024-06-20,East,Clothing,4,229.48,63.42
2024-06-20,East,Home & Garden,9,271.81,73.89
2024-06-20,East,Sports,10,206.79,88.92
2024-06-20,West,Electronics,8,448.49,182.03
2024-06-20,West,Clothing,11,236.93,92.52
2024-06-20,West,Home & Garden,5,407.15,178.88
2024-06-20,West,Sports,9,179.26,79.76
2024-06-21,North,Electronics,7,599.48,197.43
2024-06-21,North,Clothing,10,165.81,45.15
2024-06-21,North,Home & Garden,13,252.32,113.17
2024-06-21,North,Sports,6,185.87,54.57
2024-06-21,South,Electronics,10,360.74,101.51
2024-06-21,South,Clothing,3,169.49,75.4
2024-06-21,South,Home & Garden,4,264.3,96.82
2024-06-21,South,Sports,10,112.97,39.74
2024-06-21,East,Electronics,14,873.93,280.17
2024-06-21,East,Clothing,8,185.54,54.56
2024-06-21,East,Home & Garden,7,390.38,126.38
2024-06-21,East,Sports,9,178.46,67.21
2024-06-21,West,Electronics,11,740.64,226.78
2024-06-21,West,Clothing,5,239.44,92.96
2024-06-21,West,Home & Garden,5,373.85,93.94
2024-06-21,West,Sports,9,199.71,65.08
2024-06-22,North,Electronics,14,474.16,136.92
2024-06-22,North,Clothing,5,312.51,95.51
2024-06-22,North,Home & Garden,16,438.88,126.3
2024-06-22,North,Sports,4,117.42,50.04
2024-06-22,South,Electronics,13,809.13,337.92
2024-06-22,South,Clothing,10,154.49,45.4
2024-06-22,South,Home & Garden,16,295.44,89.53
2024-06-22,South,Sports,15,152.47,66.36
2024-06-22,East,Electronics,10,410.87,167.65
2024-06-22,East,Clothing,9,297.85,95.68
2024-06-22,East,Home & Garden,13,606.1,243.71
2024-06-22,East,Sports,5,160.99,46.01
2024-06-22,West,Electronics,11,447.16,196.85
2024-06-22,West,Clothing,11,230.36,75.91
2024-06-22,West,Home & Garden,6,513.16,167.39
2024-06-22,West,Sports,12,265.33,87.66
2024-06-23,North,Electronics,10,413.27,150.71
2024-06-23,North,Clothing,12,303.19,131.72
2024-06-23,North,Home & Garden,13,299.4,119.97
2024-06-23,North,Sports,10,178.88,59.55
2024-06-23,South,Electronics,11,428.33,145.02
2024-06-23,South,Clothing,13,139.07,59.49
2024-06-23,South,Home & Garden,14,402.98,159.45
2024-06-23,South,Sports,8,206.38,87.34
2024-06-23,East,Electronics,8,550.32,153.56
2024-06-23,East,Clothing,2,278.87,86.17
2024-06-23,East,Home & Garden,10,560.06,233.34
2024-06-23,East,Sports,8,268.54,78.01
2024-06-23,West,Electronics,12,557.51,245.87
2024-06-23,West,Clothing,6,230.86,71.71
2024-06-23,West,Home & Garden,8,252.27,88.2
2024-06-23,West,Sports,12,209.77,84.42
2024-06-24,North,Electronics,7,558.62,166.21
2024-06-24,North,Clothing,9,244.69,96.01
2024-06-24,North,Home & Garden,7,341.63,95.11
2024-06-24,North,Sports,8,147.65,39.54
2024-06-24,South,Electronics,11,459.25,118.39
2024-06-24,South,Clothing,6,92.61,23.68
2024-06-24,South,Home & Garden,7,377.53,129.4
2024-06-24,South,Sports,8,99.96,37.05
2024-06-24,East,Electronics,6,617.95,232.44
2024-06-24,East,Clothing,11,227.7,84.89
2024-06-24,East,Home & Garden,8,332.18,141.29
2024-06-24,East,Sports,12,183.69,72.56
2024-06-24,West,Electronics,18,548.19,162.56
2024-06-24,West,Clothing,12,186.5,58.88
2024-06-24,West,Home & Garden,11,130.55,55.27
2024-06-24,West,Sports,10,127.53,36.63
2024-06-25,North,Electronics,9,182.86,52.07
2024-06-25,North,Clothing,6,280.48,74.89
2024-06-25,North,Home & Garden,8,406.75,126.18
2024-06-25,North,Sports,4,160.31,52.5
2024-06-25,South,Electronics,4,626.15,177.0
2024-06-25,South,Clothing,8,207.94,93.01
2024-06-25,South,Home & Garden,5,234.28,90.3
2024-06-25,South,Sports,5,127.65,34.48
2024-06-25,East,Electronics,6,642.17,258.6
2024-06-25,East,Clothing,5,180.63,66.63
2024-06-25,East,Home & Garden,6,390.29,158.9
2024-06-25,East,Sports,4,156.76,60.62
2024-06-25,West,Electronics,7,593.83,196.24
2024-06-25,West,Clothing,11,191.61,82.07
2024-06-25,West,Home & Garden,10,332.34,147.99
2024-06-25,West,Sports,9,155.01,60.75
2024-06-26,North,Electronics,7,736.12,224.61
2024-06-26,North,Clothing,9,220.02,90.71
2024-06-26,North,Home & Garden,7,348.66,152.79
2024-06-26,North,Sports,4,96.27,24.89
2024-06-26,South,Electronics,7,474.01,192.77
2024-06-26,South,Clothing,9,258.89,80.83
2024-06-26,South,Home & Garden,7,202.41,52.91
2024-06-26,South,Sports,10,204.5,78.27
2024-06-26,East,Electronics,8,517.97,177.01
2024-06-26,East,Clothing,7,245.21,95.77
2024-06-26,East,Home & Garden,12,278.39,75.03
2024-06-26,East,Sports,3,196.86,76.03
2024-06-26,West,Electronics,7,560.57,218.32
2024-06-26,West,Clothing,9,252.11,84.35
2024-06-26,West,Home & Garden,7,202.98,67.76
2024-06-26,West,Sports,9,136.44,51.91
2024-06-27,North,Electronics,3,506.22,173.36
2024-06-27,North,Clothing,7,260.0,70.52
2024-06-27,North,Home & Garden,10,314.6,103.57
2024-06-27,North,Sports,12,129.89,50.54
2024-06-27,South,Electronics,7,534.47,162.52
2024-06-27,South,Clothing,7,91.41,36.4
2024-06-27,South,Home & Garden,7,427.69,108.95
2024-06-27,South,Sports,7,147.08,45.82
2024-06-27,East,Electronics,11,685.54,277.67
2024-06-27,East,Clothing,4,285.3,96.82
2024-06-27,East,Home & Garden,9,262.22,103.16
2024-06-27,East,Sports,8,222.75,87.92
2024-06-27,West,Electronics,9,485.4,207.06
2024-06-27,West,Clothing,6,221.71,80.25
2024-06-27,West,Home & Garden,7,279.58,118.42
2024-06-27,West,Sports,5,154.83,48.53
2024-06-28,North,Electronics,7,625.38,262.72
2024-06-28,North,Clothing,7,265.51,81.04
2024-06-28,North,Home & Garden,5,358.24,113.75
2024-06-28,North,Sports,9,216.12,69.31
2024-06-28,South,Electronics,5,340.14,145.16
2024-06-28,South,Clothing,7,196.67,87.95
2024-06-28,South,Home & Garden,8,194.02,52.11
2024-06-28,South,Sports,9,116.75,49.37
2024-06-28,East,Electronics,10,587.41,256.87
2024-06-28,East,Clothing,9,238.19,76.27
2024-06-28,East,Home & Garden,10,476.8,148.7
2024-06-28,East,Sports,9,165.95,64.24
2024-06-28,West,Electronics,8,382.39,167.83
2024-06-28,West,Clothing,10,174.63,72.42
2024-06-28,West,Home & Garden,7,284.36,82.4
2024-06-28,West,Sports,6,137.59,42.38
2024-06-29,North,Electronics,10,877.87,259.18
2024-06-29,North,Clothing,13,383.77,128.63
2024-06-29,North,Home & Garden,11,481.21,214.04
2024-06-29,North,Sports,9,242.07,85.41
2024-06-29,South,Electronics,10,252.18,85.44
2024-06-29,South,Clothing,7,253.02,66.42
2024-06-29,South,Home & Garden,8,289.9,113.88
2024-06-29,South,Sports,5,214.05,66.0
2024-06-29,East,Electronics,5,532.42,207.72
2024-06-29,East,Clothing,10,237.18,99.8
2024-06-29,East,Home & Garden,8,463.28,116.93
2024-06-29,East,Sports,13,232.15,77.73
2024-06-29,West,Electronics,13,834.59,263.87
2024-06-29,West,Clothing,13,288.21,118.14
2024-06-29,West,Home & Garden,7,472.04,176.68
2024-06-29,West,Sports,16,217.08,77.24
2024-06-30,North,Electronics,14,731.57,210.58
2024-06-30,North,Clothing,16,188.52,56.31
2024-06-30,North,Home & Garden,11,351.07,130.26
2024-06-30,North,Sports,13,185.14,64.91
2024-06-30,South,Electronics,11,580.4,237.01
2024-06-30,South,Clothing,13,228.59,76.33
2024-06-30,South,Home & Garden,7,304.26,111.02
2024-06-30,South,Sports,10,104.14,34.68
2024-06-30,East,Electronics,18,1119.16,327.38
2024-06-30,East,Clothing,15,231.34,89.58
2024-06-30,East,Home & Garden,9,483.9,188.29
2024-06-30,East,Sports,7,262.15,88.28
2024-06-30,West,Electronics,14,622.46,208.48
2024-06-30,West,Clothing,7,343.51,95.67
2024-06-30,West,Home & Garden,8,449.81,192.52
2024-06-30,West,Sports,13,167.62,53.5
2024-07-01,North,Electronics,11,410.41,123.35
2024-07-01,North,Clothing,13,291.81,103.05
2024-07-01,North,Home & Garden,8,460.68,181.01
2024-07-01,North,Sports,7,110.64,42.46
2024-07-01,South,Electronics,5,582.79,166.52
2024-07-01,South,Clothing,5,196.84,55.44
2024-07-01,South,Home & Garden,6,269.91,87.13
2024-07-01,South,Sports,8,156.17,63.76
2024-07-01,East,Electronics,7,623.01,267.55
2024-07-01,East,Clothing,6,168.02,52.72
2024-07-01,East,Home & Garden,11,368.19,106.21
2024-07-01,East,Sports,7,208.21,68.14
2024-07-01,West,Electronics,3,452.43,186.81
2024-07-01,West,Clothing,7,187.28,73.63
2024-07-01,West,Home & Garden,4,291.7,102.13
2024-07-01,West,Sports,8,216.17,83.45
2024-07-02,North,Electronics,3,678.12,183.17
2024-07-02,North,Clothing,8,245.46,87.01
2024-07-02,North,Home & Garden,6,174.99,51.11
2024-07-02,North,Sports,4,172.3,43.57
2024-07-02,South,Electronics,4,371.06,128.44
2024-07-02,South,Clothing,5,165.45,66.5
2024-07-02,South,Home & Garden,8,369.28,94.17
2024-07-02,South,Sports,6,193.61,48.67
2024-07-02,East,Electronics,5,690.58,273.7
2024-07-02,East,Clothing,5,372.56,101.36
2024-07-02,East,Home & Garden,8,416.43,134.1
2024-07-02,East,Sports,6,146.92,55.73
2024-07-02,West,Electronics,10,387.64,154.77
2024-07-02,West,Clothing,9,199.13,88.54
2024-07-02,West,Home & Garden,7,375.48,150.31
2024-07-02,West,Sports,9,175.9,74.44
2024-07-03,North,Electronics,6,362.05,118.74
2024-07-03,North,Clothing,7,220.31,57.57
2024-07-03,North,Home & Garden,5,366.85,95.14
2024-07-03,North,Sports,5,251.74,87.71
2024-07-03,South,Electronics,6,368.73,93.75
2024-07-03,South,Clothing,12,178.34,71.52
2024-07-03,South,Home & Garden,5,235.59,79.47
2024-07-03,South,Sports,6,126.51,36.47
2024-07-03,East,Electronics,8,550.05,164.84
2024-07-03,East,Clothing,10,136.65,48.91
2024-07-03,East,Home & Garden,13,523.09,187.52
2024-07-03,East,Sports,5,114.15,42.1
2024-07-03,West,Electronics,10,477.71,153.07
2024-07-03,West,Clothing,5,212.59,63.03
2024-07-03,West,Home & Garden,9,207.35,68.85
2024-07-03,West,Sports,6,136.86,58.3
2024-07-04,North,Electronics,7,479.87,193.01
2024-07-04,North,Clothing,9,194.76,84.33
2024-07-04,North,Home & Garden,10,163.11,64.54
2024-07-04,North,Sports,10,178.05,74.85
2024-07-04,South,Electronics,4,235.62,72.03
2024-07-04,South,Clothing,10,227.53,80.34
2024-07-04,South,Home & Garden,8,302.02,107.74
2024-07-04,South,Sports,10,117.92,36.56
2024-07-04,East,Electronics,8,641.63,284.65
2024-07-04,East,Clothing,6,259.78,73.41
2024-07-04,East,Home & Garden,11,480.6,179.48
2024-07-04,East,Sports,6,163.21,53.05
2024-07-04,West,Electronics,11,670.92,191.09
2024-07-04,West,Clothing,8,164.53,42.16
2024-07-04,West,Home & Garden,7,326.85,84.56
2024-07-04,West,Sports,9,99.69,41.55
2024-07-05,North,Electronics,8,408.38,181.94
2024-07-05,North,Clothing,9,183.21,55.74
2024-07-05,North,Home & Garden,5,442.67,161.08
2024-07-05,North,Sports,9,116.14,48.92
2024-07-05,South,Electronics,10,381.67,123.87
2024-07-05,South,Clothing,7,127.16,41.23
2024-07-05,South,Home & Garden,9,267.45,90.56
2024-07-05,South,Sports,4,79.76,31.8
2024-07-05,East,Electronics,13,656.26,204.08
2024-07-05,East,Clothing,7,305.98,111.68
2024-07-05,East,Home & Garden,9,469.66,133.83
2024-07-05,East,Sports,10,152.78,48.49
2024-07-05,West,Electronics,7,596.82,233.76
2024-07-05,West,Clothing,7,205.9,73.24
2024-07-05,West,Home & Garden,9,285.26,105.67
2024-07-05,West,Sports,6,178.3,66.12
2024-07-06,North,Electronics,6,966.06,318.76
2024-07-06,North,Clothing,10,405.03,146.29
2024-07-06,North,Home & Garden,7,167.65,50.32
2024-07-06,North,Sports,12,245.17,77.05
2024-07-06,South,Electronics,12,332.85,103.58
2024-07-06,South,Clothing,9,256.01,88.8
2024-07-06,South,Home & Garden,10,377.68,167.5
2024-07-06,South,Sports,9,179.67,67.05
2024-07-06,East,Electronics,8,442.4,144.77
2024-07-06,East,Clothing,10,289.26,98.53
2024-07-06,East,Home & Garden,13,542.91,205.89
2024-07-06,East,Sports,16,278.59,116.86
2024-07-06,West,Electronics,11,950.07,347.06
2024-07-06,West,Clothing,11,175.32,75.08
2024-07-06,West,Home & Garden,11,489.35,164.27
2024-07-06,West,Sports,11,145.12,62.48
2024-07-07,North,Electronics,12,754.09,225.25
2024-07-07,North,Clothing,11,348.09,94.67
2024-07-07,North,Home & Garden,12,345.35,92.16
2024-07-07,North,Sports,9,192.04,62.62
2024-07-07,South,Electronics,14,680.36,295.53
2024-07-07,South,Clothing,10,309.78,126.42
2024-07-07,South,Home & Garden,8,324.85,83.68
2024-07-07,South,Sports,5,173.11,53.6
2024-07-07,East,Electronics,14,548.71,145.33
2024-07-07,East,Clothing,7,374.0,142.91
2024-07-07,East,Home & Garden,12,481.76,153.14
2024-07-07,East,Sports,9,154.31,39.38
2024-07-07,West,Electronics,7,989.1,339.53
2024-07-07,West,Clothing,7,208.94,62.31
2024-07-07,West,Home & Garden,8,279.73,87.37
2024-07-07,West,Sports,9,156.78,47.77
2024-07-08,North,Electronics,11,528.15,215.82
2024-07-08,North,Clothing,5,139.31,43.65
2024-07-08,North,Home & Garden,6,350.75,127.07
2024-07-08,North,Sports,10,178.06,58.28
2024-07-08,South,Electronics,10,355.33,136.5
2024-07-08,South,Clothing,9,165.73,58.4
2024-07-08,South,Home & Garden,10,308.85,129.82
2024-07-08,South,Sports,4,151.83,47.09
2024-07-08,East,Electronics,11,690.83,257.28
2024-07-08,East,Clothing,15,230.5,80.83
2024-07-08,East,Home & Garden,8,395.7,115.85
2024-07-08,East,Sports,8,171.29,74.48
2024-07-08,West,Electronics,4,346.19,147.49
2024-07-08,West,Clothing,9,220.71,60.76
2024-07-08,West,Home & Garden,9,248.7,108.95
2024-07-08,West,Sports,8,114.15,44.52
2024-07-09,North,Electronics,6,544.69,158.93
2024-07-09,North,Clothing,6,182.34,67.62
2024-07-09,North,Home & Garden,8,213.73,69.15
2024-07-09,North,Sports,6,161.04,49.41
2024-07-09,South,Electronics,4,530.72,235.68
2024-07-09,South,Clothing,6,135.35,45.53
2024-07-09,South,Home & Garden,7,292.7,121.09
2024-07-09,South,Sports,9,118.9,37.81
2024-07-09,East,Electronics,7,579.52,233.12
2024-07-09,East,Clothing,8,238.57,89.71
2024-07-09,East,Home & Garden,11,324.18,122.69
2024-07-09,East,Sports,10,181.22,79.75
2024-07-09,West,Electronics,9,531.82,169.81
2024-07-09,West,Clothing,6,167.49,73.89
2024-07-09,West,Home & Garden,7,233.98,75.12
2024-07-09,West,Sports,13,144.04,55.71
2024-07-10,North,Electronics,7,237.74,82.49
2024-07-10,North,Clothing,4,143.51,54.55
2024-07-10,North,Home & Garden,4,339.64,130.18
2024-07-10,North,Sports,8,156.53,69.76
2024-07-10,South,Electronics,10,360.72,161.25
2024-07-10,South,Clothing,9,194.28,60.86
2024-07-10,South,Home & Garden,4,264.47,83.36
2024-07-10,South,Sports,3,101.23,38.59
2024-07-10,East,Electronics,8,801.31,350.97
2024-07-10,East,Clothing,11,238.63,82.77
2024-07-10,East,Home & Garden,10,399.33,109.39
2024-07-10,East,Sports,16,158.74,50.29
2024-07-10,West,Electronics,11,333.61,126.65
2024-07-10,West,Clothing,6,148.77,37.83
2024-07-10,West,Home & Garden,10,397.36,149.86
2024-07-10,West,Sports,9,143.14,62.55
2024-07-11,North,Electronics,6,583.11,217.24
2024-07-11,North,Clothing,8,219.81,65.56
2024-07-11,North,Home & Garden,9,293.7,102.19
2024-07-11,North,Sports,10,138.1,46.34
2024-07-11,South,Electronics,12,236.42,77.33
2024-07-11,South,Clothing,6,235.56,93.86
2024-07-11,South,Home & Garden,5,315.52,86.22
2024-07-11,South,Sports,12,134.51,39.55
2024-07-11,East,Electronics,8,573.66,193.57
2024-07-11,East,Clothing,12,258.57,72.8
2024-07-11,East,Home & Garden,12,413.91,116.82
2024-07-11,East,Sports,7,166.17,70.48
2024-07-11,West,Electronics,5,424.51,106.6
2024-07-11,West,Clothing,6,204.28,64.67
2024-07-11,West,Home & Garden,10,453.8,120.6
2024-07-11,West,Sports,8,147.14,46.35
2024-07-12,North,Electronics,6,653.53,245.2
2024-07-12,North,Clothing,10,240.73,105.84
2024-07-12,North,Home & Garden,15,414.62,164.9
2024-07-12,North,Sports,8,102.28,30.7
2024-07-12,South,Electronics,7,602.9,269.14
2024-07-12,South,Clothing,9,130.75,52.53
2024-07-12,South,Home & Garden,9,222.82,96.34
2024-07-12,South,Sports,5,101.28,44.21
2024-07-12,East,Electronics,8,521.62,170.38
2024-07-12,East,Clothing,8,227.26,67.08
2024-07-12,East,Home & Garden,8,378.49,110.74
2024-07-12,East,Sports,9,178.21,50.71
2024-07-12,West,Electronics,7,346.37,132.06
2024-07-12,West,Clothing,9,184.46,72.87
2024-07-12,West,Home & Garden,9,290.98,107.71
2024-07-12,West,Sports,9,180.11,78.73
2024-07-13,North,Electronics,12,514.69,137.86
2024-07-13,North,Clothing,7,189.76,83.05
2024-07-13,North,Home & Garden,3,641.51,179.44
2024-07-13,North,Sports,5,268.64,98.09
2024-07-13,South,Electronics,9,514.37,161.49
2024-07-13,South,Clothing,8,273.44,110.84
2024-07-13,South,Home & Garden,13,441.26,144.94
2024-07-13,South,Sports,12,161.31,57.56
2024-07-13,East,Electronics,13,734.74,312.51
2024-07-13,East,Clothing,13,180.19,66.63
2024-07-13,East,Home & Garden,7,556.39,172.46
2024-07-13,East,Sports,14,156.38,48.89
2024-07-13,West,Electronics,13,554.94,158.71
2024-07-13,West,Clothing,12,144.03,37.41
2024-07-13,West,Home & Garden,12,203.86,72.35
2024-07-13,West,Sports,9,110.75,35.85
2024-07-14,North,Electronics,6,736.49,326.56
2024-07-14,North,Clothing,10,283.06,98.38
2024-07-14,North,Home & Garden,12,301.61,89.48
2024-07-14,North,Sports,14,147.65,49.35
2024-07-14,South,Electronics,3,625.34,246.99
2024-07-14,South,Clothing,6,313.81,118.06
2024-07-14,South,Home & Garden,9,340.34,135.42
2024-07-14,South,Sports,9,230.19,66.56
2024-07-14,East,Electronics,10,794.8,337.78
2024-07-14,East,Clothing,13,321.68,86.7
2024-07-14,East,Home & Garden,12,541.91,171.53
2024-07-14,East,Sports,13,191.4,52.74
2024-07-14,West,Electronics,7,440.01,193.58
2024-07-14,West,Clothing,13,329.91,146.86
2024-07-14,West,Home & Garden,7,349.23,143.95
2024-07-14,West,Sports,12,74.61,25.29
2024-07-15,North,Electronics,6,502.77,139.72
2024-07-15,North,Clothing,6,198.05,51.92
2024-07-15,North,Home & Garden,12,373.5,128.97
2024-07-15,North,Sports,8,155.0,62.72
2024-07-15,South,Electronics,14,422.3,172.09
2024-07-15,South,Clothing,6,179.21,58.31
2024-07-15,South,Home & Garden,15,228.07,74.28
2024-07-15,South,Sports,8,130.17,43.75
2024-07-15,East,Electronics,5,514.82,153.01
2024-07-15,East,Clothing,6,241.42,73.83
2024-07-15,East,Home & Garden,5,476.23,207.97
2024-07-15,East,Sports,11,187.15,58.86
2024-07-15,West,Electronics,10,636.1,256.52
2024-07-15,West,Clothing,9,209.43,59.21
2024-07-15,West,Home & Garden,6,280.49,78.8
2024-07-15,West,Sports,13,144.39,58.61
2024-07-16,North,Electronics,8,692.23,306.56
2024-07-16,North,Clothing,8,183.42,72.8
2024-07-16,North,Home & Garden,8,351.29,152.48
2024-07-16,North,Sports,13,195.12,62.09
2024-07-16,South,Electronics,8,527.69,220.6
2024-07-16,South,Clothing,10,229.03,70.15
2024-07-16,South,Home & Garden,7,313.53,127.37
2024-07-16,South,Sports,15,113.48,48.7
2024-07-16,East,Electronics,7,499.29,160.56
2024-07-16,East,Clothing,12,197.17,84.48
2024-07-16,East,Home & Garden,5,303.48,119.27
2024-07-16,East,Sports,6,206.67,76.23
2024-07-16,West,Electronics,11,521.01,218.89
2024-07-16,West,Clothing,9,163.85,69.41
2024-07-16,West,Home & Garden,11,409.34,182.85
2024-07-16,West,Sports,8,144.98,54.3
2024-07-17,North,Electronics,5,578.4,224.63
2024-07-17,North,Clothing,6,215.92,82.18
2024-07-17,North,Home & Garden,1,384.12,166.95
2024-07-17,North,Sports,9,167.6,56.14
2024-07-17,South,Electronics,5,450.99,118.93
2024-07-17,South,Clothing,11,100.88,30.11
2024-07-17,South,Home & Garden,8,269.89,98.1
2024-07-17,South,Sports,7,126.95,43.57
2024-07-17,East,Electronics,12,574.9,241.09
2024-07-17,East,Clothing,8,247.0,87.31
2024-07-17,East,Home & Garden,12,307.28,137.02
2024-07-17,East,Sports,8,171.92,47.33
2024-07-17,West,Electronics,7,725.71,283.81
2024-07-17,West,Clothing,6,174.88,63.63
2024-07-17,West,Home & Garden,7,311.08,80.99
2024-07-17,West,Sports,7,118.76,47.63
2024-07-18,North,Electronics,7,646.75,189.5
2024-07-18,North,Clothing,7,123.22,37.0
2024-07-18,North,Home & Garden,6,240.95,77.38
2024-07-18,North,Sports,11,99.46,32.28
2024-07-18,South,Electronics,11,465.05,200.43
2024-07-18,South,Clothing,3,115.11,35.0
2024-07-18,South,Home & Garden,9,367.66,95.96
2024-07-18,South,Sports,4,134.67,51.23
2024-07-18,East,Electronics,7,969.99,285.93
2024-07-18,East,Clothing,6,169.05,70.29
2024-07-18,East,Home & Garden,8,260.48,107.65
2024-07-18,East,Sports,5,245.36,66.08
2024-07-18,West,Electronics,9,555.24,230.01
2024-07-18,West,Clothing,8,177.71,74.76
2024-07-18,West,Home & Garden,9,336.44,87.64
2024-07-18,West,Sports,12,121.61,52.32
2024-07-19,North,Electronics,7,488.85,133.1
2024-07-19,North,Clothing,4,236.04,77.55
2024-07-19,North,Home & Garden,3,227.31,92.27
2024-07-19,North,Sports,9,170.69,59.45
2024-07-19,South,Electronics,12,495.01,182.0
2024-07-19,South,Clothing,8,168.92,56.27
2024-07-19,South,Home & Garden,8,225.77,69.72
2024-07-19,South,Sports,16,156.56,59.95
2024-07-19,East,Electronics,10,584.85,227.3
2024-07-19,East,Clothing,6,239.83,98.56
2024-07-19,East,Home & Garden,8,480.56,202.29
2024-07-19,East,Sports,9,231.92,72.27
2024-07-19,West,Electronics,6,465.52,119.01
2024-07-19,West,Clothing,13,190.91,62.19
2024-07-19,West,Home & Garden,3,328.39,132.34
2024-07-19,West,Sports,6,141.12,53.46
2024-07-20,North,Electronics,9,843.73,308.1
2024-07-20,North,Clothing,10,302.38,114.54
2024-07-20,North,Home & Garden,12,488.13,125.0
2024-07-20,North,Sports,12,279.27,83.75
2024-07-20,South,Electronics,7,963.39,251.3
2024-07-20,South,Clothing,8,311.91,78.44
2024-07-20,South,Home & Garden,8,444.51,165.69
2024-07-20,South,Sports,19,124.22,41.39
2024-07-20,East,Electronics,9,1047.27,438.0
2024-07-20,East,Clothing,11,179.1,73.81
2024-07-20,East,Home & Garden,13,520.86,138.96
2024-07-20,East,Sports,11,236.33,80.47
2024-07-20,West,Electronics,19,739.36,268.4
2024-07-20,West,Clothing,10,217.37,63.29
2024-07-20,West,Home & Garden,14,329.91,83.85
2024-07-20,West,Sports,9,203.11,88.24
2024-07-21,North,Electronics,10,912.53,305.67
2024-07-21,North,Clothing,10,245.41,69.45
2024-07-21,North,Home & Garden,11,480.32,208.47
2024-07-21,North,Sports,13,194.74,56.27
2024-07-21,South,Electronics,12,324.25,101.33
2024-07-21,South,Clothing,16,238.24,61.43
2024-07-21,South,Home & Garden,9,439.75,149.91
2024-07-21,South,Sports,12,207.22,67.07
2024-07-21,East,Electronics,13,761.07,201.5
2024-07-21,East,Clothing,6,320.92,142.5
2024-07-21,East,Home & Garden,10,261.76,115.09
2024-07-21,East,Sports,11,226.09,72.5
2024-07-21,West,Electronics,14,593.87,263.23
2024-07-21,West,Clothing,9,298.74,90.71
2024-07-21,West,Home & Garden,5,290.87,102.53
2024-07-21,West,Sports,10,266.91,81.35
2024-07-22,North,Electronics,7,606.93,227.03
2024-07-22,North,Clothing,9,148.36,58.17
2024-07-22,North,Home & Garden,7,425.84,186.38
2024-07-22,North,Sports,6,175.39,47.19
2024-07-22,South,Electronics,9,530.2,233.84
2024-07-22,South,Clothing,6,132.07,33.49
2024-07-22,South,Home & Garden,5,302.83,95.45
2024-07-22,South,Sports,6,101.06,42.71
2024-07-22,East,Electronics,9,787.04,321.72
2024-07-22,East,Clothing,14,304.41,123.81
2024-07-22,East,Home & Garden,4,459.93,197.66
2024-07-22,East,Sports,8,185.85,67.34
2024-07-22,West,Electronics,9,480.52,201.52
2024-07-22,West,Clothing,6,322.58,107.03
2024-07-22,West,Home & Garden,10,324.93,140.79
2024-07-22,West,Sports,7,130.35,33.76
2024-07-23,North,Electronics,10,680.03,175.0
2024-07-23,North,Clothing,7,279.92,121.79
2024-07-23,North,Home & Garden,7,414.44,104.87
2024-07-23,North,Sports,12,165.76,42.02
2024-07-23,South,Electronics,9,414.97,154.05
2024-07-23,South,Clothing,6,179.8,80.13
2024-07-23,South,Home & Garden,9,287.94,127.48
2024-07-23,South,Sports,3,200.84,71.2
2024-07-23,East,Electronics,9,448.73,117.22
2024-07-23,East,Clothing,8,222.45,89.97
2024-07-23,East,Home & Garden,13,364.82,132.07
2024-07-23,East,Sports,11,221.85,72.15
2024-07-23,West,Electronics,6,447.94,115.77
2024-07-23,West,Clothing,8,200.48,68.77
2024-07-23,West,Home & Garden,5,426.87,131.86
2024-07-23,West,Sports,9,105.11,35.95
2024-07-24,North,Electronics,10,744.78,308.52
2024-07-24,North,Clothing,7,236.69,92.64
2024-07-24,North,Home & Garden,5,189.26,60.48
2024-07-24,North,Sports,14,153.21,44.66
2024-07-24,South,Electronics,13,566.6,219.72
2024-07-24,South,Clothing,9,191.19,69.25
2024-07-24,South,Home & Garden,10,172.57,55.39
2024-07-24,South,Sports,2,130.17,35.13
2024-07-24,East,Electronics,6,546.88,224.88
2024-07-24,East,Clothing,10,258.36,113.14
2024-07-24,East,Home & Garden,10,329.88,91.56
2024-07-24,East,Sports,8,143.39,57.45
2024-07-24,West,Electronics,4,429.36,120.89
2024-07-24,West,Clothing,6,264.36,72.22
2024-07-24,West,Home & Garden,7,289.92,129.36
2024-07-24,West,Sports,6,146.22,57.08
2024-07-25,North,Electronics,9,516.36,134.1
2024-07-25,North,Clothing,10,231.85,64.98
2024-07-25,North,Home & Garden,6,242.58,98.3
2024-07-25,North,Sports,11,155.16,47.84
2024-07-25,South,Electronics,6,545.27,173.02
2024-07-25,South,Clothing,8,210.76,53.16
2024-07-25,South,Home & Garden,7,302.93,82.75
2024-07-25,South,Sports,10,109.09,32.65
2024-07-25,East,Electronics,12,520.3,162.69
2024-07-25,East,Clothing,10,270.31,85.54
2024-07-25,East,Home & Garden,9,266.45,97.84
2024-07-25,East,Sports,8,181.8,64.23
2024-07-25,West,Electronics,6,390.28,116.25
2024-07-25,West,Clothing,3,198.08,68.3
2024-07-25,West,Home & Garden,6,322.06,83.91
2024-07-25,West,Sports,10,179.0,73.9
2024-07-26,North,Electronics,7,541.7,228.3
2024-07-26,North,Clothing,5,257.87,80.52
2024-07-26,North,Home & Garden,7,337.41,85.93
2024-07-26,North,Sports,11,131.65,49.94
2024-07-26,South,Electronics,9,613.56,169.94
2024-07-26,South,Clothing,11,272.79,92.84
2024-07-26,South,Home & Garden,14,204.83,67.99
2024-07-26,South,Sports,8,149.26,66.93
2024-07-26,East,Electronics,8,700.18,228.74
2024-07-26,East,Clothing,5,203.1,86.95
2024-07-26,East,Home & Garden,10,420.26,183.49
2024-07-26,East,Sports,14,158.17,69.97
2024-07-26,West,Electronics,4,630.28,276.48
2024-07-26,West,Clothing,6,212.66,72.92
2024-07-26,West,Home & Garden,12,111.66,34.24
2024-07-26,West,Sports,9,138.26,44.36
2024-07-27,North,Electronics,4,617.82,259.03
2024-07-27,North,Clothing,8,288.15,93.05
2024-07-27,North,Home & Garden,7,316.97,113.58
2024-07-27,North,Sports,9,240.77,103.08
2024-07-27,South,Electronics,10,352.72,143.33
2024-07-27,South,Clothing,7,124.67,45.46
2024-07-27,South,Home & Garden,8,297.68,100.6
2024-07-27,South,Sports,9,121.65,35.03
2024-07-27,East,Electronics,14,966.15,242.99
2024-07-27,East,Clothing,13,245.88,76.31
2024-07-27,East,Home & Garden,9,524.28,182.04
2024-07-27,East,Sports,12,232.46,78.25
2024-07-27,West,Electronics,18,772.0,308.31
2024-07-27,West,Clothing,13,95.27,27.32
2024-07-27,West,Home & Garden,5,374.0,119.05
2024-07-27,West,Sports,9,173.88,60.29
2024-07-28,North,Electronics,12,901.74,284.89
2024-07-28,North,Clothing,9,216.79,57.6
2024-07-28,North,Home & Garden,9,564.65,202.88
2024-07-28,North,Sports,11,129.67,48.22
2024-07-28,South,Electronics,16,717.53,195.34
2024-07-28,South,Clothing,7,199.24,55.94
2024-07-28,South,Home & Garden,4,336.41,133.8
2024-07-28,South,Sports,13,186.12,66.79
2024-07-28,East,Electronics,16,960.9,271.4
2024-07-28,East,Clothing,12,327.6,132.25
2024-07-28,East,Home & Garden,11,474.61,149.5
2024-07-28,East,Sports,8,379.74,142.86
2024-07-28,West,Electronics,7,547.11,234.33
2024-07-28,West,Clothing,7,277.28,84.17
2024-07-28,West,Home & Garden,7,358.35,95.83
2024-07-28,West,Sports,12,297.23,114.98
2024-07-29,North,Electronics,6,561.89,181.09
2024-07-29,North,Clothing,5,200.19,56.82
2024-07-29,North,Home & Garden,7,452.4,153.9
2024-07-29,North,Sports,6,230.54,92.1
2024-07-29,South,Electronics,9,472.59,186.1
2024-07-29,South,Clothing,9,179.44,50.09
2024-07-29,South,Home & Garden,9,260.72,73.2
2024-07-29,South,Sports,16,98.08,42.54
2024-07-29,East,Electronics,8,663.47,249.2
2024-07-29,East,Clothing,7,202.94,67.65
2024-07-29,East,Home & Garden,9,482.86,150.59
2024-07-29,East,Sports,12,255.78,73.03
2024-07-29,West,Electronics,14,486.2,162.57
2024-07-29,West,Clothing,14,124.76,40.61
2024-07-29,West,Home & Garden,7,260.31,73.68
2024-07-29,West,Sports,9,120.48,48.72
2024-07-30,North,Electronics,3,610.81,221.06
2024-07-30,North,Clothing,6,251.47,98.7
2024-07-30,North,Home & Garden,6,254.74,67.64
2024-07-30,North,Sports,6,198.26,79.75
2024-07-30,South,Electronics,5,487.36,154.41
2024-07-30,South,Clothing,4,190.6,52.76
2024-07-30,South,Home & Garden,6,231.25,71.04
2024-07-30,South,Sports,11,126.11,44.68
2024-07-30,East,Electronics,7,594.1,153.6
2024-07-30,East,Clothing,6,230.29,71.58
2024-07-30,East,Home & Garden,5,328.15,82.84
2024-07-30,East,Sports,10,181.49,72.48
2024-07-30,West,Electronics,1,423.84,173.43
2024-07-30,West,Clothing,11,265.81,112.31
2024-07-30,West,Home & Garden,10,232.01,96.43
2024-07-30,West,Sports,9,150.26,44.07
2024-07-31,North,Electronics,8,612.37,181.21
2024-07-31,North,Clothing,6,271.0,120.74
2024-07-31,North,Home & Garden,8,384.3,148.06
2024-07-31,North,Sports,7,276.04,69.58
2024-07-31,South,Electronics,5,385.13,127.64
2024-07-31,South,Clothing,9,255.22,72.63
2024-07-31,South,Home & Garden,9,255.69,94.68
2024-07-31,South,Sports,10,96.59,30.18
2024-07-31,East,Electronics,8,843.86,336.88
2024-07-31,East,Clothing,5,225.93,74.27
2024-07-31,East,Home & Garden,6,119.6,50.83
2024-07-31,East,Sports,11,313.05,83.66
2024-07-31,West,Electronics,13,330.93,103.62
2024-07-31,West,Clothing,9,178.31,55.56
2024-07-31,West,Home & Garden,17,243.06,102.87
2024-07-31,West,Sports,10,161.21,60.57
2024-08-01,North,Electronics,7,700.09,295.86
2024-08-01,North,Clothing,5,186.62,76.22
2024-08-01,North,Home & Garden,10,356.53,110.32
2024-08-01,North,Sports,3,220.01,67.12
2024-08-01,South,Electronics,6,539.05,206.39
2024-08-01,South,Clothing,12,192.66,73.14
2024-08-01,South,Home & Garden,7,274.79,117.57
2024-08-01,South,Sports,9,157.2,41.52
2024-08-01,East,Electronics,10,509.92,162.8
2024-08-01,East,Clothing,8,263.86,115.4
2024-08-01,East,Home & Garden,8,280.25,94.24
2024-08-01,East,Sports,15,243.56,73.88
2024-08-01,West,Electronics,10,587.01,179.17
2024-08-01,West,Clothing,16,249.28,66.18
2024-08-01,West,Home & Garden,8,390.63,153.86
2024-08-01,West,Sports,7,247.92,78.12
2024-08-02,North,Electronics,8,556.2,180.48
2024-08-02,North,Clothing,11,139.51,56.82
2024-08-02,North,Home & Garden,12,392.94,174.4
2024-08-02,North,Sports,11,112.54,43.54
2024-08-02,South,Electronics,8,623.52,162.57
2024-08-02,South,Clothing,8,179.69,74.45
2024-08-02,South,Home & Garden,6,122.54,53.87
2024-08-02,South,Sports,8,87.72,39.14
2024-08-02,East,Electronics,9,571.93,161.27
2024-08-02,East,Clothing,7,264.77,112.9
2024-08-02,East,Home & Garden,11,287.91,93.28
2024-08-02,East,Sports,4,188.52,60.17
2024-08-02,West,Electronics,5,609.96,242.98
2024-08-02,West,Clothing,7,237.35,91.32
2024-08-02,West,Home & Garden,10,350.66,156.19
2024-08-02,West,Sports,7,80.26,23.33
2024-08-03,North,Electronics,10,585.96,147.28
2024-08-03,North,Clothing,11,251.08,101.89
2024-08-03,North,Home & Garden,13,323.47,96.91
2024-08-03,North,Sports,7,201.69,66.77
2024-08-03,South,Electronics,5,604.94,162.18
2024-08-03,South,Clothing,5,258.56,80.93
2024-08-03,South,Home & Garden,16,434.94,191.99
2024-08-03,South,Sports,9,204.48,83.29
2024-08-03,East,Electronics,13,669.21,200.91
2024-08-03,East,Clothing,10,361.02,155.92
2024-08-03,East,Home & Garden,16,372.27,141.58
2024-08-03,East,Sports,9,322.2,106.73
2024-08-03,West,Electronics,7,865.96,372.84
2024-08-03,West,Clothing,8,283.66,72.96
2024-08-03,West,Home & Garden,9,503.92,200.89
2024-08-03,West,Sports,8,225.82,86.2
2024-08-04,North,Electronics,12,946.0,252.01
2024-08-04,North,Clothing,7,215.39,81.95
2024-08-04,North,Home & Garden,15,352.13,154.62
2024-08-04,North,Sports,9,99.83,31.19
2024-08-04,South,Electronics,7,669.32,168.14
2024-08-04,South,Clothing,12,258.75,115.11
2024-08-04,South,Home & Garden,10,381.62,160.18
2024-08-04,South,Sports,7,166.66,65.48
2024-08-04,East,Electronics,10,796.87,306.98
2024-08-04,East,Clothing,22,389.22,118.73
2024-08-04,East,Home & Garden,9,342.88,147.81
2024-08-04,East,Sports,11,266.58,117.81
2024-08-04,West,Electronics,9,656.79,222.95
2024-08-04,West,Clothing,12,185.86,54.28
2024-08-04,West,Home & Garden,16,385.83,168.71
2024-08-04,West,Sports,7,157.37,68.05
2024-08-05,North,Electronics,8,301.1,85.85
2024-08-05,North,Clothing,4,175.54,66.97
2024-08-05,North,Home & Garden,6,334.63,109.49
2024-08-05,North,Sports,9,184.6,76.38
2024-08-05,South,Electronics,11,273.8,121.95
2024-08-05,South,Clothing,7,203.04,51.92
2024-08-05,South,Home & Garden,4,293.16,73.69
2024-08-05,South,Sports,12,162.39,44.99
2024-08-05,East,Electronics,12,611.77,209.43
2024-08-05,East,Clothing,10,272.29,115.01
2024-08-05,East,Home & Garden,7,399.51,157.09
2024-08-05,East,Sports,5,110.91,42.08
2024-08-05,West,Electronics,3,594.24,229.59
2024-08-05,West,Clothing,5,190.43,49.31
2024-08-05,West,Home & Garden,5,267.99,79.28
2024-08-05,West,Sports,10,122.79,44.63
2024-08-06,North,Electronics,10,422.93,142.35
2024-08-06,North,Clothing,9,234.58,95.36
2024-08-06,North,Home & Garden,7,123.53,49.52
2024-08-06,North,Sports,7,147.04,55.97
2024-08-06,South,Electronics,9,546.08,150.8
2024-08-06,South,Clothing,8,192.57,58.23
2024-08-06,South,Home & Garden,8,272.13,120.79
2024-08-06,South,Sports,10,106.65,34.78
2024-08-06,East,Electronics,10,535.67,219.37
2024-08-06,East,Clothing,3,273.67,73.96
2024-08-06,East,Home & Garden,7,402.63,165.73
2024-08-06,East,Sports,11,202.81,62.49
2024-08-06,West,Electronics,12,634.34,214.29
2024-08-06,West,Clothing,7,136.65,45.46
2024-08-06,West,Home & Garden,12,355.77,105.24
2024-08-06,West,Sports,5,180.27,62.45
2024-08-07,North,Electronics,7,600.87,251.42
2024-08-07,North,Clothing,5,252.26,97.1
2024-08-07,North,Home & Garden,7,307.16,136.89
2024-08-07,North,Sports,9,169.51,69.44
2024-08-07,South,Electronics,9,386.74,141.3
2024-08-07,South,Clothing,6,213.47,70.16
2024-08-07,South,Home & Garden,5,168.11,54.96
2024-08-07,South,Sports,7,135.78,38.77
2024-08-07,East,Electronics,4,448.44,158.03
2024-08-07,East,Clothing,7,219.32,69.87
2024-08-07,East,Home & Garden,11,149.26,47.85
2024-08-07,East,Sports,8,235.68,97.03
2024-08-07,West,Electronics,3,504.69,217.53
2024-08-07,West,Clothing,7,346.48,144.92
2024-08-07,West,Home & Garden,11,321.97,108.02
2024-08-07,West,Sports,7,120.81,49.16
2024-08-08,North,Electronics,8,620.31,253.02
2024-08-08,North,Clothing,6,132.71,54.55
2024-08-08,North,Home & Garden,7,451.17,140.28
2024-08-08,North,Sports,12,175.35,54.45
2024-08-08,South,Electronics,13,407.03,102.93
2024-08-08,South,Clothing,7,213.79,59.66
2024-08-08,South,Home & Garden,7,138.04,42.45
2024-08-08,South,Sports,7,142.61,53.44
2024-08-08,East,Electronics,7,666.94,283.47
2024-08-08,East,Clothing,5,309.0,84.82
2024-08-08,East,Home & Garden,13,271.55,81.09
2024-08-08,East,Sports,11,116.75,39.12
2024-08-08,West,Electronics,10,503.23,137.99
2024-08-08,West,Clothing,5,265.25,104.27
2024-08-08,West,Home & Garden,11,242.08,74.51
2024-08-08,West,Sports,13,141.45,49.46
2024-08-09,North,Electronics,8,551.58,203.68
2024-08-09,North,Clothing,11,262.32,91.66
2024-08-09,North,Home & Garden,12,220.89,59.46
2024-08-09,North,Sports,11,131.55,53.78
2024-08-09,South,Electronics,9,322.18,83.93
2024-08-09,South,Clothing,5,227.69,94.87
2024-08-09,South,Home & Garden,2,246.33,65.48
2024-08-09,South,Sports,10,90.3,38.79
2024-08-09,East,Electronics,8,714.47,303.5
2024-08-09,East,Clothing,7,231.52,78.1
2024-08-09,East,Home & Garden,10,370.76,146.06
2024-08-09,East,Sports,7,152.68,42.9
2024-08-09,West,Electronics,6,593.33,160.11
2024-08-09,West,Clothing,10,189.69,55.2
2024-08-09,West,Home & Garden,8,395.68,148.13
2024-08-09,West,Sports,8,143.23,46.04
2024-08-10,North,Electronics,16,778.76,222.18
2024-08-10,North,Clothing,8,261.55,101.17
2024-08-10,North,Home & Garden,9,313.81,96.65
2024-08-10,North,Sports,8,125.66,44.24
2024-08-10,South,Electronics,6,483.9,195.04
2024-08-10,South,Clothing,15,229.25,102.24
2024-08-10,South,Home & Garden,12,377.05,168.4
2024-08-10,South,Sports,10,174.1,55.79
2024-08-10,East,Electronics,11,473.01,188.28
2024-08-10,East,Clothing,12,355.41,139.19
2024-08-10,East,Home & Garden,9,588.23,184.97
2024-08-10,East,Sports,9,262.9,91.53
2024-08-10,West,Electronics,10,639.45,250.06
2024-08-10,West,Clothing,14,403.25,166.51
2024-08-10,West,Home & Garden,10,335.6,110.89
2024-08-10,West,Sports,12,206.34,85.63
2024-08-11,North,Electronics,10,660.86,297.22
2024-08-11,North,Clothing,12,239.77,86.58
2024-08-11,North,Home & Garden,9,532.93,230.5
2024-08-11,North,Sports,9,190.73,69.01
2024-08-11,South,Electronics,15,423.45,113.98
2024-08-11,South,Clothing,9,258.51,77.87
2024-08-11,South,Home & Garden,12,290.78,117.26
2024-08-11,South,Sports,10,147.66,46.03
2024-08-11,East,Electronics,15,1063.49,405.72
2024-08-11,East,Clothing,5,360.81,157.42
2024-08-11,East,Home & Garden,10,532.09,226.88
2024-08-11,East,Sports,8,265.61,105.78
2024-08-11,West,Electronics,8,466.91,191.19
2024-08-11,West,Clothing,15,276.14,105.97
2024-08-11,West,Home & Garden,5,321.02,89.27
2024-08-11,West,Sports,5,155.49,62.84
2024-08-12,North,Electronics,7,419.39,117.24
2024-08-12,North,Clothing,8,160.32,49.75
2024-08-12,North,Home & Garden,4,262.35,69.66
2024-08-12,North,Sports,8,85.23,28.25
2024-08-12,South,Electronics,9,584.92,260.05
2024-08-12,South,Clothing,8,188.98,57.14
2024-08-12,South,Home & Garden,10,291.35,113.41
2024-08-12,South,Sports,8,157.21,65.86
2024-08-12,East,Electronics,8,218.32,85.29
2024-08-12,East,Clothing,15,209.38,75.1
2024-08-12,East,Home & Garden,8,308.58,109.26
2024-08-12,East,Sports,7,251.14,63.59
2024-08-12,West,Electronics,5,515.68,129.77
2024-08-12,West,Clothing,11,165.02,58.56
2024-08-12,West,Home & Garden,10,206.7,84.1
2024-08-12,West,Sports,6,114.75,43.23
2024-08-13,North,Electronics,12,433.08,185.65
2024-08-13,North,Clothing,10,184.95,51.53
2024-08-13,North,Home & Garden,11,272.92,112.63
2024-08-13,North,Sports,8,68.25,21.06
2024-08-13,South,Electronics,8,614.48,257.09
2024-08-13,South,Clothing,9,187.85,78.9
2024-08-13,South,Home & Garden,6,162.06,47.39
2024-08-13,South,Sports,5,93.96,40.71
2024-08-13,East,Electronics,5,420.79,177.43
2024-08-13,East,Clothing,9,241.03,88.52
2024-08-13,East,Home & Garden,5,427.95,129.5
2024-08-13,East,Sports,6,204.2,76.29
2024-08-13,West,Electronics,8,718.18,209.35
2024-08-13,West,Clothing,5,329.66,139.55
2024-08-13,West,Home & Garden,12,284.05,83.44
2024-08-13,West,Sports,9,251.6,108.4
2024-08-14,North,Electronics,5,349.82,87.87
2024-08-14,North,Clothing,7,276.95,95.99
2024-08-14,North,Home & Garden,6,244.15,81.27
2024-08-14,North,Sports,4,167.8,69.83
2024-08-14,South,Electronics,11,325.58,121.2
2024-08-14,South,Clothing,8,247.31,62.09
2024-08-14,South,Home & Garden,14,287.69,118.22
2024-08-14,South,Sports,10,161.23,60.91
2024-08-14,East,Electronics,9,701.21,284.21
2024-08-14,East,Clothing,8,355.44,140.32
2024-08-14,East,Home & Garden,13,397.53,178.42
2024-08-14,East,Sports,12,165.95,71.35
2024-08-14,West,Electronics,11,427.7,162.17
2024-08-14,West,Clothing,14,313.32,96.02
2024-08-14,West,Home & Garden,8,380.84,135.35
2024-08-14,West,Sports,7,142.39,50.83
2024-08-15,North,Electronics,17,575.49,176.63
2024-08-15,North,Clothing,7,223.75,66.32
2024-08-15,North,Home & Garden,9,239.31,73.69
2024-08-15,North,Sports,11,111.58,47.01
2024-08-15,South,Electronics,7,661.99,173.19
2024-08-15,South,Clothing,7,211.09,74.34
2024-08-15,South,Home & Garden,7,302.52,130.34
2024-08-15,South,Sports,7,106.12,45.99
2024-08-15,East,Electronics,9,724.59,233.99
2024-08-15,East,Clothing,6,346.33,126.05
2024-08-15,East,Home & Garden,10,438.71,131.76
2024-08-15,East,Sports,8,121.6,45.36
2024-08-15,West,Electronics,9,606.78,257.26
2024-08-15,West,Clothing,7,180.63,71.22
2024-08-15,West,Home & Garden,11,347.83,105.4
2024-08-15,West,Sports,3,182.97,68.54
2024-08-16,North,Electronics,14,568.2,158.39
2024-08-16,North,Clothing,7,214.58,87.44
2024-08-16,North,Home & Garden,11,269.13,113.32
2024-08-16,North,Sports,7,118.39,49.54
2024-08-16,South,Electronics,8,607.84,214.38
2024-08-16,South,Clothing,6,254.81,63.94
2024-08-16,South,Home & Garden,14,273.71,92.63
2024-08-16,South,Sports,4,44.61,12.62
2024-08-16,East,Electronics,9,427.55,186.67
2024-08-16,East,Clothing,5,265.01,111.53
2024-08-16,East,Home & Garden,9,368.5,149.14
2024-08-16,East,Sports,6,189.95,81.4
2024-08-16,West,Electronics,6,640.42,283.55
2024-08-16,West,Clothing,9,213.39,62.95
2024-08-16,West,Home & Garden,7,358.78,137.41
2024-08-16,West,Sports,5,150.28,66.75
2024-08-17,North,Electronics,9,612.94,251.93
2024-08-17,North,Clothing,15,195.08,56.96
2024-08-17,North,Home & Garden,10,491.66,202.03
2024-08-17,North,Sports,12,151.03,37.95
2024-08-17,South,Electronics,8,723.61,323.02
2024-08-17,South,Clothing,5,204.68,84.15
2024-08-17,South,Home & Garden,14,439.3,157.66
2024-08-17,South,Sports,17,205.55,87.69
2024-08-17,East,Electronics,10,940.17,329.84
2024-08-17,East,Clothing,6,312.38,137.65
2024-08-17,East,Home & Garden,12,480.4,156.45
2024-08-17,East,Sports,9,229.2,60.71
2024-08-17,West,Electronics,8,204.52,52.13
2024-08-17,West,Clothing,10,399.82,140.01
2024-08-17,West,Home & Garden,17,517.62,159.24
2024-08-17,West,Sports,7,222.57,64.53
2024-08-18,North,Electronics,6,856.59,303.69
2024-08-18,North,Clothing,9,274.73,71.98
2024-08-18,North,Home & Garden,7,291.16,104.72
2024-08-18,North,Sports,11,266.23,78.94
2024-08-18,South,Electronics,12,604.86,172.26
2024-08-18,South,Clothing,11,181.22,63.51
2024-08-18,South,Home & Garden,9,374.55,163.22
2024-08-18,South,Sports,9,200.37,83.33
2024-08-18,East,Electronics,5,881.34,234.58
2024-08-18,East,Clothing,17,305.43,85.16
2024-08-18,East,Home & Garden,11,329.89,110.61
2024-08-18,East,Sports,12,271.59,83.15
2024-08-18,West,Electronics,8,937.47,304.97
2024-08-18,West,Clothing,11,349.49,136.59
2024-08-18,West,Home & Garden,14,375.98,129.63
2024-08-18,West,Sports,7,89.16,32.6
2024-08-19,North,Electronics,7,471.65,198.7
2024-08-19,North,Clothing,8,303.54,82.68
2024-08-19,North,Home & Garden,8,295.0,73.93
2024-08-19,North,Sports,5,173.36,74.89
2024-08-19,South,Electronics,12,464.98,141.7
2024-08-19,South,Clothing,8,162.97,62.07
2024-08-19,South,Home & Garden,3,188.3,77.06
2024-08-19,South,Sports,11,173.79,50.62
2024-08-19,East,Electronics,6,564.3,148.07
2024-08-19,East,Clothing,6,239.9,82.73
2024-08-19,East,Home & Garden,11,349.78,106.41
2024-08-19,East,Sports,5,131.42,43.39
2024-08-19,West,Electronics,9,673.7,235.54
2024-08-19,West,Clothing,7,153.21,61.37
2024-08-19,West,Home & Garden,2,357.5,94.92
2024-08-19,West,Sports,6,156.95,62.35
2024-08-20,North,Electronics,2,655.55,230.63
2024-08-20,North,Clothing,9,186.41,68.73
2024-08-20,North,Home & Garden,5,229.73,89.11
2024-08-20,North,Sports,7,289.02,84.32
2024-08-20,South,Electronics,7,376.35,156.26
2024-08-20,South,Clothing,9,268.53,97.56
2024-08-20,South,Home & Garden,7,396.7,160.86
2024-08-20,South,Sports,5,97.97,25.41
2024-08-20,East,Electronics,8,523.48,215.47
2024-08-20,East,Clothing,7,218.4,62.17
2024-08-20,East,Home & Garden,12,250.55,69.12
2024-08-20,East,Sports,9,145.39,42.81
2024-08-20,West,Electronics,9,541.39,166.61
2024-08-20,West,Clothing,7,289.39,86.21
2024-08-20,West,Home & Garden,5,328.86,108.92
2024-08-20,West,Sports,6,122.48,39.28
2024-08-21,North,Electronics,6,431.83,145.47
2024-08-21,North,Clothing,8,273.43,74.59
2024-08-21,North,Home & Garden,7,414.22,167.07
2024-08-21,North,Sports,4,150.31,39.72
2024-08-21,South,Electronics,6,520.15,181.92
2024-08-21,South,Clothing,15,168.51,74.3
2024-08-21,South,Home & Garden,10,314.79,112.16
2024-08-21,South,Sports,13,112.06,38.25
2024-08-21,East,Electronics,3,621.66,203.85
2024-08-21,East,Clothing,5,242.25,67.21
2024-08-21,East,Home & Garden,8,389.02,130.84
2024-08-21,East,Sports,4,183.42,64.2
2024-08-21,West,Electronics,5,633.22,179.63
2024-08-21,West,Clothing,8,220.78,91.74
2024-08-21,West,Home & Garden,7,285.16,121.6
2024-08-21,West,Sports,8,153.82,43.0
2024-08-22,North,Electronics,4,543.47,142.03
2024-08-22,North,Clothing,16,229.34,101.64
2024-08-22,North,Home & Garden,6,254.92,73.54
2024-08-22,North,Sports,12,196.94,78.72
2024-08-22,South,Electronics,9,317.76,83.69
2024-08-22,South,Clothing,9,131.99,55.26
2024-08-22,South,Home & Garden,10,139.32,47.55
2024-08-22,South,Sports,10,142.57,48.3
2024-08-22,East,Electronics,9,639.88,275.48
2024-08-22,East,Clothing,0,171.16,56.59
2024-08-22,East,Home & Garden,4,392.01,101.48
2024-08-22,East,Sports,11,175.12,72.83
2024-08-22,West,Electronics,10,437.73,110.55
2024-08-22,West,Clothing,6,275.0,73.31
2024-08-22,West,Home & Garden,7,263.33,91.4
2024-08-22,West,Sports,7,182.23,52.9
2024-08-23,North,Electronics,11,504.62,169.74
2024-08-23,North,Clothing,8,147.65,48.57
2024-08-23,North,Home & Garden,17,380.9,155.47
2024-08-23,North,Sports,8,106.83,42.03
2024-08-23,South,Electronics,8,448.82,156.63
2024-08-23,South,Clothing,10,106.04,27.19
2024-08-23,South,Home & Garden,11,276.78,107.35
2024-08-23,South,Sports,14,101.4,28.71
2024-08-23,East,Electronics,11,508.32,205.07
2024-08-23,East,Clothing,4,277.53,87.77
2024-08-23,East,Home & Garden,6,499.46,177.03
2024-08-23,East,Sports,10,262.93,97.33
2024-08-23,West,Electronics,8,412.47,173.88
2024-08-23,West,Clothing,12,165.29,66.21
2024-08-23,West,Home & Garden,5,300.86,99.94
2024-08-23,West,Sports,6,133.51,52.85
2024-08-24,North,Electronics,13,966.31,347.04
2024-08-24,North,Clothing,13,336.85,141.33
2024-08-24,North,Home & Garden,12,326.82,125.83
2024-08-24,North,Sports,15,307.48,102.03
2024-08-24,South,Electronics,11,573.35,238.1
2024-08-24,South,Clothing,12,205.39,75.28
2024-08-24,South,Home & Garden,6,336.01,114.11
2024-08-24,South,Sports,8,182.09,70.94
2024-08-24,East,Electronics,13,429.16,151.02
2024-08-24,East,Clothing,8,315.94,99.14
2024-08-24,East,Home & Garden,7,370.73,114.03
2024-08-24,East,Sports,14,229.34,94.89
2024-08-24,West,Electronics,9,557.95,236.36
2024-08-24,West,Clothing,16,155.9,56.43
2024-08-24,West,Home & Garden,19,296.48,93.01
2024-08-24,West,Sports,15,175.9,53.64
2024-08-25,North,Electronics,11,894.08,297.23
2024-08-25,North,Clothing,5,269.68,120.52
2024-08-25,North,Home & Garden,14,295.14,98.98
2024-08-25,North,Sports,10,198.08,70.32
2024-08-25,South,Electronics,5,762.44,229.84
2024-08-25,South,Clothing,11,269.52,92.22
2024-08-25,South,Home & Garden,10,47.97,19.83
2024-08-25,South,Sports,5,192.37,76.43
2024-08-25,East,Electronics,9,630.77,177.37
2024-08-25,East,Clothing,12,259.36,79.7
2024-08-25,East,Home & Garden,16,583.75,199.61
2024-08-25,East,Sports,10,130.09,56.95
2024-08-25,West,Electronics,10,865.59,347.13
2024-08-25,West,Clothing,10,302.06,122.13
2024-08-25,West,Home & Garden,14,218.91,73.22
2024-08-25,West,Sports,4,148.99,61.91
2024-08-26,North,Electronics,10,721.97,307.67
2024-08-26,North,Clothing,6,156.74,68.27
2024-08-26,North,Home & Garden,7,306.73,130.95
2024-08-26,North,Sports,5,215.63,67.48
2024-08-26,South,Electronics,10,498.12,151.64
2024-08-26,South,Clothing,6,206.91,56.2
2024-08-26,South,Home & Garden,8,282.88,73.45
2024-08-26,South,Sports,9,146.63,52.95
2024-08-26,East,Electronics,9,506.1,192.72
2024-08-26,East,Clothing,7,132.34,40.59
2024-08-26,East,Home & Garden,11,459.42,191.93
2024-08-26,East,Sports,15,122.07,49.92
2024-08-26,West,Electronics,7,500.33,175.74
2024-08-26,West,Clothing,7,163.79,70.56
2024-08-26,West,Home & Garden,6,190.55,74.81
2024-08-26,West,Sports,7,166.59,50.47
2024-08-27,North,Electronics,6,477.1,203.74
2024-08-27,North,Clothing,7,162.82,66.39
2024-08-27,North,Home & Garden,10,437.36,142.1
2024-08-27,North,Sports,8,137.65,48.36
2024-08-27,South,Electronics,7,607.65,235.26
2024-08-27,South,Clothing,8,184.43,50.53
2024-08-27,South,Home & Garden,5,218.04,90.37
2024-08-27,South,Sports,4,91.61,23.77
2024-08-27,East,Electronics,10,560.41,243.61
2024-08-27,East,Clothing,7,290.84,112.62
2024-08-27,East,Home & Garden,3,451.63,195.67
2024-08-27,East,Sports,8,185.78,58.06
2024-08-27,West,Electronics,5,578.85,185.18
2024-08-27,West,Clothing,4,163.11,51.87
2024-08-27,West,Home & Garden,13,419.11,186.3
2024-08-27,West,Sports,9,128.12,44.45
2024-08-28,North,Electronics,5,464.76,173.76
2024-08-28,North,Clothing,7,351.16,107.48
2024-08-28,North,Home & Garden,4,200.96,67.8
2024-08-28,North,Sports,7,164.87,55.41
2024-08-28,South,Electronics,13,429.68,135.27
2024-08-28,South,Clothing,8,143.8,36.84
2024-08-28,South,Home & Garden,7,373.53,145.57
2024-08-28,South,Sports,11,141.12,60.53
2024-08-28,East,Electronics,8,585.06,172.3
2024-08-28,East,Clothing,11,224.84,70.9
2024-08-28,East,Home & Garden,11,220.4,74.14
2024-08-28,East,Sports,9,176.19,69.97
2024-08-28,West,Electronics,6,488.66,169.31
2024-08-28,West,Clothing,9,193.59,69.82
2024-08-28,West,Home & Garden,7,348.72,145.16
2024-08-28,West,Sports,12,179.15,73.34
2024-08-29,North,Electronics,6,390.34,111.22
2024-08-29,North,Clothing,12,157.52,70.37
2024-08-29,North,Home & Garden,10,297.41,85.43
2024-08-29,North,Sports,5,139.6,57.59
2024-08-29,South,Electronics,9,464.5,125.49
2024-08-29,South,Clothing,2,138.7,39.77
2024-08-29,South,Home & Garden,6,305.31,85.06
2024-08-29,South,Sports,7,126.55,47.86
2024-08-29,East,Electronics,9,671.18,227.54
2024-08-29,East,Clothing,12,284.13,83.95
2024-08-29,East,Home & Garden,4,197.11,79.56
2024-08-29,East,Sports,8,246.73,102.49
2024-08-29,West,Electronics,10,501.21,201.46
2024-08-29,West,Clothing,6,289.58,106.68
2024-08-29,West,Home & Garden,6,198.52,54.4
2024-08-29,West,Sports,11,102.06,31.97
2024-08-30,North,Electronics,8,569.81,160.25
2024-08-30,North,Clothing,13,151.26,39.26
2024-08-30,North,Home & Garden,13,265.3,93.36
2024-08-30,North,Sports,7,216.73,89.39
2024-08-30,South,Electronics,6,382.73,127.81
2024-08-30,South,Clothing,12,181.65,75.3
2024-08-30,South,Home & Garden,10,327.99,121.63
2024-08-30,South,Sports,10,144.81,60.01
2024-08-30,East,Electronics,13,716.7,269.82
2024-08-30,East,Clothing,4,284.71,71.35
2024-08-30,East,Home & Garden,14,415.22,123.36
2024-08-30,East,Sports,5,128.59,33.71
2024-08-30,West,Electronics,11,382.95,149.09
2024-08-30,West,Clothing,10,194.68,76.84
2024-08-30,West,Home & Garden,6,302.13,98.01
2024-08-30,West,Sports,6,199.2,73.99
2024-08-31,North,Electronics,10,518.47,186.84
2024-08-31,North,Clothing,15,265.99,76.78
2024-08-31,North,Home & Garden,8,262.27,103.27
2024-08-31,North,Sports,5,214.59,72.34
2024-08-31,South,Electronics,11,306.31,129.72
2024-08-31,South,Clothing,7,108.06,33.64
2024-08-31,South,Home & Garden,14,127.75,42.97
2024-08-31,South,Sports,5,221.01,68.73
2024-08-31,East,Electronics,9,825.43,215.55
2024-08-31,East,Clothing,16,326.29,122.91
2024-08-31,East,Home & Garden,6,421.7,186.17
2024-08-31,East,Sports,9,281.98,110.24
2024-08-31,West,Electronics,14,1058.0,390.04
2024-08-31,West,Clothing,11,332.55,99.71
2024-08-31,West,Home & Garden,12,505.84,213.98
2024-08-31,West,Sports,13,234.65,59.01
2024-09-01,North,Electronics,19,805.44,353.36
2024-09-01,North,Clothing,11,355.53,133.72
2024-09-01,North,Home & Garden,10,591.81,230.57
2024-09-01,North,Sports,11,202.52,80.56
2024-09-01,South,Electronics,10,476.44,202.05
2024-09-01,South,Clothing,12,304.95,95.89
2024-09-01,South,Home & Garden,8,284.89,118.44
2024-09-01,South,Sports,11,126.23,42.93
2024-09-01,East,Electronics,9,718.5,290.89
2024-09-01,East,Clothing,5,249.89,78.09
2024-09-01,East,Home & Garden,13,560.51,193.34
2024-09-01,East,Sports,6,141.69,35.95
2024-09-01,West,Electronics,11,476.9,146.89
2024-09-01,West,Clothing,13,197.28,72.49
2024-09-01,West,Home & Garden,9,350.8,145.34
2024-09-01,West,Sports,8,185.65,62.03
2024-09-02,North,Electronics,13,592.46,167.27
2024-09-02,North,Clothing,9,241.51,77.41
2024-09-02,North,Home & Garden,8,298.86,84.79
2024-09-02,North,Sports,8,193.73,61.9
2024-09-02,South,Electronics,9,284.49,117.75
2024-09-02,South,Clothing,9,210.48,76.81
2024-09-02,South,Home & Garden,9,318.08,141.37
2024-09-02,South,Sports,12,96.07,41.27
2024-09-02,East,Electronics,9,628.49,164.22
2024-09-02,East,Clothing,6,210.23,70.1
2024-09-02,East,Home & Garden,10,272.73,94.25
2024-09-02,East,Sports,11,210.32,65.73
2024-09-02,West,Electronics,5,489.07,127.43
2024-09-02,West,Clothing,4,129.88,32.76
2024-09-02,West,Home & Garden,10,233.66,71.37
2024-09-02,West,Sports,7,162.79,59.81
2024-09-03,North,Electronics,6,388.61,108.95
2024-09-03,North,Clothing,7,229.27,91.08
2024-09-03,North,Home & Garden,9,191.41,76.0
2024-09-03,North,Sports,7,130.58,36.15
2024-09-03,South,Electronics,7,397.85,121.79
2024-09-03,South,Clothing,10,150.94,64.11
2024-09-03,South,Home & Garden,7,254.85,87.14
2024-09-03,South,Sports,8,133.84,46.0
2024-09-03,East,Electronics,5,668.03,188.56
2024-09-03,East,Clothing,10,305.79,98.37
2024-09-03,East,Home & Garden,11,310.16,113.01
2024-09-03,East,Sports,7,182.84,70.61
2024-09-03,West,Electronics,4,416.04,136.28
2024-09-03,West,Clothing,7,236.39,87.34
2024-09-03,West,Home & Garden,8,259.8,94.26
2024-09-03,West,Sports,5,145.97,42.63
2024-09-04,North,Electronics,5,746.02,249.24
2024-09-04,North,Clothing,9,212.45,88.22
2024-09-04,North,Home & Garden,6,326.5,88.97
2024-09-04,North,Sports,15,139.69,49.81
2024-09-04,South,Electronics,4,643.27,275.9
2024-09-04,South,Clothing,7,119.65,37.86
2024-09-04,South,Home & Garden,8,373.01,105.8
2024-09-04,South,Sports,8,161.39,71.69
2024-09-04,East,Electronics,7,396.75,113.92
2024-09-04,East,Clothing,8,288.3,82.4
2024-09-04,East,Home & Garden,9,454.02,138.94
2024-09-04,East,Sports,2,72.5,19.12
2024-09-04,West,Electronics,5,457.61,127.99
2024-09-04,West,Clothing,6,119.31,41.21
2024-09-04,West,Home & Garden,12,351.74,97.63
2024-09-04,West,Sports,10,106.14,43.0
2024-09-05,North,Electronics,6,467.62,179.11
2024-09-05,North,Clothing,6,264.47,79.2
2024-09-05,North,Home & Garden,9,152.54,54.9
2024-09-05,North,Sports,13,114.79,51.46
2024-09-05,South,Electronics,4,473.87,132.61
2024-09-05,South,Clothing,9,140.89,60.44
2024-09-05,South,Home & Garden,8,291.19,88.56
2024-09-05,South,Sports,8,101.49,30.74
2024-09-05,East,Electronics,8,314.56,79.32
2024-09-05,East,Clothing,10,194.4,54.47
2024-09-05,East,Home & Garden,9,214.81,72.03
2024-09-05,East,Sports,4,233.91,95.11
2024-09-05,West,Electronics,9,523.77,192.23
2024-09-05,West,Clothing,12,335.32,105.98
2024-09-05,West,Home & Garden,8,380.61,113.23
2024-09-05,West,Sports,5,105.05,45.62
2024-09-06,North,Electronics,7,610.06,232.3
2024-09-06,North,Clothing,12,277.08,75.45
2024-09-06,North,Home & Garden,4,202.84,74.09
2024-09-06,North,Sports,8,168.28,47.21
2024-09-06,South,Electronics,14,310.63,121.62
2024-09-06,South,Clothing,7,118.58,44.84
2024-09-06,South,Home & Garden,4,219.16,90.79
2024-09-06,South,Sports,8,138.93,49.84
2024-09-06,East,Electronics,6,646.8,184.09
2024-09-06,East,Clothing,4,227.65,58.57
2024-09-06,East,Home & Garden,2,335.25,125.75
2024-09-06,East,Sports,6,178.5,52.56
2024-09-06,West,Electronics,5,532.15,188.72
2024-09-06,West,Clothing,5,217.19,55.85
2024-09-06,West,Home & Garden,6,283.48,107.68
2024-09-06,West,Sports,9,185.58,58.26
2024-09-07,North,Electronics,5,575.08,144.69
2024-09-07,North,Clothing,7,221.52,74.97
2024-09-07,North,Home & Garden,10,567.77,206.49
2024-09-07,North,Sports,11,141.96,43.89
2024-09-07,South,Electronics,8,423.77,110.76
2024-09-07,South,Clothing,11,330.88,85.26
2024-09-07,South,Home & Garden,10,451.99,140.61
2024-09-07,South,Sports,7,191.67,66.44
2024-09-07,East,Electronics,16,521.38,144.99
2024-09-07,East,Clothing,8,336.19,103.93
2024-09-07,East,Home & Garden,13,382.25,168.41
2024-09-07,East,Sports,12,320.38,82.56
2024-09-07,West,Electronics,8,901.75,348.93
2024-09-07,West,Clothing,9,359.73,120.2
2024-09-07,West,Home & Garden,5,359.99,149.52
2024-09-07,West,Sports,14,163.49,71.63
2024-09-08,North,Electronics,9,873.65,234.25
2024-09-08,North,Clothing,9,177.38,50.74
2024-09-08,North,Home & Garden,16,371.58,126.08
2024-09-08,North,Sports,6,202.17,83.48
2024-09-08,South,Electronics,10,480.18,210.19
2024-09-08,South,Clothing,8,215.3,73.83
2024-09-08,South,Home & Garden,7,347.95,109.6
2024-09-08,South,Sports,9,162.35,40.89
2024-09-08,East,Electronics,11,802.39,357.13
2024-09-08,East,Clothing,5,453.36,170.96
2024-09-08,East,Home & Garden,7,453.2,147.19
2024-09-08,East,Sports,11,217.76,79.0
2024-09-08,West,Electronics,7,895.23,231.36
2024-09-08,West,Clothing,7,248.45,102.28
2024-09-08,West,Home & Garden,12,379.94,156.36
2024-09-08,West,Sports,8,193.56,58.19
2024-09-09,North,Electronics,5,516.18,176.31
2024-09-09,North,Clothing,5,114.54,40.36
2024-09-09,North,Home & Garden,5,335.95,95.37
2024-09-09,North,Sports,6,228.53,97.49
2024-09-09,South,Electronics,15,805.28,216.7
2024-09-09,South,Clothing,9,207.37,64.61
2024-09-09,South,Home & Garden,5,308.27,81.0
2024-09-09,South,Sports,8,227.84,83.41
2024-09-09,East,Electronics,6,731.18,260.57
2024-09-09,East,Clothing,9,247.05,103.16
2024-09-09,East,Home & Garden,9,345.03,104.64
2024-09-09,East,Sports,5,211.35,71.93
2024-09-09,West,Electronics,8,508.33,135.58
2024-09-09,West,Clothing,13,212.08,76.73
2024-09-09,West,Home & Garden,9,399.12,138.96
2024-09-09,West,Sports,10,179.56,60.42
2024-09-10,North,Electronics,10,520.67,152.63
2024-09-10,North,Clothing,14,157.33,54.88
2024-09-10,North,Home & Garden,7,382.17,126.51
2024-09-10,North,Sports,10,147.23,52.02
2024-09-10,South,Electronics,7,434.4,191.28
2024-09-10,South,Clothing,9,88.54,37.67
2024-09-10,South,Home & Garden,10,285.27,124.04
2024-09-10,South,Sports,5,77.95,21.52
2024-09-10,East,Electronics,10,604.42,176.48
2024-09-10,East,Clothing,12,215.44,78.62
2024-09-10,East,Home & Garden,4,490.57,203.79
2024-09-10,East,Sports,9,156.36,40.79
2024-09-10,West,Electronics,10,565.18,247.92
2024-09-10,West,Clothing,7,204.19,64.0
2024-09-10,West,Home & Garden,10,360.38,100.84
2024-09-10,West,Sports,12,135.8,53.35
2024-09-11,North,Electronics,3,582.47,235.89
2024-09-11,North,Clothing,10,216.49,57.16
2024-09-11,North,Home & Garden,8,259.83,85.14
2024-09-11,North,Sports,12,155.17,63.1
2024-09-11,South,Electronics,13,221.98,98.79
2024-09-11,South,Clothing,6,171.82,46.83
2024-09-11,South,Home & Garden,5,277.2,107.11
2024-09-11,South,Sports,7,168.7,55.76
2024-09-11,East,Electronics,7,521.81,143.08
2024-09-11,East,Clothing,10,246.31,64.03
2024-09-11,East,Home & Garden,8,376.47,135.9
2024-09-11,East,Sports,8,167.53,49.22
2024-09-11,West,Electronics,4,438.67,187.53
2024-09-11,West,Clothing,8,155.73,45.99
2024-09-11,West,Home & Garden,11,284.43,96.29
2024-09-11,West,Sports,7,144.72,63.6
2024-09-12,North,Electronics,4,610.28,173.26
2024-09-12,North,Clothing,12,219.82,62.09
2024-09-12,North,Home & Garden,8,234.16,81.21
2024-09-12,North,Sports,7,179.41,64.89
2024-09-12,South,Electronics,6,218.25,88.04
2024-09-12,South,Clothing,7,130.61,41.93
2024-09-12,South,Home & Garden,3,390.46,156.47
2024-09-12,South,Sports,10,142.27,45.05
2024-09-12,East,Electronics,8,846.9,257.63
2024-09-12,East,Clothing,3,235.52,84.46
2024-09-12,East,Home & Garden,6,375.34,127.0
2024-09-12,East,Sports,9,188.68,83.87
2024-09-12,West,Electronics,8,425.33,148.15
2024-09-12,West,Clothing,12,194.84,73.17
2024-09-12,West,Home & Garden,4,221.15,81.52
2024-09-12,West,Sports,13,85.02,34.0
2024-09-13,North,Electronics,6,618.56,183.51
2024-09-13,North,Clothing,8,238.61,84.66
2024-09-13,North,Home & Garden,9,347.28,115.24
2024-09-13,North,Sports,13,212.71,80.7
2024-09-13,South,Electronics,12,497.43,202.38
2024-09-13,South,Clothing,9,237.03,100.49
2024-09-13,South,Home & Garden,6,356.07,159.92
2024-09-13,South,Sports,3,80.69,22.44
2024-09-13,East,Electronics,4,603.7,200.76
2024-09-13,East,Clothing,4,133.04,34.21
2024-09-13,East,Home & Garden,11,601.86,158.94
2024-09-13,East,Sports,6,208.29,59.0
2024-09-13,West,Electronics,6,298.25,87.82
2024-09-13,West,Clothing,6,210.65,93.07
2024-09-13,West,Home & Garden,4,329.73,84.03
2024-09-13,West,Sports,11,155.19,69.44
2024-09-14,North,Electronics,11,948.35,265.08
2024-09-14,North,Clothing,12,402.72,171.92
2024-09-14,North,Home & Garden,10,474.67,195.4
2024-09-14,North,Sports,9,166.26,43.7
2024-09-14,South,Electronics,11,667.24,271.58
2024-09-14,South,Clothing,14,248.97,63.1
2024-09-14,South,Home & Garden,9,331.73,107.25
2024-09-14,South,Sports,12,133.38,57.65
2024-09-14,East,Electronics,10,580.22,259.46
2024-09-14,East,Clothing,6,199.77,51.38
2024-09-14,East,Home & Garden,11,314.26,117.32
2024-09-14,East,Sports,12,279.95,94.65
2024-09-14,West,Electronics,15,444.38,174.84
2024-09-14,West,Clothing,16,214.65,64.59
2024-09-14,West,Home & Garden,8,451.13,117.79
2024-09-14,West,Sports,8,206.1,83.17
2024-09-15,North,Electronics,13,726.13,208.9
2024-09-15,North,Clothing,14,364.18,130.39
2024-09-15,North,Home & Garden,14,444.8,120.66
2024-09-15,North,Sports,9,216.73,63.68
2024-09-15,South,Electronics,11,525.31,137.56
2024-09-15,South,Clothing,18,189.07,64.7
2024-09-15,South,Home & Garden,7,321.99,97.38
2024-09-15,South,Sports,8,251.75,82.39
2024-09-15,East,Electronics,8,917.23,257.19
2024-09-15,East,Clothing,16,216.79,57.32
2024-09-15,East,Home & Garden,4,414.69,154.66
2024-09-15,East,Sports,16,215.81,81.34
2024-09-15,West,Electronics,12,503.28,206.7
2024-09-15,West,Clothing,13,329.43,128.98
2024-09-15,West,Home & Garden,12,330.27,109.36
2024-09-15,West,Sports,11,92.2,24.27
2024-09-16,North,Electronics,6,563.45,146.12
2024-09-16,North,Clothing,10,249.96,101.16
2024-09-16,North,Home & Garden,8,263.6,104.4
2024-09-16,North,Sports,6,251.51,99.94
2024-09-16,South,Electronics,8,325.45,139.59
2024-09-16,South,Clothing,10,192.1,66.34
2024-09-16,South,Home & Garden,7,199.13,55.07
2024-09-16,South,Sports,9,165.66,60.51
2024-09-16,East,Electronics,10,266.99,119.74
2024-09-16,East,Clothing,7,212.11,68.11
2024-09-16,East,Home & Garden,4,398.08,153.63
2024-09-16,East,Sports,9,137.16,59.35
2024-09-16,West,Electronics,3,633.28,259.66
2024-09-16,West,Clothing,11,297.78,117.91
2024-09-16,West,Home & Garden,10,344.44,134.62
2024-09-16,West,Sports,4,149.16,37.48
2024-09-17,North,Electronics,7,651.74,176.87
2024-09-17,North,Clothing,4,199.63,52.39
2024-09-17,North,Home & Garden,9,267.71,77.97
2024-09-17,North,Sports,9,105.54,39.0
2024-09-17,South,Electronics,4,397.26,126.47
2024-09-17,South,Clothing,8,163.86,69.93
2024-09-17,South,Home & Garden,13,340.51,106.9
2024-09-17,South,Sports,4,160.31,68.47
2024-09-17,East,Electronics,5,353.75,151.47
2024-09-17,East,Clothing,7,314.61,89.52
2024-09-17,East,Home & Garden,8,499.48,211.17
2024-09-17,East,Sports,12,177.04,76.57
2024-09-17,West,Electronics,8,354.3,136.22
2024-09-17,West,Clothing,6,202.11,67.94
2024-09-17,West,Home & Garden,1,323.47,95.3
2024-09-17,West,Sports,10,124.33,49.24
2024-09-18,North,Electronics,4,476.65,191.4
2024-09-18,North,Clothing,10,66.76,25.31
2024-09-18,North,Home & Garden,8,364.86,120.8
2024-09-18,North,Sports,10,224.46,58.39
2024-09-18,South,Electronics,7,536.97,156.74
2024-09-18,South,Clothing,5,120.03,36.03
2024-09-18,South,Home & Garden,17,169.81,63.74
2024-09-18,South,Sports,5,173.17,51.16
2024-09-18,East,Electronics,10,622.08,249.69
2024-09-18,East,Clothing,10,221.1,57.12
2024-09-18,East,Home & Garden,9,328.76,88.24
2024-09-18,East,Sports,10,189.02,78.99
2024-09-18,West,Electronics,8,630.97,173.43
2024-09-18,West,Clothing,11,197.82,86.74
2024-09-18,West,Home & Garden,8,297.31,109.48
2024-09-18,West,Sports,12,115.36,44.47
2024-09-19,North,Electronics,11,404.71,104.49
2024-09-19,North,Clothing,7,212.49,64.04
2024-09-19,North,Home & Garden,5,385.05,144.47
2024-09-19,North,Sports,1,179.94,46.4
2024-09-19,South,Electronics,9,450.99,173.35
2024-09-19,South,Clothing,9,183.53,57.61
2024-09-19,South,Home & Garden,9,348.1,151.76
2024-09-19,South,Sports,8,66.51,28.43
2024-09-19,East,Electronics,9,855.46,274.1
2024-09-19,East,Clothing,5,144.55,58.72
2024-09-19,East,Home & Garden,14,449.5,122.83
2024-09-19,East,Sports,7,250.29,65.98
2024-09-19,West,Electronics,9,627.16,157.81
2024-09-19,West,Clothing,8,94.36,29.31
2024-09-19,West,Home & Garden,9,224.3,57.34
2024-09-19,West,Sports,6,123.24,40.7
2024-09-20,North,Electronics,10,435.86,121.26
2024-09-20,North,Clothing,5,183.96,73.89
2024-09-20,North,Home & Garden,11,389.27,97.74
2024-09-20,North,Sports,14,185.74,68.61
2024-09-20,South,Electronics,6,676.39,284.5
2024-09-20,South,Clothing,12,197.37,53.01
2024-09-20,South,Home & Garden,7,205.04,54.73
2024-09-20,South,Sports,15,187.26,62.81
2024-09-20,East,Electronics,6,682.95,186.1
2024-09-20,East,Clothing,10,238.08,85.79
2024-09-20,East,Home & Garden,10,308.97,93.81
2024-09-20,East,Sports,7,83.81,33.53
2024-09-20,West,Electronics,5,443.96,196.71
2024-09-20,West,Clothing,7,133.79,52.29
2024-09-20,West,Home & Garden,8,247.35,76.44
2024-09-20,West,Sports,8,130.59,56.5
2024-09-21,North,Electronics,17,702.9,257.67
2024-09-21,North,Clothing,11,286.95,93.52
2024-09-21,North,Home & Garden,8,312.58,94.21
2024-09-21,North,Sports,3,198.62,77.78
2024-09-21,South,Electronics,4,769.34,288.32
2024-09-21,South,Clothing,7,256.49,90.9
2024-09-21,South,Home & Garden,9,367.07,145.7
2024-09-21,South,Sports,11,88.2,36.23
2024-09-21,East,Electronics,7,763.83,293.4
2024-09-21,East,Clothing,11,268.78,95.18
2024-09-21,East,Home & Garden,3,425.17,115.9
2024-09-21,East,Sports,15,152.16,63.87
2024-09-21,West,Electronics,8,806.36,253.86
2024-09-21,West,Clothing,5,227.37,88.88
2024-09-21,West,Home & Garden,12,394.9,104.34
2024-09-21,West,Sports,9,253.74,65.74
2024-09-22,North,Electronics,6,1171.27,327.38
2024-09-22,North,Clothing,12,495.48,168.81
2024-09-22,North,Home & Garden,8,384.96,102.74
2024-09-22,North,Sports,9,187.26,78.2
2024-09-22,South,Electronics,15,646.4,171.71
2024-09-22,South,Clothing,11,330.14,121.53
2024-09-22,South,Home & Garden,7,306.28,120.11
2024-09-22,South,Sports,6,145.41,46.86
2024-09-22,East,Electronics,9,752.19,202.11
2024-09-22,East,Clothing,8,324.83,88.05
2024-09-22,East,Home & Garden,16,553.91,184.74
2024-09-22,East,Sports,8,239.25,92.69
2024-09-22,West,Electronics,11,543.09,228.27
2024-09-22,West,Clothing,7,239.82,83.74
2024-09-22,West,Home & Garden,11,322.41,108.06
2024-09-22,West,Sports,21,185.92,53.13
2024-09-23,North,Electronics,7,1018.84,414.19
2024-09-23,North,Clothing,3,269.44,120.21
2024-09-23,North,Home & Garden,8,255.65,72.98
2024-09-23,North,Sports,15,120.11,52.84
2024-09-23,South,Electronics,9,565.15,207.75
2024-09-23,South,Clothing,4,189.91,56.76
2024-09-23,South,Home & Garden,7,316.45,140.55
2024-09-23,South,Sports,8,127.99,51.11
2024-09-23,East,Electronics,4,592.62,169.74
2024-09-23,East,Clothing,7,165.24,64.47
2024-09-23,East,Home & Garden,8,264.53,103.57
2024-09-23,East,Sports,8,151.86,62.04
2024-09-23,West,Electronics,4,547.44,214.54
2024-09-23,West,Clothing,9,228.32,99.87
2024-09-23,West,Home & Garden,7,287.96,106.98
2024-09-23,West,Sports,8,179.64,57.65
2024-09-24,North,Electronics,3,382.06,158.13
2024-09-24,North,Clothing,10,206.96,85.53
2024-09-24,North,Home & Garden,6,335.99,132.24
2024-09-24,North,Sports,12,208.19,80.14
2024-09-24,South,Electronics,11,339.22,147.6
2024-09-24,South,Clothing,6,215.59,73.73
2024-09-24,South,Home & Garden,8,338.49,97.37
2024-09-24,South,Sports,3,93.27,41.64
2024-09-24,East,Electronics,11,411.97,184.81
2024-09-24,East,Clothing,8,148.83,50.79
2024-09-24,East,Home & Garden,9,451.05,194.33
2024-09-24,East,Sports,10,215.31,81.31
2024-09-24,West,Electronics,10,685.54,227.82
2024-09-24,West,Clothing,12,226.31,61.09
2024-09-24,West,Home & Garden,10,232.91,102.27
2024-09-24,West,Sports,5,95.58,41.67
2024-09-25,North,Electronics,7,730.28,193.88
2024-09-25,North,Clothing,11,315.92,130.71
2024-09-25,North,Home & Garden,10,295.92,123.89
2024-09-25,North,Sports,10,97.92,31.27
2024-09-25,South,Electronics,6,315.67,110.12
2024-09-25,South,Clothing,12,249.61,76.47
2024-09-25,South,Home & Garden,8,215.88,88.02
2024-09-25,South,Sports,8,83.54,29.06
2024-09-25,East,Electronics,9,501.65,217.65
2024-09-25,East,Clothing,8,240.61,69.87
2024-09-25,East,Home & Garden,6,177.23,70.53
2024-09-25,East,Sports,3,202.49,82.06
2024-09-25,West,Electronics,8,376.79,134.95
2024-09-25,West,Clothing,11,282.65,101.89
2024-09-25,West,Home & Garden,12,415.9,122.36
2024-09-25,West,Sports,5,115.37,30.42
2024-09-26,North,Electronics,6,570.49,150.71
2024-09-26,North,Clothing,12,228.08,100.83
2024-09-26,North,Home & Garden,9,348.73,152.95
2024-09-26,North,Sports,14,122.48,52.58
2024-09-26,South,Electronics,8,663.59,261.81
2024-09-26,South,Clothing,14,244.18,61.25
2024-09-26,South,Home & Garden,6,170.93,68.51
2024-09-26,South,Sports,6,105.52,41.35
2024-09-26,East,Electronics,5,676.58,243.97
2024-09-26,East,Clothing,3,130.15,49.07
2024-09-26,East,Home & Garden,4,305.49,105.43
2024-09-26,East,Sports,7,200.58,61.83
2024-09-26,West,Electronics,8,479.97,213.48
2024-09-26,West,Clothing,5,254.59,80.25
2024-09-26,West,Home & Garden,8,327.32,118.12
2024-09-26,West,Sports,8,97.2,33.88
2024-09-27,North,Electronics,15,663.26,236.66
2024-09-27,North,Clothing,8,150.67,46.87
2024-09-27,North,Home & Garden,8,333.07,134.33
2024-09-27,North,Sports,5,203.59,67.53
2024-09-27,South,Electronics,5,398.66,125.95
2024-09-27,South,Clothing,9,41.24,17.59
2024-09-27,South,Home & Garden,6,279.96,111.39
2024-09-27,South,Sports,9,140.08,57.48
2024-09-27,East,Electronics,7,624.48,212.04
2024-09-27,East,Clothing,14,302.31,96.21
2024-09-27,East,Home & Garden,4,351.09,130.12
2024-09-27,East,Sports,9,127.3,56.56
2024-09-27,West,Electronics,11,461.3,135.1
2024-09-27,West,Clothing,7,115.3,43.9
2024-09-27,West,Home & Garden,7,344.08,138.97
2024-09-27,West,Sports,8,116.57,48.88
2024-09-28,North,Electronics,12,795.21,309.16
2024-09-28,North,Clothing,10,250.01,68.54
2024-09-28,North,Home & Garden,3,245.71,78.62
2024-09-28,North,Sports,7,237.43,73.65
2024-09-28,South,Electronics,11,743.43,201.14
2024-09-28,South,Clothing,12,162.13,46.88
2024-09-28,South,Home & Garden,12,423.4,161.01
2024-09-28,South,Sports,12,205.05,58.65
2024-09-28,East,Electronics,10,1056.57,319.51
2024-09-28,East,Clothing,12,201.97,87.89
2024-09-28,East,Home & Garden,7,409.17,169.25
2024-09-28,East,Sports,9,182.2,60.65
2024-09-28,West,Electronics,8,646.12,267.43
2024-09-28,West,Clothing,8,288.41,74.89
2024-09-28,West,Home & Garden,7,327.06,107.75
2024-09-28,West,Sports,16,214.74,74.5
2024-09-29,North,Electronics,8,679.99,250.54
2024-09-29,North,Clothing,4,200.65,68.17
2024-09-29,North,Home & Garden,13,251.98,64.3
2024-09-29,North,Sports,8,185.99,75.66
2024-09-29,South,Electronics,17,468.5,135.25
2024-09-29,South,Clothing,6,311.27,119.82
2024-09-29,South,Home & Garden,10,352.33,156.24
2024-09-29,South,Sports,6,200.53,62.34
2024-09-29,East,Electronics,7,1079.84,304.63
2024-09-29,East,Clothing,9,262.54,68.39
2024-09-29,East,Home & Garden,10,320.29,117.96
2024-09-29,East,Sports,6,301.68,78.08
2024-09-29,West,Electronics,11,454.1,162.18
2024-09-29,West,Clothing,5,257.59,67.19
2024-09-29,West,Home & Garden,4,486.18,187.95
2024-09-29,West,Sports,14,214.77,75.02
2024-09-30,North,Electronics,8,641.78,177.63
2024-09-30,North,Clothing,6,153.02,41.63
2024-09-30,North,Home & Garden,16,372.61,147.27
2024-09-30,North,Sports,11,184.21,82.58
2024-09-30,South,Electronics,6,335.27,106.44
2024-09-30,South,Clothing,5,110.54,32.01
2024-09-30,South,Home & Garden,4,265.81,72.89
2024-09-30,South,Sports,13,84.99,36.95
2024-09-30,East,Electronics,10,774.57,329.64
2024-09-30,East,Clothing,7,222.26,88.14
2024-09-30,East,Home & Garden,2,391.88,124.99
2024-09-30,East,Sports,6,201.77,60.95
2024-09-30,West,Electronics,13,619.17,169.11
2024-09-30,West,Clothing,12,96.64,31.93
2024-09-30,West,Home & Garden,7,227.88,83.76
2024-09-30,West,Sports,8,129.97,35.38
2024-10-01,North,Electronics,13,591.51,153.38
2024-10-01,North,Clothing,8,167.17,56.79
2024-10-01,North,Home & Garden,7,272.43,115.52
2024-10-01,North,Sports,9,165.28,63.72
2024-10-01,South,Electronics,13,468.15,188.1
2024-10-01,South,Clothing,7,127.54,52.39
2024-10-01,South,Home & Garden,7,333.56,134.24
2024-10-01,South,Sports,5,149.45,39.6
2024-10-01,East,Electronics,19,641.24,269.83
2024-10-01,East,Clothing,7,252.73,75.32
2024-10-01,East,Home & Garden,6,437.15,165.01
2024-10-01,East,Sports,5,126.69,33.82
2024-10-01,West,Electronics,8,418.33,111.73
2024-10-01,West,Clothing,7,183.22,82.38
2024-10-01,West,Home & Garden,9,304.19,81.1
2024-10-01,West,Sports,6,153.77,65.65
2024-10-02,North,Electronics,8,531.66,147.81
2024-10-02,North,Clothing,6,135.46,38.37
2024-10-02,North,Home & Garden,8,451.15,189.94
2024-10-02,North,Sports,9,158.81,56.31
2024-10-02,South,Electronics,6,476.96,187.39
2024-10-02,South,Clothing,10,249.03,71.16
2024-10-02,South,Home & Garden,8,260.4,70.98
2024-10-02,South,Sports,13,152.06,63.99
2024-10-02,East,Electronics,11,631.93,183.99
2024-10-02,East,Clothing,7,256.66,81.96
2024-10-02,East,Home & Garden,10,442.96,164.64
2024-10-02,East,Sports,10,215.51,81.12
2024-10-02,West,Electronics,7,454.0,140.07
2024-10-02,West,Clothing,8,144.82,50.61
2024-10-02,West,Home & Garden,9,394.05,143.47
2024-10-02,West,Sports,8,151.82,56.28
2024-10-03,North,Electronics,7,395.09,100.44
2024-10-03,North,Clothing,5,261.08,94.34
2024-10-03,North,Home & Garden,10,328.58,136.68
2024-10-03,North,Sports,10,85.36,31.68
2024-10-03,South,Electronics,10,535.61,205.7
2024-10-03,South,Clothing,9,195.88,80.93
2024-10-03,South,Home & Garden,3,222.34,78.64
2024-10-03,South,Sports,7,75.41,33.01
2024-10-03,East,Electronics,12,566.89,157.2
2024-10-03,East,Clothing,4,144.26,54.33
2024-10-03,East,Home & Garden,12,319.81,100.73
2024-10-03,East,Sports,4,168.06,61.69
2024-10-03,West,Electronics,8,404.06,156.34
2024-10-03,West,Clothing,8,201.45,55.78
2024-10-03,West,Home & Garden,7,276.55,69.75
2024-10-03,West,Sports,10,198.19,61.47
2024-10-04,North,Electronics,12,590.39,204.53
2024-10-04,North,Clothing,3,242.7,96.64
2024-10-04,North,Home & Garden,18,407.26,115.64
2024-10-04,North,Sports,11,205.85,70.67
2024-10-04,South,Electronics,8,429.21,121.14
2024-10-04,South,Clothing,6,204.42,69.61
2024-10-04,South,Home & Garden,7,277.69,92.37
2024-10-04,South,Sports,10,81.92,26.52
2024-10-04,East,Electronics,9,692.41,282.76
2024-10-04,East,Clothing,5,353.27,138.53
2024-10-04,East,Home & Garden,9,334.92,120.67
2024-10-04,East,Sports,9,198.54,83.96
2024-10-04,West,Electronics,6,404.32,168.05
2024-10-04,West,Clothing,7,168.24,46.56
2024-10-04,West,Home & Garden,9,287.72,80.22
2024-10-04,West,Sports,6,130.45,34.88
2024-10-05,North,Electronics,10,597.34,258.62
2024-10-05,North,Clothing,10,268.47,89.66
2024-10-05,North,Home & Garden,10,567.62,220.83
2024-10-05,North,Sports,10,278.88,107.14
2024-10-05,South,Electronics,10,562.8,215.42
2024-10-05,South,Clothing,15,228.49,94.14
2024-10-05,South,Home & Garden,12,209.35,64.69
2024-10-05,South,Sports,12,167.58,59.21
2024-10-05,East,Electronics,12,797.22,334.9
2024-10-05,East,Clothing,9,411.01,133.92
2024-10-05,East,Home & Garden,10,521.7,148.54
2024-10-05,East,Sports,12,214.97,78.91
2024-10-05,West,Electronics,5,622.7,156.4
2024-10-05,West,Clothing,10,291.11,116.02
2024-10-05,West,Home & Garden,10,211.14,73.2
2024-10-05,West,Sports,14,107.37,39.52
2024-10-06,North,Electronics,9,471.23,173.24
2024-10-06,North,Clothing,15,309.45,129.73
2024-10-06,North,Home & Garden,13,599.68,256.36
2024-10-06,North,Sports,12,210.45,69.96
2024-10-06,South,Electronics,9,637.85,268.71
2024-10-06,South,Clothing,10,314.29,91.3
2024-10-06,South,Home & Garden,11,288.8,74.52
2024-10-06,South,Sports,13,176.24,56.29
2024-10-06,East,Electronics,8,610.32,184.35
2024-10-06,East,Clothing,11,263.1,102.59
2024-10-06,East,Home & Garden,10,233.99,76.0
2024-10-06,East,Sports,13,242.46,69.58
2024-10-06,West,Electronics,12,943.02,236.54
2024-10-06,West,Clothing,7,246.99,104.83
2024-10-06,West,Home & Garden,12,446.04,171.16
2024-10-06,West,Sports,13,153.14,66.74
2024-10-07,North,Electronics,9,412.25,155.27
2024-10-07,North,Clothing,6,189.54,51.56
2024-10-07,North,Home & Garden,7,292.18,112.99
2024-10-07,North,Sports,5,206.86,76.58
2024-10-07,South,Electronics,6,349.15,137.31
2024-10-07,South,Clothing,13,69.42,17.93
2024-10-07,South,Home & Garden,9,315.09,120.94
2024-10-07,South,Sports,6,109.7,32.67
2024-10-07,East,Electronics,7,430.77,143.66
2024-10-07,East,Clothing,7,198.34,66.03
2024-10-07,East,Home & Garden,4,301.32,125.1
2024-10-07,East,Sports,15,78.01,34.55
2024-10-07,West,Electronics,4,475.3,135.2
2024-10-07,West,Clothing,8,166.83,46.28
2024-10-07,West,Home & Garden,7,195.43,74.8
2024-10-07,West,Sports,8,171.26,70.49
2024-10-08,North,Electronics,3,421.76,165.38
2024-10-08,North,Clothing,10,252.49,100.14
2024-10-08,North,Home & Garden,10,401.33,146.45
2024-10-08,North,Sports,8,106.81,40.31
2024-10-08,South,Electronics,10,449.99,116.85
2024-10-08,South,Clothing,8,217.88,79.02
2024-10-08,South,Home & Garden,7,346.0,95.87
2024-10-08,South,Sports,6,126.9,45.68
2024-10-08,East,Electronics,12,799.08,331.8
2024-10-08,East,Clothing,12,206.55,87.5
2024-10-08,East,Home & Garden,5,496.69,161.84
2024-10-08,East,Sports,9,171.61,62.11
2024-10-08,West,Electronics,6,467.03,126.39
2024-10-08,West,Clothing,7,251.54,78.01
2024-10-08,West,Home & Garden,6,286.54,86.1
2024-10-08,West,Sports,3,210.23,56.97
2024-10-09,North,Electronics,8,848.41,242.15
2024-10-09,North,Clothing,10,210.05,59.8
2024-10-09,North,Home & Garden,4,236.81,65.32
2024-10-09,North,Sports,10,142.6,54.77
2024-10-09,South,Electronics,11,259.05,111.45
2024-10-09,South,Clothing,5,172.75,72.14
2024-10-09,South,Home & Garden,6,359.21,142.47
2024-10-09,South,Sports,7,44.17,12.7
2024-10-09,East,Electronics,4,623.79,214.49
2024-10-09,East,Clothing,12,411.62,173.39
2024-10-09,East,Home & Garden,4,361.65,111.27
2024-10-09,East,Sports,8,159.29,52.38
2024-10-09,West,Electronics,10,602.88,174.93
2024-10-09,West,Clothing,6,191.02,85.71
2024-10-09,West,Home & Garden,8,206.89,57.18
2024-10-09,West,Sports,8,182.9,48.5
2024-10-10,North,Electronics,10,505.83,169.64
2024-10-10,North,Clothing,12,280.08,89.01
2024-10-10,North,Home & Garden,11,357.49,91.49
2024-10-10,North,Sports,6,204.79,51.77
2024-10-10,South,Electronics,8,538.47,172.28
2024-10-10,South,Clothing,4,210.39,81.96
2024-10-10,South,Home & Garden,9,288.48,80.49
2024-10-10,South,Sports,8,83.64,25.97
2024-10-10,East,Electronics,7,902.71,371.44
2024-10-10,East,Clothing,6,202.54,68.83
2024-10-10,East,Home & Garden,6,342.59,100.44
2024-10-10,East,Sports,8,226.64,63.17
2024-10-10,West,Electronics,7,574.67,246.9
2024-10-10,West,Clothing,6,259.19,112.54
2024-10-10,West,Home & Garden,7,334.89,95.04
2024-10-10,West,Sports,8,186.25,69.7
2024-10-11,North,Electronics,5,678.03,260.04
2024-10-11,North,Clothing,2,256.07,85.76
2024-10-11,North,Home & Garden,8,350.7,155.4
2024-10-11,North,Sports,4,209.13,70.83
2024-10-11,South,Electronics,2,376.31,136.3
2024-10-11,South,Clothing,4,147.5,49.54
2024-10-11,South,Home & Garden,11,324.58,102.51
2024-10-11,South,Sports,7,109.06,45.31
2024-10-11,East,Electronics,8,301.67,114.37
2024-10-11,East,Clothing,4,110.32,34.73
2024-10-11,East,Home & Garden,4,381.95,135.49
2024-10-11,East,Sports,9,232.22,58.67
2024-10-11,West,Electronics,9,656.16,218.0
2024-10-11,West,Clothing,9,150.18,60.95
2024-10-11,West,Home & Garden,7,389.36,137.99
2024-10-11,West,Sports,8,180.61,54.17
2024-10-12,North,Electronics,9,637.3,283.31
2024-10-12,North,Clothing,6,312.82,120.31
2024-10-12,North,Home & Garden,15,359.79,106.5
2024-10-12,North,Sports,8,196.68,69.32
2024-10-12,South,Electronics,13,641.83,273.64
2024-10-12,South,Clothing,8,226.97,64.46
2024-10-12,South,Home & Garden,7,417.2,150.49
2024-10-12,South,Sports,9,150.79,52.71
2024-10-12,East,Electronics,8,1023.71,264.68
2024-10-12,East,Clothing,13,226.71,68.12
2024-10-12,East,Home & Garden,12,400.78,114.74
2024-10-12,East,Sports,11,293.68,107.52
2024-10-12,West,Electronics,4,497.46,178.22
2024-10-12,West,Clothing,9,233.75,78.12
2024-10-12,West,Home & Garden,6,353.5,152.35
2024-10-12,West,Sports,8,172.57,71.87
2024-10-13,North,Electronics,14,359.98,90.51
2024-10-13,North,Clothing,11,237.46,61.9
2024-10-13,North,Home & Garden,9,555.18,240.86
2024-10-13,North,Sports,8,100.73,31.36
2024-10-13,South,Electronics,10,577.98,176.83
2024-10-13,South,Clothing,6,199.18,52.52
2024-10-13,South,Home & Garden,11,408.33,135.96
2024-10-13,South,Sports,13,244.02,62.48
2024-10-13,East,Electronics,9,719.06,181.85
2024-10-13,East,Clothing,10,190.42,68.05
2024-10-13,East,Home & Garden,9,438.09,122.08
2024-10-13,East,Sports,7,180.3,79.78
2024-10-13,West,Electronics,5,602.2,233.61
2024-10-13,West,Clothing,8,131.88,58.27
2024-10-13,West,Home & Garden,14,416.27,153.84
2024-10-13,West,Sports,9,165.15,68.28
2024-10-14,North,Electronics,6,765.25,209.85
2024-10-14,North,Clothing,4,252.52,106.5
2024-10-14,North,Home & Garden,7,439.71,145.56
2024-10-14,North,Sports,6,195.47,51.36
2024-10-14,South,Electronics,7,500.92,166.37
2024-10-14,South,Clothing,6,252.86,98.2
2024-10-14,South,Home & Garden,13,297.62,89.35
2024-10-14,South,Sports,11,157.63,48.23
2024-10-14,East,Electronics,8,602.16,256.55
2024-10-14,East,Clothing,8,215.97,71.31
2024-10-14,East,Home & Garden,9,490.58,199.02
2024-10-14,East,Sports,4,260.64,79.96
2024-10-14,West,Electronics,12,461.51,174.04
2024-10-14,West,Clothing,6,196.76,78.27
2024-10-14,West,Home & Garden,6,228.9,89.95
2024-10-14,West,Sports,8,98.0,43.3
2024-10-15,North,Electronics,2,722.49,314.54
2024-10-15,North,Clothing,11,263.94,73.38
2024-10-15,North,Home & Garden,11,165.08,43.59
2024-10-15,North,Sports,11,89.43,23.89
2024-10-15,South,Electronics,8,501.43,184.87
2024-10-15,South,Clothing,11,164.32,65.55
2024-10-15,South,Home & Garden,7,381.77,145.94
2024-10-15,South,Sports,14,94.19,28.51
2024-10-15,East,Electronics,7,675.48,235.75
2024-10-15,East,Clothing,6,155.7,57.96
2024-10-15,East,Home & Garden,3,316.68,99.2
2024-10-15,East,Sports,7,185.77,56.7
2024-10-15,West,Electronics,7,503.75,206.75
2024-10-15,West,Clothing,10,169.89,54.49
2024-10-15,West,Home & Garden,10,328.02,94.98
2024-10-15,West,Sports,7,120.46,43.67
2024-10-16,North,Electronics,4,627.63,249.24
2024-10-16,North,Clothing,11,262.78,73.04
2024-10-16,North,Home & Garden,11,301.78,106.07
2024-10-16,North,Sports,4,163.77,63.17
2024-10-16,South,Electronics,7,450.71,161.66
2024-10-16,South,Clothing,6,250.93,110.58
2024-10-16,South,Home & Garden,8,137.83,58.99
2024-10-16,South,Sports,8,108.73,36.57
2024-10-16,East,Electronics,6,572.17,240.35
2024-10-16,East,Clothing,8,234.81,64.7
2024-10-16,East,Home & Garden,11,438.18,188.78
2024-10-16,East,Sports,11,121.88,53.96
2024-10-16,West,Electronics,7,543.19,175.46
2024-10-16,West,Clothing,7,158.03,40.91
2024-10-16,West,Home & Garden,9,317.06,81.96
2024-10-16,West,Sports,10,107.52,37.54
2024-10-17,North,Electronics,4,493.98,188.71
2024-10-17,North,Clothing,4,305.57,90.21
2024-10-17,North,Home & Garden,7,362.64,137.08
2024-10-17,North,Sports,12,229.39,83.4
2024-10-17,South,Electronics,10,427.64,139.56
2024-10-17,South,Clothing,7,103.23,28.75
2024-10-17,South,Home & Garden,5,296.25,129.56
2024-10-17,South,Sports,12,145.95,49.04
2024-10-17,East,Electronics,5,758.77,241.55
2024-10-17,East,Clothing,9,213.15,77.82
2024-10-17,East,Home & Garden,7,469.36,188.08
2024-10-17,East,Sports,8,235.58,80.57
2024-10-17,West,Electronics,9,615.18,197.6
2024-10-17,West,Clothing,4,178.8,51.08
2024-10-17,West,Home & Garden,9,272.48,83.63
2024-10-17,West,Sports,6,106.18,38.55
2024-10-18,North,Electronics,8,288.69,122.94
2024-10-18,North,Clothing,9,137.86,60.99
2024-10-18,North,Home & Garden,7,385.22,135.4
2024-10-18,North,Sports,13,117.68,40.78
2024-10-18,South,Electronics,7,621.05,173.83
2024-10-18,South,Clothing,5,221.48,67.45
2024-10-18,South,Home & Garden,8,331.66,103.98
2024-10-18,South,Sports,8,137.68,48.75
2024-10-18,East,Electronics,19,426.59,178.22
2024-10-18,East,Clothing,5,231.89,76.87
2024-10-18,East,Home & Garden,9,346.24,135.98
2024-10-18,East,Sports,8,228.95,99.72
2024-10-18,West,Electronics,9,347.88,131.08
2024-10-18,West,Clothing,7,219.82,64.91
2024-10-18,West,Home & Garden,6,264.07,93.99
2024-10-18,West,Sports,9,169.81,73.52
2024-10-19,North,Electronics,10,791.24,341.41
2024-10-19,North,Clothing,13,376.25,97.32
2024-10-19,North,Home & Garden,10,321.72,96.81
2024-10-19,North,Sports,10,235.67,60.4
2024-10-19,South,Electronics,17,690.92,281.32
2024-10-19,South,Clothing,12,182.28,75.07
2024-10-19,South,Home & Garden,12,322.71,136.45
2024-10-19,South,Sports,9,277.71,90.57
2024-10-19,East,Electronics,13,1061.49,282.39
2024-10-19,East,Clothing,13,230.93,61.94
2024-10-19,East,Home & Garden,5,405.66,141.46
2024-10-19,East,Sports,11,140.78,62.44
2024-10-19,West,Electronics,13,440.51,169.52
2024-10-19,West,Clothing,3,238.41,74.3
2024-10-19,West,Home & Garden,11,423.86,108.11
2024-10-19,West,Sports,8,208.93,86.78
2024-10-20,North,Electronics,20,558.41,205.63
2024-10-20,North,Clothing,8,409.4,146.42
2024-10-20,North,Home & Garden,11,507.88,178.49
2024-10-20,North,Sports,14,183.77,78.22
2024-10-20,South,Electronics,11,660.07,222.51
2024-10-20,South,Clothing,10,222.19,79.63
2024-10-20,South,Home & Garden,12,369.89,97.41
2024-10-20,South,Sports,10,136.99,48.2
2024-10-20,East,Electronics,9,446.42,186.55
2024-10-20,East,Clothing,9,310.28,122.32
2024-10-20,East,Home & Garden,8,556.25,209.3
2024-10-20,East,Sports,14,186.2,77.92
2024-10-20,West,Electronics,6,744.59,195.88
2024-10-20,West,Clothing,6,276.38,72.99
2024-10-20,West,Home & Garden,18,334.48,145.68
2024-10-20,West,Sports,12,248.47,83.36
2024-10-21,North,Electronics,11,475.74,157.89
2024-10-21,North,Clothing,5,332.89,129.01
2024-10-21,North,Home & Garden,5,385.9,155.54
2024-10-21,North,Sports,8,144.75,62.19
2024-10-21,South,Electronics,7,592.13,150.76
2024-10-21,South,Clothing,9,119.18,45.21
2024-10-21,South,Home & Garden,13,320.67,122.12
2024-10-21,South,Sports,7,119.71,48.4
2024-10-21,East,Electronics,7,820.39,342.06
2024-10-21,East,Clothing,15,242.72,83.15
2024-10-21,East,Home & Garden,5,338.74,137.48
2024-10-21,East,Sports,6,114.62,48.33
2024-10-21,West,Electronics,10,529.66,237.48
2024-10-21,West,Clothing,11,155.96,66.46
2024-10-21,West,Home & Garden,9,344.23,133.11
2024-10-21,West,Sports,11,124.95,52.32
2024-10-22,North,Electronics,7,634.54,208.52
2024-10-22,North,Clothing,7,193.9,56.95
2024-10-22,North,Home & Garden,7,350.07,93.79
2024-10-22,North,Sports,7,164.49,43.01
2024-10-22,South,Electronics,14,394.46,128.73
2024-10-22,South,Clothing,10,157.0,53.72
2024-10-22,South,Home & Garden,9,317.82,93.92
2024-10-22,South,Sports,10,112.38,44.5
2024-10-22,East,Electronics,8,591.04,178.44
2024-10-22,East,Clothing,7,371.71,132.18
2024-10-22,East,Home & Garden,10,260.13,110.53
2024-10-22,East,Sports,5,192.23,66.29
2024-10-22,West,Electronics,16,522.31,154.63
2024-10-22,West,Clothing,11,136.05,56.15
2024-10-22,West,Home & Garden,10,160.84,68.1
2024-10-22,West,Sports,11,133.43,57.35
2024-10-23,North,Electronics,11,659.14,280.41
2024-10-23,North,Clothing,7,216.0,57.15
2024-10-23,North,Home & Garden,7,203.31,82.57
2024-10-23,North,Sports,7,189.76,57.71
2024-10-23,South,Electronics,4,595.53,215.39
2024-10-23,South,Clothing,8,239.25,80.32
2024-10-23,South,Home & Garden,7,313.71,127.67
2024-10-23,South,Sports,7,118.77,48.11
2024-10-23,East,Electronics,6,533.54,150.68
2024-10-23,East,Clothing,7,307.53,127.39
2024-10-23,East,Home & Garden,3,279.43,110.59
2024-10-23,East,Sports,8,200.84,51.77
2024-10-23,West,Electronics,6,395.69,176.58
2024-10-23,West,Clothing,10,223.13,96.79
2024-10-23,West,Home & Garden,9,288.8,76.5
2024-10-23,West,Sports,10,137.23,51.16
2024-10-24,North,Electronics,14,734.59,307.83
2024-10-24,North,Clothing,10,250.63,85.75
2024-10-24,North,Home & Garden,4,281.06,113.83
2024-10-24,North,Sports,4,199.34,62.24
2024-10-24,South,Electronics,8,420.15,184.02
2024-10-24,South,Clothing,6,190.17,70.78
2024-10-24,South,Home & Garden,7,298.29,104.77
2024-10-24,South,Sports,4,136.65,35.82
2024-10-24,East,Electronics,8,660.1,225.93
2024-10-24,East,Clothing,11,274.53,83.39
2024-10-24,East,Home & Garden,7,469.73,139.75
2024-10-24,East,Sports,7,261.47,76.23
2024-10-24,West,Electronics,10,551.75,215.48
2024-10-24,West,Clothing,7,128.99,56.75
2024-10-24,West,Home & Garden,6,367.66,135.15
2024-10-24,West,Sports,15,192.55,59.85
2024-10-25,North,Electronics,10,704.34,264.05
2024-10-25,North,Clothing,10,328.92,87.18
2024-10-25,North,Home & Garden,6,196.4,86.54
2024-10-25,North,Sports,10,130.19,33.51
2024-10-25,South,Electronics,7,469.02,182.06
2024-10-25,South,Clothing,6,184.79,47.74
2024-10-25,South,Home & Garden,12,196.32,87.89
2024-10-25,South,Sports,10,111.55,41.91
2024-10-25,East,Electronics,10,678.07,263.46
2024-10-25,East,Clothing,7,234.87,87.68
2024-10-25,East,Home & Garden,11,244.79,105.71
2024-10-25,East,Sports,9,81.92,21.93
2024-10-25,West,Electronics,10,570.82,251.48
2024-10-25,West,Clothing,6,191.97,66.72
2024-10-25,West,Home & Garden,6,338.76,93.26
2024-10-25,West,Sports,12,189.87,72.16
2024-10-26,North,Electronics,8,672.48,287.41
2024-10-26,North,Clothing,7,418.83,136.13
2024-10-26,North,Home & Garden,6,278.08,93.69
2024-10-26,North,Sports,8,201.39,87.38
2024-10-26,South,Electronics,11,467.32,199.95
2024-10-26,South,Clothing,13,307.05,113.93
2024-10-26,South,Home & Garden,13,257.61,111.51
2024-10-26,South,Sports,9,159.33,57.28
2024-10-26,East,Electronics,7,1000.23,316.17
2024-10-26,East,Clothing,14,204.74,76.39
2024-10-26,East,Home & Garden,10,507.2,138.88
2024-10-26,East,Sports,7,247.17,96.02
2024-10-26,West,Electronics,9,849.73,274.3
2024-10-26,West,Clothing,12,227.97,84.4
2024-10-26,West,Home & Garden,6,400.54,117.87
2024-10-26,West,Sports,9,153.88,48.85
2024-10-27,North,Electronics,8,613.73,156.21
2024-10-27,North,Clothing,13,277.07,121.17
2024-10-27,North,Home & Garden,17,441.94,118.41
2024-10-27,North,Sports,9,206.55,88.73
2024-10-27,South,Electronics,14,559.18,175.74
2024-10-27,South,Clothing,6,324.28,137.28
2024-10-27,South,Home & Garden,7,398.93,118.59
2024-10-27,South,Sports,16,223.07,72.19
2024-10-27,East,Electronics,9,533.88,141.49
2024-10-27,East,Clothing,13,374.45,127.36
2024-10-27,East,Home & Garden,9,592.02,246.78
2024-10-27,East,Sports,11,203.14,84.71
2024-10-27,West,Electronics,10,897.1,255.08
2024-10-27,West,Clothing,11,345.02,90.26
2024-10-27,West,Home & Garden,5,534.95,212.41
2024-10-27,West,Sports,6,234.71,73.17
2024-10-28,North,Electronics,3,351.41,128.49
2024-10-28,North,Clothing,5,112.94,49.02
2024-10-28,North,Home & Garden,7,245.56,110.38
2024-10-28,North,Sports,10,225.22,79.37
2024-10-28,South,Electronics,4,457.9,120.16
2024-10-28,South,Clothing,7,98.18,40.21
2024-10-28,South,Home & Garden,10,373.32,144.64
2024-10-28,South,Sports,3,154.17,64.17
2024-10-28,East,Electronics,5,690.96,174.34
2024-10-28,East,Clothing,2,199.87,87.98
2024-10-28,East,Home & Garden,11,429.09,155.59
2024-10-28,East,Sports,7,158.56,70.21
2024-10-28,West,Electronics,7,465.26,137.52
2024-10-28,West,Clothing,5,174.1,43.53
2024-10-28,West,Home & Garden,5,245.23,105.0
2024-10-28,West,Sports,7,194.5,71.25
2024-10-29,North,Electronics,10,720.73,184.11
2024-10-29,North,Clothing,7,247.53,108.31
2024-10-29,North,Home & Garden,12,287.31,85.89
2024-10-29,North,Sports,9,196.74,60.35
2024-10-29,South,Electronics,10,471.32,201.94
2024-10-29,South,Clothing,5,207.77,78.83
2024-10-29,South,Home & Garden,4,326.06,99.91
2024-10-29,South,Sports,13,113.71,38.63
2024-10-29,East,Electronics,8,465.21,133.59
2024-10-29,East,Clothing,6,181.0,49.07
2024-10-29,East,Home & Garden,6,187.06,71.57
2024-10-29,East,Sports,11,209.08,62.74
2024-10-29,West,Electronics,5,497.06,202.15
2024-10-29,West,Clothing,10,220.87,60.37
2024-10-29,West,Home & Garden,6,322.25,116.14
2024-10-29,West,Sports,4,91.27,31.5
2024-10-30,North,Electronics,7,597.8,222.87
2024-10-30,North,Clothing,10,182.88,69.82
2024-10-30,North,Home & Garden,7,275.49,71.28
2024-10-30,North,Sports,15,90.71,27.52
2024-10-30,South,Electronics,9,398.89,110.53
2024-10-30,South,Clothing,9,187.42,54.21
2024-10-30,South,Home & Garden,7,186.67,72.55
2024-10-30,South,Sports,7,157.45,40.83
2024-10-30,East,Electronics,5,700.62,188.81
2024-10-30,East,Clothing,5,324.93,136.7
2024-10-30,East,Home & Garden,9,205.97,65.05
2024-10-30,East,Sports,7,159.34,63.53
2024-10-30,West,Electronics,11,546.84,147.67
2024-10-30,West,Clothing,8,174.37,58.43
2024-10-30,West,Home & Garden,10,341.2,99.5
2024-10-30,West,Sports,5,122.81,44.07
2024-10-31,North,Electronics,9,521.17,178.54
2024-10-31,North,Clothing,8,197.78,86.89
2024-10-31,North,Home & Garden,7,341.79,122.9
2024-10-31,North,Sports,10,149.29,59.26
2024-10-31,South,Electronics,6,428.52,114.48
2024-10-31,South,Clothing,4,167.45,51.58
2024-10-31,South,Home & Garden,12,232.79,62.18
2024-10-31,South,Sports,9,113.18,37.12
2024-10-31,East,Electronics,12,824.86,254.99
2024-10-31,East,Clothing,5,266.07,116.59
2024-10-31,East,Home & Garden,4,390.27,139.76
2024-10-31,East,Sports,5,196.48,69.14
2024-10-31,West,Electronics,5,428.54,173.61
2024-10-31,West,Clothing,6,245.29,69.59
2024-10-31,West,Home & Garden,9,385.72,171.33
2024-10-31,West,Sports,5,180.15,69.02
2024-11-01,North,Electronics,14,911.62,283.09
2024-11-01,North,Clothing,11,258.71,78.15
2024-11-01,North,Home & Garden,15,375.79,99.13
2024-11-01,North,Sports,13,327.28,95.26
2024-11-01,South,Electronics,15,758.75,305.07
2024-11-01,South,Clothing,5,271.26,103.43
2024-11-01,South,Home & Garden,7,432.96,108.79
2024-11-01,South,Sports,7,210.92,80.39
2024-11-01,East,Electronics,12,1023.62,322.8
2024-11-01,East,Clothing,11,314.92,80.57
2024-11-01,East,Home & Garden,3,345.87,132.11
2024-11-01,East,Sports,7,249.03,107.9
2024-11-01,West,Electronics,14,512.16,161.63
2024-11-01,West,Clothing,16,284.76,71.82
2024-11-01,West,Home & Garden,9,370.03,122.39
2024-11-01,West,Sports,14,218.12,59.4
2024-11-02,North,Electronics,15,811.11,335.66
2024-11-02,North,Clothing,10,496.48,204.13
2024-11-02,North,Home & Garden,17,547.45,216.11
2024-11-02,North,Sports,11,324.56,98.63
2024-11-02,South,Electronics,18,581.8,152.09
2024-11-02,South,Clothing,12,250.39,97.4
2024-11-02,South,Home & Garden,18,598.47,259.57
2024-11-02,South,Sports,13,216.9,93.24
2024-11-02,East,Electronics,18,1291.8,528.67
2024-11-02,East,Clothing,21,472.09,160.03
2024-11-02,East,Home & Garden,15,544.79,222.97
2024-11-02,East,Sports,17,147.36,65.69
2024-11-02,West,Electronics,12,1532.12,531.31
2024-11-02,West,Clothing,13,236.24,61.05
2024-11-02,West,Home & Garden,11,749.81,240.1
2024-11-02,West,Sports,11,269.72,116.89
2024-11-03,North,Electronics,13,1185.51,377.31
2024-11-03,North,Clothing,8,448.93,169.14
2024-11-03,North,Home & Garden,11,205.8,54.5
2024-11-03,North,Sports,16,456.92,135.27
2024-11-03,South,Electronics,15,948.52,411.75
2024-11-03,South,Clothing,12,201.94,61.62
2024-11-03,South,Home & Garden,10,486.91,139.91
2024-11-03,South,Sports,10,249.2,97.42
2024-11-03,East,Electronics,18,1443.15,452.4
2024-11-03,East,Clothing,9,363.13,93.16
2024-11-03,East,Home & Garden,18,591.58,191.49
2024-11-03,East,Sports,19,235.35,69.61
2024-11-03,West,Electronics,6,460.49,147.91
2024-11-03,West,Clothing,21,434.02,120.94
2024-11-03,West,Home & Garden,11,509.57,192.35
2024-11-03,West,Sports,14,249.19,75.47
2024-11-04,North,Electronics,9,621.91,218.9
2024-11-04,North,Clothing,8,223.8,78.06
2024-11-04,North,Home & Garden,21,377.09,115.42
2024-11-04,North,Sports,11,154.49,44.91
2024-11-04,South,Electronics,9,640.13,273.37
2024-11-04,South,Clothing,14,138.27,54.22
2024-11-04,South,Home & Garden,8,277.96,104.19
2024-11-04,South,Sports,13,164.46,69.23
2024-11-04,East,Electronics,9,1183.16,485.33
2024-11-04,East,Clothing,7,335.5,124.86
2024-11-04,East,Home & Garden,11,473.56,137.12
2024-11-04,East,Sports,9,351.52,92.86
2024-11-04,West,Electronics,12,690.23,240.41
2024-11-04,West,Clothing,14,282.4,123.07
2024-11-04,West,Home & Garden,10,374.33,120.18
2024-11-04,West,Sports,11,211.44,55.73
2024-11-05,North,Electronics,7,512.8,173.32
2024-11-05,North,Clothing,8,392.48,132.36
2024-11-05,North,Home & Garden,9,568.99,206.12
2024-11-05,North,Sports,13,202.45,57.26
2024-11-05,South,Electronics,15,638.19,262.68
2024-11-05,South,Clothing,9,244.14,93.78
2024-11-05,South,Home & Garden,17,362.02,108.01
2024-11-05,South,Sports,7,194.14,86.05
2024-11-05,East,Electronics,14,833.3,250.69
2024-11-05,East,Clothing,7,255.27,108.64
2024-11-05,East,Home & Garden,11,482.73,157.18
2024-11-05,East,Sports,9,110.67,47.47
2024-11-05,West,Electronics,14,1003.66,404.34
2024-11-05,West,Clothing,14,352.15,139.65
2024-11-05,West,Home & Garden,10,411.02,138.91
2024-11-05,West,Sports,11,214.37,72.73
2024-11-06,North,Electronics,13,478.49,169.48
2024-11-06,North,Clothing,13,268.55,117.68
2024-11-06,North,Home & Garden,13,441.92,187.66
2024-11-06,North,Sports,19,229.42,65.9
2024-11-06,South,Electronics,19,362.41,156.06
2024-11-06,South,Clothing,7,153.75,57.41
2024-11-06,South,Home & Garden,11,429.1,179.89
2024-11-06,South,Sports,8,164.52,57.1
2024-11-06,East,Electronics,9,994.81,426.64
2024-11-06,East,Clothing,8,409.48,183.52
2024-11-06,East,Home & Garden,8,531.17,189.42
2024-11-06,East,Sports,9,201.48,57.67
2024-11-06,West,Electronics,11,434.96,189.7
2024-11-06,West,Clothing,9,338.61,124.88
2024-11-06,West,Home & Garden,14,337.64,93.76
2024-11-06,West,Sports,10,222.72,62.51
2024-11-07,North,Electronics,13,728.52,228.99
2024-11-07,North,Clothing,9,368.58,153.61
2024-11-07,North,Home & Garden,10,291.4,120.71
2024-11-07,North,Sports,15,298.14,99.71
2024-11-07,South,Electronics,9,690.7,288.09
2024-11-07,South,Clothing,7,203.77,64.93
2024-11-07,South,Home & Garden,10,337.86,125.13
2024-11-07,South,Sports,13,243.54,94.84
2024-11-07,East,Electronics,8,1080.56,321.63
2024-11-07,East,Clothing,16,264.43,100.37
2024-11-07,East,Home & Garden,14,721.03,208.4
2024-11-07,East,Sports,13,264.43,102.43
2024-11-07,West,Electronics,7,459.56,123.02
2024-11-07,West,Clothing,4,283.28,115.82
2024-11-07,West,Home & Garden,12,512.14,165.28
2024-11-07,West,Sports,11,263.6,87.79
2024-11-08,North,Electronics,10,746.99,317.02
2024-11-08,North,Clothing,8,426.03,117.63
2024-11-08,North,Home & Garden,10,376.65,139.14
2024-11-08,North,Sports,15,271.19,102.19
2024-11-08,South,Electronics,11,400.79,110.62
2024-11-08,South,Clothing,14,210.33,90.71
2024-11-08,South,Home & Garden,7,493.08,124.54
2024-11-08,South,Sports,9,231.05,62.23
2024-11-08,East,Electronics,5,730.81,273.93
2024-11-08,East,Clothing,13,447.83,135.36
2024-11-08,East,Home & Garden,17,602.63,185.17
2024-11-08,East,Sports,11,367.37,137.04
2024-11-08,West,Electronics,11,581.27,239.26
2024-11-08,West,Clothing,9,232.31,88.78
2024-11-08,West,Home & Garden,15,326.55,83.64
2024-11-08,West,Sports,17,203.31,63.77
2024-11-09,North,Electronics,15,1080.43,379.94
2024-11-09,North,Clothing,17,398.87,146.51
2024-11-09,North,Home & Garden,17,662.97,223.67
2024-11-09,North,Sports,15,225.23,62.75
2024-11-09,South,Electronics,15,803.04,209.76
2024-11-09,South,Clothing,13,333.18,122.58
2024-11-09,South,Home & Garden,14,492.43,202.94
2024-11-09,South,Sports,10,292.68,114.18
2024-11-09,East,Electronics,10,1224.27,468.51
2024-11-09,East,Clothing,19,281.87,86.21
2024-11-09,East,Home & Garden,16,1016.68,437.81
2024-11-09,East,Sports,13,145.23,53.1
2024-11-09,West,Electronics,11,791.78,320.96
2024-11-09,West,Clothing,16,339.82,150.07
2024-11-09,West,Home & Garden,16,600.22,241.37
2024-11-09,West,Sports,18,310.7,89.3
2024-11-10,North,Electronics,16,1388.93,543.91
2024-11-10,North,Clothing,6,454.78,172.75
2024-11-10,North,Home & Garden,22,453.14,120.19
2024-11-10,North,Sports,19,311.66,132.0
2024-11-10,South,Electronics,14,842.04,291.92
2024-11-10,South,Clothing,19,419.81,158.78
2024-11-10,South,Home & Garden,18,602.27,190.98
2024-11-10,South,Sports,13,216.14,54.41
2024-11-10,East,Electronics,18,1169.92,340.22
2024-11-10,East,Clothing,10,439.07,143.73
2024-11-10,East,Home & Garden,12,624.29,161.25
2024-11-10,East,Sports,13,348.53,118.3
2024-11-10,West,Electronics,6,1057.52,276.08
2024-11-10,West,Clothing,23,264.19,109.95
2024-11-10,West,Home & Garden,7,682.56,184.88
2024-11-10,West,Sports,14,258.81,109.26
2024-11-11,North,Electronics,15,764.85,255.31
2024-11-11,North,Clothing,8,387.65,152.79
2024-11-11,North,Home & Garden,12,566.03,242.53
2024-11-11,North,Sports,21,136.97,44.29
2024-11-11,South,Electronics,6,668.49,214.32
2024-11-11,South,Clothing,9,217.89,92.62
2024-11-11,South,Home & Garden,8,439.62,189.44
2024-11-11,South,Sports,9,149.78,41.46
2024-11-11,East,Electronics,12,1202.14,498.97
2024-11-11,East,Clothing,15,412.85,104.35
2024-11-11,East,Home & Garden,16,322.58,98.59
2024-11-11,East,Sports,10,207.93,55.4
2024-11-11,West,Electronics,10,430.57,184.06
2024-11-11,West,Clothing,10,253.72,81.03
2024-11-11,West,Home & Garden,16,465.73,198.93
2024-11-11,West,Sports,5,198.9,59.06
2024-11-12,North,Electronics,11,833.04,302.33
2024-11-12,North,Clothing,13,240.83,98.04
2024-11-12,North,Home & Garden,11,429.24,107.66
2024-11-12,North,Sports,9,269.72,73.38
2024-11-12,South,Electronics,5,765.93,237.41
2024-11-12,South,Clothing,8,276.41,72.18
2024-11-12,South,Home & Garden,9,353.82,148.01
2024-11-12,South,Sports,19,207.86,61.88
2024-11-12,East,Electronics,4,1021.48,368.88
2024-11-12,East,Clothing,13,179.85,79.85
2024-11-12,East,Home & Garden,15,563.37,227.64
2024-11-12,East,Sports,6,207.11,92.87
2024-11-12,West,Electronics,7,848.66,284.53
2024-11-12,West,Clothing,15,293.23,84.37
2024-11-12,West,Home & Garden,6,298.2,113.38
2024-11-12,West,Sports,9,178.79,60.12
2024-11-13,North,Electronics,16,451.55,127.37
2024-11-13,North,Clothing,13,327.88,123.69
2024-11-13,North,Home & Garden,12,357.34,148.31
2024-11-13,North,Sports,13,180.15,66.05
2024-11-13,South,Electronics,8,483.2,124.93
2024-11-13,South,Clothing,6,161.75,70.76
2024-11-13,South,Home & Garden,12,400.6,110.37
2024-11-13,South,Sports,13,154.33,61.78
2024-11-13,East,Electronics,7,1012.88,411.9
2024-11-13,East,Clothing,9,411.27,104.79
2024-11-13,East,Home & Garden,9,604.54,265.01
2024-11-13,East,Sports,12,296.91,122.15
2024-11-13,West,Electronics,9,544.49,156.38
2024-11-13,West,Clothing,9,295.86,130.56
2024-11-13,West,Home & Garden,10,279.91,108.18
2024-11-13,West,Sports,12,209.84,70.41
2024-11-14,North,Electronics,10,1021.24,293.72
2024-11-14,North,Clothing,13,292.68,74.91
2024-11-14,North,Home & Garden,8,563.92,242.75
2024-11-14,North,Sports,7,237.09,61.57
2024-11-14,South,Electronics,14,435.05,109.06
2024-11-14,South,Clothing,9,322.33,90.59
2024-11-14,South,Home & Garden,10,414.97,185.76
2024-11-14,South,Sports,16,133.93,36.75
2024-11-14,East,Electronics,15,1187.09,449.37
2024-11-14,East,Clothing,7,451.48,153.22
2024-11-14,East,Home & Garden,11,601.22,203.28
2024-11-14,East,Sports,17,151.87,41.38
2024-11-14,West,Electronics,10,1177.56,310.15
2024-11-14,West,Clothing,8,347.56,98.69
2024-11-14,West,Home & Garden,10,245.08,81.26
2024-11-14,West,Sports,15,241.24,75.92
2024-11-15,North,Electronics,8,825.95,273.41
2024-11-15,North,Clothing,11,329.79,94.43
2024-11-15,North,Home & Garden,11,299.29,84.63
2024-11-15,North,Sports,9,229.85,79.99
2024-11-15,South,Electronics,14,494.33,158.61
2024-11-15,South,Clothing,14,248.61,80.57
2024-11-15,South,Home & Garden,7,435.45,144.97
2024-11-15,South,Sports,7,218.44,80.12
2024-11-15,East,Electronics,7,720.61,267.96
2024-11-15,East,Clothing,13,317.92,101.85
2024-11-15,East,Home & Garden,11,552.05,219.25
2024-11-15,East,Sports,14,252.75,112.55
2024-11-15,West,Electronics,9,873.56,232.67
2024-11-15,West,Clothing,8,303.88,96.7
2024-11-15,West,Home & Garden,9,378.44,167.33
2024-11-15,West,Sports,10,186.65,77.59
2024-11-16,North,Electronics,12,934.05,239.2
2024-11-16,North,Clothing,14,307.56,86.05
2024-11-16,North,Home & Garden,10,468.46,189.34
2024-11-16,North,Sports,15,312.35,121.59
2024-11-16,South,Electronics,16,960.91,388.89
2024-11-16,South,Clothing,15,398.05,133.29
2024-11-16,South,Home & Garden,15,431.85,128.63
2024-11-16,South,Sports,13,305.72,97.05
2024-11-16,East,Electronics,13,1064.22,333.52
2024-11-16,East,Clothing,13,515.51,157.59
2024-11-16,East,Home & Garden,16,558.85,213.65
2024-11-16,East,Sports,14,311.1,122.8
2024-11-16,West,Electronics,12,877.64,354.08
2024-11-16,West,Clothing,11,292.22,125.81
2024-11-16,West,Home & Garden,18,463.03,198.51
2024-11-16,West,Sports,12,283.91,107.67
2024-11-17,North,Electronics,11,909.78,402.7
2024-11-17,North,Clothing,16,496.26,163.94
2024-11-17,North,Home & Garden,11,782.46,201.58
2024-11-17,North,Sports,21,333.86,132.61
2024-11-17,South,Electronics,16,983.45,321.87
2024-11-17,South,Clothing,15,412.91,182.12
2024-11-17,South,Home & Garden,3,302.06,131.52
2024-11-17,South,Sports,13,284.06,112.77
2024-11-17,East,Electronics,13,1045.88,419.99
2024-11-17,East,Clothing,10,279.35,106.65
2024-11-17,East,Home & Garden,17,517.4,171.5
2024-11-17,East,Sports,16,391.71,162.53
2024-11-17,West,Electronics,15,690.57,239.18
2024-11-17,West,Clothing,8,288.88,90.32
2024-11-17,West,Home & Garden,16,326.49,130.29
2024-11-17,West,Sports,12,229.31,58.92
2024-11-18,North,Electronics,16,889.88,344.06
2024-11-18,North,Clothing,13,219.05,82.79
2024-11-18,North,Home & Garden,19,365.35,160.82
2024-11-18,North,Sports,13,188.53,57.55
2024-11-18,South,Electronics,7,743.53,283.79
2024-11-18,South,Clothing,16,268.57,108.9
2024-11-18,South,Home & Garden,17,308.36,130.05
2024-11-18,South,Sports,15,257.65,70.35
2024-11-18,East,Electronics,12,1077.89,395.46
2024-11-18,East,Clothing,7,447.52,134.43
2024-11-18,East,Home & Garden,13,449.29,186.91
2024-11-18,East,Sports,16,217.67,82.97
2024-11-18,West,Electronics,10,547.77,174.34
2024-11-18,West,Clothing,10,97.35,34.02
2024-11-18,West,Home & Garden,7,495.79,214.81
2024-11-18,West,Sports,15,156.94,65.65
2024-11-19,North,Electronics,6,588.79,237.25
2024-11-19,North,Clothing,19,401.89,134.84
2024-11-19,North,Home & Garden,10,446.77,117.21
2024-11-19,North,Sports,14,263.12,100.9
2024-11-19,South,Electronics,12,642.04,191.05
2024-11-19,South,Clothing,3,305.61,83.44
2024-11-19,South,Home & Garden,10,352.55,155.2
2024-11-19,South,Sports,14,241.67,63.09
2024-11-19,East,Electronics,10,1040.05,331.61
2024-11-19,East,Clothing,18,280.72,111.14
2024-11-19,East,Home & Garden,8,594.09,266.31
2024-11-19,East,Sports,8,276.7,104.63
2024-11-19,West,Electronics,7,539.95,242.0
2024-11-19,West,Clothing,8,89.07,37.97
2024-11-19,West,Home & Garden,14,365.29,129.33
2024-11-19,West,Sports,13,238.75,103.68
2024-11-20,North,Electronics,10,606.95,273.04
2024-11-20,North,Clothing,19,172.23,68.94
2024-11-20,North,Home & Garden,11,424.27,182.04
2024-11-20,North,Sports,5,203.46,81.11
2024-11-20,South,Electronics,14,600.45,262.43
2024-11-20,South,Clothing,12,297.23,80.34
2024-11-20,South,Home & Garden,6,206.75,81.44
2024-11-20,South,Sports,15,208.21,57.93
2024-11-20,East,Electronics,9,1150.8,513.39
2024-11-20,East,Clothing,12,366.49,109.56
2024-11-20,East,Home & Garden,11,602.6,215.12
2024-11-20,East,Sports,13,340.44,102.56
2024-11-20,West,Electronics,8,850.51,332.77
2024-11-20,West,Clothing,9,212.53,61.05
2024-11-20,West,Home & Garden,7,471.47,184.44
2024-11-20,West,Sports,9,221.62,68.83
2024-11-21,North,Electronics,12,590.56,222.66
2024-11-21,North,Clothing,9,231.14,79.52
2024-11-21,North,Home & Garden,8,384.86,143.39
2024-11-21,North,Sports,10,196.8,70.11
2024-11-21,South,Electronics,13,863.85,388.11
2024-11-21,South,Clothing,14,181.62,59.39
2024-11-21,South,Home & Garden,8,538.88,171.33
2024-11-21,South,Sports,9,162.06,47.4
2024-11-21,East,Electronics,11,654.53,256.31
2024-11-21,East,Clothing,9,222.97,80.92
2024-11-21,East,Home & Garden,8,452.63,114.58
2024-11-21,East,Sports,10,306.11,107.64
2024-11-21,West,Electronics,12,527.81,183.78
2024-11-21,West,Clothing,10,226.27,87.32
2024-11-21,West,Home & Garden,10,335.94,121.74
2024-11-21,West,Sports,10,217.07,70.38
2024-11-22,North,Electronics,8,530.49,210.65
2024-11-22,North,Clothing,10,281.93,79.8
2024-11-22,North,Home & Garden,19,271.95,115.69
2024-11-22,North,Sports,8,228.39,68.44
2024-11-22,South,Electronics,14,806.61,279.35
2024-11-22,South,Clothing,11,194.47,86.51
2024-11-22,South,Home & Garden,8,447.16,149.7
2024-11-22,South,Sports,9,172.44,49.32
2024-11-22,East,Electronics,9,1279.51,386.46
2024-11-22,East,Clothing,8,564.99,165.13
2024-11-22,East,Home & Garden,10,357.9,136.65
2024-11-22,East,Sports,15,144.22,51.68
2024-11-22,West,Electronics,3,641.7,226.13
2024-11-22,West,Clothing,10,255.14,64.29
2024-11-22,West,Home & Garden,8,558.6,187.87
2024-11-22,West,Sports,7,185.53,63.9
2024-11-23,North,Electronics,10,717.34,189.19
2024-11-23,North,Clothing,11,512.72,130.26
2024-11-23,North,Home & Garden,14,460.64,115.82
2024-11-23,North,Sports,15,228.8,79.14
2024-11-23,South,Electronics,10,921.19,373.8
2024-11-23,South,Clothing,18,175.5,46.48
2024-11-23,South,Home & Garden,17,639.82,254.02
2024-11-23,South,Sports,15,233.77,104.29
2024-11-23,East,Electronics,13,824.67,338.17
2024-11-23,East,Clothing,7,522.04,226.38
2024-11-23,East,Home & Garden,12,592.81,254.38
2024-11-23,East,Sports,21,330.22,108.3
2024-11-23,West,Electronics,17,1025.42,370.78
2024-11-23,West,Clothing,17,419.44,119.41
2024-11-23,West,Home & Garden,19,434.18,122.14
2024-11-23,West,Sports,11,241.0,63.31
2024-11-24,North,Electronics,12,808.38,266.83
2024-11-24,North,Clothing,12,390.49,162.33
2024-11-24,North,Home & Garden,23,491.08,185.33
2024-11-24,North,Sports,18,420.06,154.0
2024-11-24,South,Electronics,12,371.21,166.14
2024-11-24,South,Clothing,12,250.86,106.43
2024-11-24,South,Home & Garden,13,605.75,264.46
2024-11-24,South,Sports,8,197.06,71.0
2024-11-24,East,Electronics,11,966.85,256.48
2024-11-24,East,Clothing,13,796.3,304.62
2024-11-24,East,Home & Garden,14,1066.76,355.35
2024-11-24,East,Sports,16,358.06,99.13
2024-11-24,West,Electronics,17,1026.29,288.85
2024-11-24,West,Clothing,10,252.18,106.01
2024-11-24,West,Home & Garden,9,408.34,128.47
2024-11-24,West,Sports,8,249.6,105.17
2024-11-25,North,Electronics,9,906.26,336.03
2024-11-25,North,Clothing,10,327.31,128.31
2024-11-25,North,Home & Garden,13,493.92,209.72
2024-11-25,North,Sports,10,225.71,67.19
2024-11-25,South,Electronics,13,680.69,220.19
2024-11-25,South,Clothing,14,179.59,59.24
2024-11-25,South,Home & Garden,7,301.58,79.43
2024-11-25,South,Sports,10,251.51,109.02
2024-11-25,East,Electronics,11,796.42,224.37
2024-11-25,East,Clothing,16,321.05,87.42
2024-11-25,East,Home & Garden,7,764.81,319.68
2024-11-25,East,Sports,8,206.49,85.76
2024-11-25,West,Electronics,6,651.89,206.3
2024-11-25,West,Clothing,10,416.1,183.03
2024-11-25,West,Home & Garden,12,443.18,185.82
2024-11-25,West,Sports,8,278.53,74.56
2024-11-26,North,Electronics,6,663.15,210.19
2024-11-26,North,Clothing,14,473.74,207.89
2024-11-26,North,Home & Garden,10,539.26,157.86
2024-11-26,North,Sports,13,243.2,107.21
2024-11-26,South,Electronics,12,822.83,369.66
2024-11-26,South,Clothing,10,215.93,77.54
2024-11-26,South,Home & Garden,11,455.68,114.85
2024-11-26,South,Sports,10,110.34,35.36
2024-11-26,East,Electronics,8,718.75,294.74
2024-11-26,East,Clothing,17,282.14,76.3
2024-11-26,East,Home & Garden,8,562.81,232.3
2024-11-26,East,Sports,7,302.44,98.32
2024-11-26,West,Electronics,5,625.45,157.93
2024-11-26,West,Clothing,11,210.61,64.17
2024-11-26,West,Home & Garden,11,350.82,121.49
2024-11-26,West,Sports,15,134.61,40.44
2024-11-27,North,Electronics,9,1148.78,452.87
2024-11-27,North,Clothing,11,465.77,132.37
2024-11-27,North,Home & Garden,10,484.19,155.17
2024-11-27,North,Sports,9,160.34,42.16
2024-11-27,South,Electronics,2,679.76,175.68
2024-11-27,South,Clothing,13,213.31,67.41
2024-11-27,South,Home & Garden,11,405.58,163.08
2024-11-27,South,Sports,11,239.97,69.44
2024-11-27,East,Electronics,14,1154.22,468.54
2024-11-27,East,Clothing,10,334.21,149.92
2024-11-27,East,Home & Garden,14,519.38,167.06
2024-11-27,East,Sports,11,239.57,86.93
2024-11-27,West,Electronics,9,751.19,270.65
2024-11-27,West,Clothing,11,281.3,81.24
2024-11-27,West,Home & Garden,13,231.5,58.53
2024-11-27,West,Sports,7,125.38,52.2
2024-11-28,North,Electronics,12,794.99,300.31
2024-11-28,North,Clothing,6,386.51,154.13
2024-11-28,North,Home & Garden,12,371.63,95.16
2024-11-28,North,Sports,16,236.51,68.9
2024-11-28,South,Electronics,10,808.42,246.14
2024-11-28,South,Clothing,9,138.46,52.14
2024-11-28,South,Home & Garden,10,366.48,163.79
2024-11-28,South,Sports,18,195.47,71.63
2024-11-28,East,Electronics,15,651.02,259.46
2024-11-28,East,Clothing,16,346.3,104.23
2024-11-28,East,Home & Garden,8,700.86,270.79
2024-11-28,East,Sports,8,232.17,89.48
2024-11-28,West,Electronics,11,707.68,177.47
2024-11-28,West,Clothing,13,322.08,124.73
2024-11-28,West,Home & Garden,13,278.91,83.77
2024-11-28,West,Sports,8,203.64,72.45
2024-11-29,North,Electronics,13,860.66,301.18
2024-11-29,North,Clothing,12,160.22,69.21
2024-11-29,North,Home & Garden,11,310.23,103.65
2024-11-29,North,Sports,8,206.62,91.45
2024-11-29,South,Electronics,8,360.42,134.33
2024-11-29,South,Clothing,13,133.76,44.01
2024-11-29,South,Home & Garden,8,392.71,130.52
2024-11-29,South,Sports,9,174.7,46.43
2024-11-29,East,Electronics,9,846.29,338.89
2024-11-29,East,Clothing,7,297.87,75.2
2024-11-29,East,Home & Garden,5,649.59,214.33
2024-11-29,East,Sports,14,294.11,109.54
2024-11-29,West,Electronics,14,514.47,198.13
2024-11-29,West,Clothing,13,255.31,75.76
2024-11-29,West,Home & Garden,12,247.49,71.11
2024-11-29,West,Sports,9,296.33,89.3
2024-11-30,North,Electronics,18,1318.35,559.32
2024-11-30,North,Clothing,12,305.35,105.73
2024-11-30,North,Home & Garden,12,649.6,245.13
2024-11-30,North,Sports,16,175.23,77.86
2024-11-30,South,Electronics,15,992.88,319.03
2024-11-30,South,Clothing,17,267.84,103.42
2024-11-30,South,Home & Garden,21,323.84,121.24
2024-11-30,South,Sports,14,167.78,75.36
2024-11-30,East,Electronics,18,1088.98,406.22
2024-11-30,East,Clothing,16,243.83,97.63
2024-11-30,East,Home & Garden,15,664.48,264.19
2024-11-30,East,Sports,18,321.53,83.91
2024-11-30,West,Electronics,17,761.5,293.35
2024-11-30,West,Clothing,11,359.35,102.09
2024-11-30,West,Home & Garden,15,418.26,114.2
2024-11-30,West,Sports,19,285.54,79.0
2024-12-01,North,Electronics,13,1153.69,371.54
2024-12-01,North,Clothing,13,499.92,140.05
2024-12-01,North,Home & Garden,10,655.4,179.68
2024-12-01,North,Sports,18,226.21,65.21
2024-12-01,South,Electronics,11,743.18,202.0
2024-12-01,South,Clothing,17,293.09,96.04
2024-12-01,South,Home & Garden,13,426.85,145.4
2024-12-01,South,Sports,14,199.86,68.11
2024-12-01,East,Electronics,8,1000.96,325.85
2024-12-01,East,Clothing,14,433.38,108.94
2024-12-01,East,Home & Garden,19,713.34,291.97
2024-12-01,East,Sports,15,198.36,85.84
2024-12-01,West,Electronics,14,1032.68,305.39
2024-12-01,West,Clothing,14,134.39,41.52
2024-12-01,West,Home & Garden,14,691.13,293.2
2024-12-01,West,Sports,19,283.83,86.91
2024-12-02,North,Electronics,10,563.33,230.68
2024-12-02,North,Clothing,7,284.64,85.12
2024-12-02,North,Home & Garden,11,457.89,180.63
2024-12-02,North,Sports,8,130.68,37.03
2024-12-02,South,Electronics,11,885.47,252.82
2024-12-02,South,Clothing,8,213.74,73.64
2024-12-02,South,Home & Garden,13,350.42,154.83
2024-12-02,South,Sports,16,280.24,79.67
2024-12-02,East,Electronics,11,422.44,128.13
2024-12-02,East,Clothing,11,156.31,44.36
2024-12-02,East,Home & Garden,6,574.33,248.25
2024-12-02,East,Sports,14,276.19,123.4
2024-12-02,West,Electronics,7,512.92,181.18
2024-12-02,West,Clothing,6,301.0,120.03
2024-12-02,West,Home & Garden,21,567.56,157.15
2024-12-02,West,Sports,10,296.01,112.55
2024-12-03,North,Electronics,12,758.24,208.53
2024-12-03,North,Clothing,14,225.87,70.81
2024-12-03,North,Home & Garden,16,687.25,180.24
2024-12-03,North,Sports,16,149.93,67.12
2024-12-03,South,Electronics,8,784.92,278.49
2024-12-03,South,Clothing,14,232.39,93.46
2024-12-03,South,Home & Garden,9,406.11,154.58
2024-12-03,South,Sports,12,114.34,32.46
2024-12-03,East,Electronics,12,580.71,214.11
2024-12-03,East,Clothing,9,297.62,116.59
2024-12-03,East,Home & Garden,12,423.62,165.44
2024-12-03,East,Sports,18,176.68,54.34
2024-12-03,West,Electronics,11,741.72,306.47
2024-12-03,West,Clothing,10,237.64,70.48
2024-12-03,West,Home & Garden,7,346.74,103.4
2024-12-03,West,Sports,11,144.78,43.29
2024-12-04,North,Electronics,17,769.18,271.86
2024-12-04,North,Clothing,16,511.55,163.08
2024-12-04,North,Home & Garden,13,464.08,163.98
2024-12-04,North,Sports,16,315.51,85.69
2024-12-04,South,Electronics,16,372.74,136.31
2024-12-04,South,Clothing,11,367.44,129.23
2024-12-04,South,Home & Garden,12,449.38,140.49
2024-12-04,South,Sports,6,178.17,71.65
2024-12-04,East,Electronics,13,448.57,148.02
2024-12-04,East,Clothing,16,365.41,155.79
2024-12-04,East,Home & Garden,14,502.07,180.35
2024-12-04,East,Sports,14,182.64,59.24
2024-12-04,West,Electronics,10,589.38,173.86
2024-12-04,West,Clothing,8,209.74,62.17
2024-12-04,West,Home & Garden,6,274.48,100.03
2024-12-04,West,Sports,9,186.59,47.52
2024-12-05,North,Electronics,9,643.44,199.76
2024-12-05,North,Clothing,10,250.23,76.05
2024-12-05,North,Home & Garden,7,386.3,157.74
2024-12-05,North,Sports,10,275.19,111.75
2024-12-05,South,Electronics,8,722.1,236.26
2024-12-05,South,Clothing,8,316.84,108.92
2024-12-05,South,Home & Garden,13,345.65,111.05
2024-12-05,South,Sports,7,278.76,101.98
2024-12-05,East,Electronics,17,915.24,376.61
2024-12-05,East,Clothing,10,388.79,124.94
2024-12-05,East,Home & Garden,10,533.45,140.57
2024-12-05,East,Sports,11,166.07,55.44
2024-12-05,West,Electronics,11,892.43,239.38
2024-12-05,West,Clothing,7,231.78,102.69
2024-12-05,West,Home & Garden,3,479.99,188.06
2024-12-05,West,Sports,12,145.67,51.5
2024-12-06,North,Electronics,5,517.59,170.2
2024-12-06,North,Clothing,11,438.24,179.0
2024-12-06,North,Home & Garden,10,356.37,101.98
2024-12-06,North,Sports,6,258.85,95.38
2024-12-06,South,Electronics,20,327.88,125.93
2024-12-06,South,Clothing,18,272.64,72.82
2024-12-06,South,Home & Garden,13,386.83,124.48
2024-12-06,South,Sports,7,243.71,109.51
2024-12-06,East,Electronics,9,936.91,345.67
2024-12-06,East,Clothing,11,484.48,179.13
2024-12-06,East,Home & Garden,8,437.89,156.72
2024-12-06,East,Sports,11,202.88,72.54
2024-12-06,West,Electronics,12,872.21,348.45
2024-12-06,West,Clothing,14,301.41,116.6
2024-12-06,West,Home & Garden,10,501.4,158.99
2024-12-06,West,Sports,9,253.68,101.42
2024-12-07,North,Electronics,15,745.43,327.07
2024-12-07,North,Clothing,16,288.1,94.37
2024-12-07,North,Home & Garden,11,782.52,265.3
2024-12-07,North,Sports,18,451.99,163.29
2024-12-07,South,Electronics,9,585.62,227.41
2024-12-07,South,Clothing,15,422.06,107.96
2024-12-07,South,Home & Garden,16,488.69,181.07
2024-12-07,South,Sports,10,245.3,78.21
2024-12-07,East,Electronics,11,1555.01,651.27
2024-12-07,East,Clothing,12,432.37,130.85
2024-12-07,East,Home & Garden,17,496.9,148.8
2024-12-07,East,Sports,21,385.38,146.3
2024-12-07,West,Electronics,15,1061.67,282.18
2024-12-07,West,Clothing,15,453.99,166.58
2024-12-07,West,Home & Garden,18,457.0,140.85
2024-12-07,West,Sports,14,351.61,120.86
2024-12-08,North,Electronics,18,983.48,323.84
2024-12-08,North,Clothing,14,289.0,83.46
2024-12-08,North,Home & Garden,7,572.82,187.35
2024-12-08,North,Sports,10,198.04,77.66
2024-12-08,South,Electronics,11,1248.31,534.9
2024-12-08,South,Clothing,15,418.27,121.84
2024-12-08,South,Home & Garden,18,472.55,195.43
2024-12-08,South,Sports,13,227.88,100.24
2024-12-08,East,Electronics,17,878.57,346.17
2024-12-08,East,Clothing,14,544.84,146.98
2024-12-08,East,Home & Garden,16,716.06,244.54
2024-12-08,East,Sports,8,276.56,102.68
2024-12-08,West,Electronics,8,587.58,174.56
2024-12-08,West,Clothing,14,352.28,133.1
2024-12-08,West,Home & Garden,16,531.43,230.52
2024-12-08,West,Sports,12,402.12,120.22
2024-12-09,North,Electronics,10,558.97,237.72
2024-12-09,North,Clothing,10,216.13,64.44
2024-12-09,North,Home & Garden,16,359.57,123.71
2024-12-09,North,Sports,8,198.03,65.1
2024-12-09,South,Electronics,8,716.14,244.0
2024-12-09,South,Clothing,12,310.81,101.69
2024-12-09,South,Home & Garden,8,304.97,79.91
2024-12-09,South,Sports,10,216.08,65.93
2024-12-09,East,Electronics,13,667.47,265.58
2024-12-09,East,Clothing,13,313.51,97.62
2024-12-09,East,Home & Garden,8,745.18,205.95
2024-12-09,East,Sports,15,265.07,76.65
2024-12-09,West,Electronics,10,426.09,178.15
2024-12-09,West,Clothing,14,239.35,106.86
2024-12-09,West,Home & Garden,15,529.27,173.51
2024-12-09,West,Sports,12,204.45,80.35
2024-12-10,North,Electronics,9,594.49,225.34
2024-12-10,North,Clothing,10,193.36,80.3
2024-12-10,North,Home & Garden,8,512.9,156.71
2024-12-10,North,Sports,17,251.34,112.38
2024-12-10,South,Electronics,12,718.48,290.16
2024-12-10,South,Clothing,13,191.37,77.6
2024-12-10,South,Home & Garden,14,447.64,195.72
2024-12-10,South,Sports,3,134.33,52.75
2024-12-10,East,Electronics,10,686.47,295.06
2024-12-10,East,Clothing,10,322.21,102.42
2024-12-10,East,Home & Garden,13,441.11,149.93
2024-12-10,East,Sports,5,373.04,97.97
2024-12-10,West,Electronics,9,807.01,346.34
2024-12-10,West,Clothing,10,241.35,97.82
2024-12-10,West,Home & Garden,8,208.28,64.52
2024-12-10,West,Sports,6,211.75,83.65
2024-12-11,North,Electronics,17,990.52,320.94
2024-12-11,North,Clothing,16,274.7,69.63
2024-12-11,North,Home & Garden,12,462.78,173.65
2024-12-11,North,Sports,13,259.29,114.84
2024-12-11,South,Electronics,11,841.6,295.37
2024-12-11,South,Clothing,15,139.13,51.13
2024-12-11,South,Home & Garden,18,359.73,99.81
2024-12-11,South,Sports,12,154.74,52.95
2024-12-11,East,Electronics,14,991.71,388.24
2024-12-11,East,Clothing,12,128.98,57.9
2024-12-11,East,Home & Garden,15,685.75,189.54
2024-12-11,East,Sports,17,217.21,95.19
2024-12-11,West,Electronics,12,471.76,166.83
2024-12-11,West,Clothing,8,266.96,106.9
2024-12-11,West,Home & Garden,13,535.6,207.59
2024-12-11,West,Sports,10,153.61,46.08
2024-12-12,North,Electronics,14,500.39,183.31
2024-12-12,North,Clothing,12,307.01,93.15
2024-12-12,North,Home & Garden,12,537.58,184.02
2024-12-12,North,Sports,10,246.12,101.56
2024-12-12,South,Electronics,11,637.44,246.76
2024-12-12,South,Clothing,11,130.75,44.54
2024-12-12,South,Home & Garden,12,539.44,183.01
2024-12-12,South,Sports,8,218.75,79.54
2024-12-12,East,Electronics,11,920.68,400.26
2024-12-12,East,Clothing,5,318.69,126.34
2024-12-12,East,Home & Garden,10,412.38,133.09
2024-12-12,East,Sports,11,231.33,102.27
2024-12-12,West,Electronics,13,344.16,110.5
2024-12-12,West,Clothing,7,343.76,153.97
2024-12-12,West,Home & Garden,9,438.43,151.46
2024-12-12,West,Sports,19,107.09,32.73
2024-12-13,North,Electronics,14,672.67,285.38
2024-12-13,North,Clothing,8,361.07,126.58
2024-12-13,North,Home & Garden,6,614.17,226.74
2024-12-13,North,Sports,11,170.19,56.65
2024-12-13,South,Electronics,12,606.56,184.9
2024-12-13,South,Clothing,10,265.37,110.03
2024-12-13,South,Home & Garden,8,371.97,94.03
2024-12-13,South,Sports,10,164.26,65.69
2024-12-13,East,Electronics,12,619.87,189.88
2024-12-13,East,Clothing,13,268.61,119.5
2024-12-13,East,Home & Garden,15,507.62,184.2
2024-12-13,East,Sports,16,225.63,85.31
2024-12-13,West,Electronics,4,395.99,136.02
2024-12-13,West,Clothing,12,318.12,129.56
2024-12-13,West,Home & Garden,11,444.05,158.19
2024-12-13,West,Sports,7,163.66,56.2
2024-12-14,North,Electronics,11,1308.41,425.9
2024-12-14,North,Clothing,11,192.82,66.68
2024-12-14,North,Home & Garden,17,389.21,128.86
2024-12-14,North,Sports,9,298.4,111.99
2024-12-14,South,Electronics,16,1195.16,359.04
2024-12-14,South,Clothing,12,270.5,88.85
2024-12-14,South,Home & Garden,17,358.61,113.44
2024-12-14,South,Sports,10,161.2,62.21
2024-12-14,East,Electronics,12,850.62,336.13
2024-12-14,East,Clothing,20,466.83,128.82
2024-12-14,East,Home & Garden,15,586.79,211.46
2024-12-14,East,Sports,17,319.92,142.2
2024-12-14,West,Electronics,15,901.39,329.76
2024-12-14,West,Clothing,17,507.09,188.93
2024-12-14,West,Home & Garden,19,397.05,117.11
2024-12-14,West,Sports,14,331.83,120.84
2024-12-15,North,Electronics,11,615.39,266.3
2024-12-15,North,Clothing,20,291.12,73.95
2024-12-15,North,Home & Garden,5,597.76,199.1
2024-12-15,North,Sports,8,307.12,79.64
2024-12-15,South,Electronics,13,1011.66,320.01
2024-12-15,South,Clothing,20,330.53,93.66
2024-12-15,South,Home & Garden,16,412.53,113.9
2024-12-15,South,Sports,13,275.67,72.46
2024-12-15,East,Electronics,18,1081.07,372.14
2024-12-15,East,Clothing,9,370.31,128.95
2024-12-15,East,Home & Garden,12,367.03,100.32
2024-12-15,East,Sports,10,195.92,61.88
2024-12-15,West,Electronics,12,946.31,349.09
2024-12-15,West,Clothing,13,326.9,85.25
2024-12-15,West,Home & Garden,15,849.57,348.59
2024-12-15,West,Sports,11,362.0,115.21
2024-12-16,North,Electronics,10,292.51,110.61
2024-12-16,North,Clothing,8,262.96,97.78
2024-12-16,North,Home & Garden,10,473.3,191.86
2024-12-16,North,Sports,9,128.29,40.78
2024-12-16,South,Electronics,13,688.81,177.41
2024-12-16,South,Clothing,10,157.69,67.32
2024-12-16,South,Home & Garden,8,410.37,153.3
2024-12-16,South,Sports,16,123.58,40.22
2024-12-16,East,Electronics,5,1047.46,324.35
2024-12-16,East,Clothing,14,348.17,132.15
2024-12-16,East,Home & Garden,17,386.78,123.92
2024-12-16,East,Sports,14,203.0,89.98
2024-12-16,West,Electronics,9,917.15,359.86
2024-12-16,West,Clothing,6,206.06,78.99
2024-12-16,West,Home & Garden,9,460.97,152.21
2024-12-16,West,Sports,16,173.08,70.46
2024-12-17,North,Electronics,8,811.41,226.18
2024-12-17,North,Clothing,20,326.78,92.13
2024-12-17,North,Home & Garden,10,622.34,191.35
2024-12-17,North,Sports,10,209.85,84.84
2024-12-17,South,Electronics,15,565.73,201.6
2024-12-17,South,Clothing,16,304.09,118.33
2024-12-17,South,Home & Garden,13,395.96,136.72
2024-12-17,South,Sports,15,227.13,71.06
2024-12-17,East,Electronics,12,702.72,223.41
2024-12-17,East,Clothing,19,402.14,143.91
2024-12-17,East,Home & Garden,12,283.81,111.03
2024-12-17,East,Sports,5,243.48,72.96
2024-12-17,West,Electronics,8,692.72,202.98
2024-12-17,West,Clothing,10,345.42,115.89
2024-12-17,West,Home & Garden,17,482.91,121.28
2024-12-17,West,Sports,10,172.73,54.45
2024-12-18,North,Electronics,12,831.97,261.24
2024-12-18,North,Clothing,11,328.05,136.5
2024-12-18,North,Home & Garden,11,450.88,136.1
2024-12-18,North,Sports,9,226.84,93.19
2024-12-18,South,Electronics,10,736.38,189.78
2024-12-18,South,Clothing,7,214.47,81.14
2024-12-18,South,Home & Garden,11,350.05,116.81
2024-12-18,South,Sports,9,203.74,86.28
2024-12-18,East,Electronics,11,533.53,135.54
2024-12-18,East,Clothing,17,306.59,127.14
2024-12-18,East,Home & Garden,3,682.17,294.41
2024-12-18,East,Sports,20,269.37,113.13
2024-12-18,West,Electronics,14,702.82,241.37
2024-12-18,West,Clothing,12,313.39,115.59
2024-12-18,West,Home & Garden,13,420.89,116.88
2024-12-18,West,Sports,10,288.01,109.32
2024-12-19,North,Electronics,6,910.17,257.29
2024-12-19,North,Clothing,7,246.83,81.13
2024-12-19,North,Home & Garden,6,406.01,180.69
2024-12-19,North,Sports,6,259.57,68.99
2024-12-19,South,Electronics,9,575.94,230.51
2024-12-19,South,Clothing,11,257.91,78.73
2024-12-19,South,Home & Garden,14,268.74,80.65
2024-12-19,South,Sports,12,268.75,117.46
2024-12-19,East,Electronics,11,814.94,365.48
2024-12-19,East,Clothing,10,537.46,196.41
2024-12-19,East,Home & Garden,9,309.85,102.72
2024-12-19,East,Sports,14,306.33,103.33
2024-12-19,West,Electronics,19,379.7,116.23
2024-12-19,West,Clothing,20,204.22,89.67
2024-12-19,West,Home & Garden,19,395.64,118.46
2024-12-19,West,Sports,7,205.02,85.93
2024-12-20,North,Electronics,12,477.72,205.09
2024-12-20,North,Clothing,12,216.07,82.54
2024-12-20,North,Home & Garden,7,469.71,149.02
2024-12-20,North,Sports,15,223.08,99.41
2024-12-20,South,Electronics,11,592.24,187.17
2024-12-20,South,Clothing,11,335.99,97.53
2024-12-20,South,Home & Garden,13,235.33,100.76
2024-12-20,South,Sports,7,291.48,80.34
2024-12-20,East,Electronics,9,884.66,251.97
2024-12-20,East,Clothing,7,341.42,130.39
2024-12-20,East,Home & Garden,9,572.14,244.93
2024-12-20,East,Sports,15,330.86,127.5
2024-12-20,West,Electronics,12,1014.17,314.6
2024-12-20,West,Clothing,6,377.82,102.78
2024-12-20,West,Home & Garden,15,238.93,87.96
2024-12-20,West,Sports,9,257.54,78.38
2024-12-21,North,Electronics,21,1188.33,322.75
2024-12-21,North,Clothing,17,393.51,143.96
2024-12-21,North,Home & Garden,18,572.94,210.8
2024-12-21,North,Sports,11,293.18,113.46
2024-12-21,South,Electronics,15,851.31,230.2
2024-12-21,South,Clothing,10,374.24,108.57
2024-12-21,South,Home & Garden,16,399.7,164.85
2024-12-21,South,Sports,16,256.08,67.19
2024-12-21,East,Electronics,17,1162.88,438.7
2024-12-21,East,Clothing,14,510.31,204.5
2024-12-21,East,Home & Garden,8,807.4,257.56
2024-12-21,East,Sports,12,338.11,140.09
2024-12-21,West,Electronics,20,1515.2,472.36
2024-12-21,West,Clothing,10,342.65,109.74
2024-12-21,West,Home & Garden,11,636.01,201.13
2024-12-21,West,Sports,20,197.59,74.58
2024-12-22,North,Electronics,15,1243.2,469.23
2024-12-22,North,Clothing,16,369.23,143.91
2024-12-22,North,Home & Garden,16,649.05,203.48
2024-12-22,North,Sports,12,302.43,120.91
2024-12-22,South,Electronics,19,728.43,298.72
2024-12-22,South,Clothing,18,397.61,173.77
2024-12-22,South,Home & Garden,13,291.74,90.36
2024-12-22,South,Sports,19,273.57,98.49
2024-12-22,East,Electronics,11,1406.1,574.19
2024-12-22,East,Clothing,20,572.05,165.27
2024-12-22,East,Home & Garden,11,873.77,361.82
2024-12-22,East,Sports,14,276.73,95.31
2024-12-22,West,Electronics,19,1036.25,454.04
2024-12-22,West,Clothing,12,427.38,177.56
2024-12-22,West,Home & Garden,11,690.69,198.68
2024-12-22,West,Sports,13,370.6,114.79
2024-12-23,North,Electronics,15,1150.51,511.35
2024-12-23,North,Clothing,10,224.66,78.4
2024-12-23,North,Home & Garden,12,684.11,231.11
2024-12-23,North,Sports,13,248.53,75.63
2024-12-23,South,Electronics,11,778.15,228.73
2024-12-23,South,Clothing,15,254.95,108.28
2024-12-23,South,Home & Garden,15,434.2,191.92
2024-12-23,South,Sports,9,107.18,33.03
2024-12-23,East,Electronics,14,822.89,359.79
2024-12-23,East,Clothing,4,418.09,185.0
2024-12-23,East,Home & Garden,13,499.68,165.1
2024-12-23,East,Sports,19,327.09,111.87
2024-12-23,West,Electronics,15,1079.37,306.68
2024-12-23,West,Clothing,6,257.09,90.87
2024-12-23,West,Home & Garden,9,344.12,101.39
2024-12-23,West,Sports,10,228.26,84.39
2024-12-24,North,Electronics,18,799.93,301.94
2024-12-24,North,Clothing,14,431.28,148.19
2024-12-24,North,Home & Garden,8,333.31,133.78
2024-12-24,North,Sports,14,181.04,67.53
2024-12-24,South,Electronics,10,554.06,236.15
2024-12-24,South,Clothing,7,303.57,104.79
2024-12-24,South,Home & Garden,7,326.25,82.61
2024-12-24,South,Sports,12,154.97,44.34
2024-12-24,East,Electronics,12,1099.24,290.54
2024-12-24,East,Clothing,8,421.2,181.68
2024-12-24,East,Home & Garden,16,480.6,173.73
2024-12-24,East,Sports,11,329.01,97.64
2024-12-24,West,Electronics,8,922.1,314.14
2024-12-24,West,Clothing,11,178.51,50.17
2024-12-24,West,Home & Garden,13,419.84,111.1
2024-12-24,West,Sports,13,208.19,78.09
2024-12-25,North,Electronics,10,818.35,246.03
2024-12-25,North,Clothing,13,446.84,120.31
2024-12-25,North,Home & Garden,12,446.94,194.9
2024-12-25,North,Sports,10,232.7,71.93
2024-12-25,South,Electronics,12,670.93,277.22
2024-12-25,South,Clothing,8,194.29,56.1
2024-12-25,South,Home & Garden,8,335.05,140.16
2024-12-25,South,Sports,9,156.95,46.97
2024-12-25,East,Electronics,15,943.3,283.39
2024-12-25,East,Clothing,11,310.06,103.51
2024-12-25,East,Home & Garden,12,438.5,170.07
2024-12-25,East,Sports,23,263.09,70.48
2024-12-25,West,Electronics,10,903.7,397.52
2024-12-25,West,Clothing,9,367.5,122.53
2024-12-25,West,Home & Garden,12,287.44,104.21
2024-12-25,West,Sports,19,130.18,54.38
2024-12-26,North,Electronics,11,933.17,413.32
2024-12-26,North,Clothing,10,284.14,78.79
2024-12-26,North,Home & Garden,16,328.41,140.69
2024-12-26,North,Sports,11,253.41,91.18
2024-12-26,South,Electronics,12,596.51,207.26
2024-12-26,South,Clothing,8,317.1,124.94
2024-12-26,South,Home & Garden,10,279.44,110.78
2024-12-26,South,Sports,11,178.9,65.54
2024-12-26,East,Electronics,18,1169.96,498.73
2024-12-26,East,Clothing,13,266.07,86.04
2024-12-26,East,Home & Garden,12,405.5,123.32
2024-12-26,East,Sports,15,54.46,20.99
2024-12-26,West,Electronics,13,693.95,176.51
2024-12-26,West,Clothing,18,382.6,142.64
2024-12-26,West,Home & Garden,10,323.2,90.7
2024-12-26,West,Sports,16,201.6,58.92
2024-12-27,North,Electronics,11,489.32,177.7
2024-12-27,North,Clothing,11,309.0,138.37
2024-12-27,North,Home & Garden,11,613.72,172.64
2024-12-27,North,Sports,9,339.22,106.52
2024-12-27,South,Electronics,12,575.65,208.46
2024-12-27,South,Clothing,17,338.54,99.39
2024-12-27,South,Home & Garden,10,430.93,138.95
2024-12-27,South,Sports,10,180.09,47.38
2024-12-27,East,Electronics,12,953.64,423.43
2024-12-27,East,Clothing,16,350.16,114.49
2024-12-27,East,Home & Garden,9,636.31,193.33
2024-12-27,East,Sports,9,180.78,53.37
2024-12-27,West,Electronics,12,527.24,145.95
2024-12-27,West,Clothing,15,372.56,93.76
2024-12-27,West,Home & Garden,16,381.33,154.46
2024-12-27,West,Sports,13,127.55,57.21
2024-12-28,North,Electronics,12,838.5,351.4
2024-12-28,North,Clothing,12,104.64,28.8
2024-12-28,North,Home & Garden,15,490.43,123.45
2024-12-28,North,Sports,16,311.88,100.02
2024-12-28,South,Electronics,16,671.06,247.71
2024-12-28,South,Clothing,20,251.12,77.81
2024-12-28,South,Home & Garden,14,493.33,175.66
2024-12-28,South,Sports,14,164.27,72.33
2024-12-28,East,Electronics,12,978.28,349.91
2024-12-28,East,Clothing,12,246.94,104.33
2024-12-28,East,Home & Garden,9,853.65,248.91
2024-12-28,East,Sports,12,323.68,101.2
2024-12-28,West,Electronics,13,1050.27,358.38
2024-12-28,West,Clothing,7,393.83,107.66
2024-12-28,West,Home & Garden,12,205.68,82.82
2024-12-28,West,Sports,15,359.14,107.67
2024-12-29,North,Electronics,16,1032.09,329.15
2024-12-29,North,Clothing,17,633.12,213.61
2024-12-29,North,Home & Garden,16,745.83,284.48
2024-12-29,North,Sports,21,404.93,127.23
2024-12-29,South,Electronics,9,607.54,206.77
2024-12-29,South,Clothing,8,364.24,124.74
2024-12-29,South,Home & Garden,14,449.18,117.0
2024-12-29,South,Sports,15,307.28,121.43
2024-12-29,East,Electronics,15,1258.82,544.18
2024-12-29,East,Clothing,20,431.21,114.6
2024-12-29,East,Home & Garden,14,963.18,381.02
2024-12-29,East,Sports,7,281.74,90.19
2024-12-29,West,Electronics,14,896.07,370.15
2024-12-29,West,Clothing,15,215.4,84.61
2024-12-29,West,Home & Garden,16,395.49,128.45
2024-12-29,West,Sports,16,291.38,114.38
2024-12-30,North,Electronics,10,677.3,303.05
2024-12-30,North,Clothing,10,264.5,101.96
2024-12-30,North,Home & Garden,13,548.79,164.46
2024-12-30,North,Sports,8,162.71,70.71
2024-12-30,South,Electronics,6,622.3,237.86
2024-12-30,South,Clothing,14,213.02,74.8
2024-12-30,South,Home & Garden,10,313.06,137.23
2024-12-30,South,Sports,14,218.99,70.71
2024-12-30,East,Electronics,11,1018.01,407.76
2024-12-30,East,Clothing,8,227.79,81.17
2024-12-30,East,Home & Garden,12,520.13,137.54
2024-12-30,East,Sports,13,275.19,74.82
2024-12-30,West,Electronics,11,765.17,226.19
2024-12-30,West,Clothing,10,387.88,125.29
2024-12-30,West,Home & Garden,9,472.47,134.03
2024-12-30,West,Sports,9,192.9,50.22
2024-12-31,North,Electronics,15,601.57,216.74
2024-12-31,North,Clothing,13,350.7,152.91
2024-12-31,North,Home & Garden,10,493.78,146.47
2024-12-31,North,Sports,10,171.51,52.7
2024-12-31,South,Electronics,9,923.88,383.92
2024-12-31,South,Clothing,9,224.91,61.59
2024-12-31,South,Home & Garden,14,278.17,111.81
2024-12-31,South,Sports,7,153.9,41.68
2024-12-31,East,Electronics,11,454.62,146.86
2024-12-31,East,Clothing,12,419.01,112.24
2024-12-31,East,Home & Garden,9,329.69,123.09
2024-12-31,East,Sports,13,240.71,96.35
2024-12-31,West,Electronics,17,520.72,204.58
2024-12-31,West,Clothing,5,393.64,165.46
2024-12-31,West,Home & Garden,7,345.77,131.19
2024-12-31,West,Sports,9,225.85,96.91
2025-01-01,North,Electronics,9,233.33,71.98
2025-01-01,North,Clothing,16,243.41,107.84
2025-01-01,North,Home & Garden,12,430.54,118.45
2025-01-01,North,Sports,5,171.02,43.45
2025-01-01,South,Electronics,9,499.27,134.95
2025-01-01,South,Clothing,10,213.77,58.24
2025-01-01,South,Home & Garden,8,305.52,123.57
2025-01-01,South,Sports,16,155.58,65.87
2025-01-01,East,Electronics,10,860.29,315.51
2025-01-01,East,Clothing,11,122.48,41.85
2025-01-01,East,Home & Garden,8,455.12,203.69
2025-01-01,East,Sports,5,221.57,85.33
2025-01-01,West,Electronics,6,332.78,119.33
2025-01-01,West,Clothing,10,209.69,80.77
2025-01-01,West,Home & Garden,7,329.55,129.57
2025-01-01,West,Sports,10,168.69,47.38
2025-01-02,North,Electronics,9,336.58,91.43
2025-01-02,North,Clothing,6,202.11,67.15
2025-01-02,North,Home & Garden,6,312.19,113.27
2025-01-02,North,Sports,7,222.18,70.3
2025-01-02,South,Electronics,4,452.86,141.26
2025-01-02,South,Clothing,2,82.4,35.01
2025-01-02,South,Home & Garden,12,237.06,92.8
2025-01-02,South,Sports,6,159.74,57.08
2025-01-02,East,Electronics,11,606.71,266.93
2025-01-02,East,Clothing,12,304.35,110.23
2025-01-02,East,Home & Garden,11,373.99,121.52
2025-01-02,East,Sports,7,187.52,67.23
2025-01-02,West,Electronics,6,640.11,259.84
2025-01-02,West,Clothing,3,94.62,41.75
2025-01-02,West,Home & Garden,8,283.68,111.11
2025-01-02,West,Sports,16,111.84,33.11
2025-01-03,North,Electronics,5,459.85,172.97
2025-01-03,North,Clothing,5,234.8,63.23
2025-01-03,North,Home & Garden,8,359.72,112.47
2025-01-03,North,Sports,4,132.12,51.19
2025-01-03,South,Electronics,9,406.28,114.67
2025-01-03,South,Clothing,8,147.0,47.72
2025-01-03,South,Home & Garden,13,223.54,98.32
2025-01-03,South,Sports,8,164.0,61.64
2025-01-03,East,Electronics,5,675.14,288.26
2025-01-03,East,Clothing,6,194.59,74.0
2025-01-03,East,Home & Garden,9,478.54,135.04
2025-01-03,East,Sports,6,153.75,63.0
2025-01-03,West,Electronics,11,395.51,147.84
2025-01-03,West,Clothing,8,277.86,98.18
2025-01-03,West,Home & Garden,15,317.88,85.17
2025-01-03,West,Sports,9,139.82,48.08
2025-01-04,North,Electronics,9,895.84,252.17
2025-01-04,North,Clothing,11,356.83,116.79
2025-01-04,North,Home & Garden,10,428.69,134.3
2025-01-04,North,Sports,9,204.35,75.82
2025-01-04,South,Electronics,9,806.14,275.63
2025-01-04,South,Clothing,7,150.24,64.31
2025-01-04,South,Home & Garden,11,509.13,201.29
2025-01-04,South,Sports,3,168.7,66.85
2025-01-04,East,Electronics,12,966.4,383.76
2025-01-04,East,Clothing,10,128.45,41.76
2025-01-04,East,Home & Garden,14,476.96,209.22
2025-01-04,East,Sports,17,312.38,124.97
2025-01-04,West,Electronics,7,1006.46,399.07
2025-01-04,West,Clothing,3,295.32,123.65
2025-01-04,West,Home & Garden,17,343.16,125.43
2025-01-04,West,Sports,11,163.26,44.25
2025-01-05,North,Electronics,9,279.02,78.01
2025-01-05,North,Clothing,18,402.55,104.24
2025-01-05,North,Home & Garden,7,640.84,278.2
2025-01-05,North,Sports,10,240.87,104.46
2025-01-05,South,Electronics,11,832.09,269.02
2025-01-05,South,Clothing,12,241.25,93.12
2025-01-05,South,Home & Garden,6,476.25,181.35
2025-01-05,South,Sports,7,104.23,33.65
2025-01-05,East,Electronics,8,872.22,344.5
2025-01-05,East,Clothing,9,339.26,123.21
2025-01-05,East,Home & Garden,13,635.27,233.65
2025-01-05,East,Sports,13,266.53,84.29
2025-01-05,West,Electronics,7,755.69,248.88
2025-01-05,West,Clothing,13,285.19,107.89
2025-01-05,West,Home & Garden,9,187.64,50.15
2025-01-05,West,Sports,11,171.81,50.84
2025-01-06,North,Electronics,4,591.2,192.15
2025-01-06,North,Clothing,5,110.87,37.65
2025-01-06,North,Home & Garden,9,231.3,80.16
2025-01-06,North,Sports,9,133.46,50.21
2025-01-06,South,Electronics,3,454.35,198.57
2025-01-06,South,Clothing,4,139.29,49.53
2025-01-06,South,Home & Garden,6,212.19,56.63
2025-01-06,South,Sports,5,93.64,26.67
2025-01-06,East,Electronics,7,492.03,149.21
2025-01-06,East,Clothing,6,294.46,111.54
2025-01-06,East,Home & Garden,12,296.72,119.88
2025-01-06,East,Sports,6,251.71,74.73
2025-01-06,West,Electronics,11,643.56,213.31
2025-01-06,West,Clothing,7,181.86,80.07
2025-01-06,West,Home & Garden,3,386.63,152.66
2025-01-06,West,Sports,5,158.77,55.49
2025-01-07,North,Electronics,11,444.6,120.77
2025-01-07,North,Clothing,13,250.71,75.39
2025-01-07,North,Home & Garden,8,288.05,110.37
2025-01-07,North,Sports,4,180.76,73.05
2025-01-07,South,Electronics,7,515.26,197.91
2025-01-07,South,Clothing,12,194.18,79.56
2025-01-07,South,Home & Garden,7,206.66,80.77
2025-01-07,South,Sports,10,130.93,51.01
2025-01-07,East,Electronics,15,468.79,194.59
2025-01-07,East,Clothing,8,281.82,92.06
2025-01-07,East,Home & Garden,9,451.19,194.51
2025-01-07,East,Sports,16,86.56,26.81
2025-01-07,West,Electronics,10,396.82,152.11
2025-01-07,West,Clothing,6,181.19,69.29
2025-01-07,West,Home & Garden,12,281.08,95.75
2025-01-07,West,Sports,7,136.03,44.23
2025-01-08,North,Electronics,7,621.81,217.89
2025-01-08,North,Clothing,6,163.27,60.46
2025-01-08,North,Home & Garden,9,526.09,190.86
2025-01-08,North,Sports,9,123.45,52.95
2025-01-08,South,Electronics,5,670.65,186.64
2025-01-08,South,Clothing,8,139.15,51.09
2025-01-08,South,Home & Garden,11,204.58,63.53
2025-01-08,South,Sports,10,144.1,44.5
2025-01-08,East,Electronics,5,613.93,178.95
2025-01-08,East,Clothing,9,220.19,95.04
2025-01-08,East,Home & Garden,12,239.97,100.66
2025-01-08,East,Sports,9,187.8,78.82
2025-01-08,West,Electronics,8,400.69,133.1
2025-01-08,West,Clothing,11,208.61,56.71
2025-01-08,West,Home & Garden,5,437.79,145.66
2025-01-08,West,Sports,1,177.05,57.03
2025-01-09,North,Electronics,6,714.4,200.08
2025-01-09,North,Clothing,5,211.1,74.12
2025-01-09,North,Home & Garden,14,196.78,87.31
2025-01-09,North,Sports,5,191.41,63.53
2025-01-09,South,Electronics,12,371.35,157.9
2025-01-09,South,Clothing,3,216.9,60.05
2025-01-09,South,Home & Garden,12,269.78,97.12
2025-01-09,South,Sports,8,147.59,52.68
2025-01-09,East,Electronics,10,491.27,139.9
2025-01-09,East,Clothing,6,249.22,88.21
2025-01-09,East,Home & Garden,8,339.64,141.52
2025-01-09,East,Sports,6,216.94,65.7
2025-01-09,West,Electronics,6,579.95,249.64
2025-01-09,West,Clothing,5,163.36,50.04
2025-01-09,West,Home & Garden,11,225.18,98.3
2025-01-09,West,Sports,11,169.51,72.02
2025-01-10,North,Electronics,10,226.51,90.99
2025-01-10,North,Clothing,7,146.7,38.16
2025-01-10,North,Home & Garden,4,273.39,93.9
2025-01-10,North,Sports,11,134.59,49.87
2025-01-10,South,Electronics,6,376.31,149.97
2025-01-10,South,Clothing,8,145.94,48.09
2025-01-10,South,Home & Garden,8,282.62,100.58
2025-01-10,South,Sports,5,162.65,59.86
2025-01-10,East,Electronics,11,501.15,214.79
2025-01-10,East,Clothing,4,201.94,75.74
2025-01-10,East,Home & Garden,6,306.35,128.82
2025-01-10,East,Sports,6,161.88,56.28
2025-01-10,West,Electronics,7,446.79,144.09
2025-01-10,West,Clothing,5,264.91,92.79
2025-01-10,West,Home & Garden,5,357.11,155.38
2025-01-10,West,Sports,6,172.7,77.61
2025-01-11,North,Electronics,15,577.49,192.24
2025-01-11,North,Clothing,6,355.92,97.37
2025-01-11,North,Home & Garden,12,598.5,267.46
2025-01-11,North,Sports,16,262.93,102.63
2025-01-11,South,Electronics,8,330.48,141.54
2025-01-11,South,Clothing,11,140.05,37.74
2025-01-11,South,Home & Garden,16,378.22,132.23
2025-01-11,South,Sports,9,34.14,12.68
2025-01-11,East,Electronics,11,529.0,194.28
2025-01-11,East,Clothing,7,480.57,126.15
2025-01-11,East,Home & Garden,19,339.48,86.01
2025-01-11,East,Sports,5,298.79,90.21
2025-01-11,West,Electronics,10,825.5,312.41
2025-01-11,West,Clothing,12,305.41,125.51
2025-01-11,West,Home & Garden,16,381.2,132.93
2025-01-11,West,Sports,11,113.32,37.04
2025-01-12,North,Electronics,5,378.6,114.32
2025-01-12,North,Clothing,8,288.19,106.43
2025-01-12,North,Home & Garden,7,539.35,136.41
2025-01-12,North,Sports,11,201.69,84.07
2025-01-12,South,Electronics,8,626.71,260.32
2025-01-12,South,Clothing,10,294.44,114.4
2025-01-12,South,Home & Garden,20,269.53,94.5
2025-01-12,South,Sports,12,132.28,39.56
2025-01-12,East,Electronics,11,914.25,323.99
2025-01-12,East,Clothing,8,354.41,133.93
2025-01-12,East,Home & Garden,8,518.5,138.31
2025-01-12,East,Sports,9,112.65,42.88
2025-01-12,West,Electronics,9,594.66,234.05
2025-01-12,West,Clothing,19,300.25,79.03
2025-01-12,West,Home & Garden,5,413.6,135.16
2025-01-12,West,Sports,10,177.44,45.3
2025-01-13,North,Electronics,7,657.82,221.13
2025-01-13,North,Clothing,7,235.25,63.47
2025-01-13,North,Home & Garden,12,332.18,92.87
2025-01-13,North,Sports,7,88.97,29.47
2025-01-13,South,Electronics,10,592.21,163.54
2025-01-13,South,Clothing,6,199.25,61.23
2025-01-13,South,Home & Garden,5,279.06,112.28
2025-01-13,South,Sports,9,135.92,53.55
2025-01-13,East,Electronics,7,407.58,169.0
2025-01-13,East,Clothing,4,295.55,110.32
2025-01-13,East,Home & Garden,8,89.44,31.74
2025-01-13,East,Sports,10,162.82,69.37
2025-01-13,West,Electronics,10,452.69,173.25
2025-01-13,West,Clothing,9,282.9,119.94
2025-01-13,West,Home & Garden,11,346.39,137.47
2025-01-13,West,Sports,8,192.91,62.77
2025-01-14,North,Electronics,5,470.11,162.34
2025-01-14,North,Clothing,8,121.69,42.75
2025-01-14,North,Home & Garden,10,310.56,138.36
2025-01-14,North,Sports,6,123.44,45.69
2025-01-14,South,Electronics,7,365.86,106.3
2025-01-14,South,Clothing,7,156.07,69.2
2025-01-14,South,Home & Garden,12,326.66,101.22
2025-01-14,South,Sports,7,114.45,33.62
2025-01-14,East,Electronics,10,476.36,144.95
2025-01-14,East,Clothing,3,98.24,43.29
2025-01-14,East,Home & Garden,10,351.64,118.92
2025-01-14,East,Sports,8,190.85,68.17
2025-01-14,West,Electronics,11,478.59,174.22
2025-01-14,West,Clothing,11,177.11,65.17
2025-01-14,West,Home & Garden,12,335.1,106.63
2025-01-14,West,Sports,11,122.96,34.07
2025-01-15,North,Electronics,2,677.42,183.88
2025-01-15,North,Clothing,9,341.95,99.48
2025-01-15,North,Home & Garden,6,288.44,119.55
2025-01-15,North,Sports,8,156.36,57.8
2025-01-15,South,Electronics,5,426.55,156.3
2025-01-15,South,Clothing,8,233.02,66.28
2025-01-15,South,Home & Garden,5,309.47,123.47
2025-01-15,South,Sports,3,178.76,76.74
2025-01-15,East,Electronics,10,543.49,171.66
2025-01-15,East,Clothing,4,159.95,67.0
2025-01-15,East,Home & Garden,4,251.32,73.46
2025-01-15,East,Sports,6,155.09,47.42
2025-01-15,West,Electronics,12,470.17,173.64
2025-01-15,West,Clothing,6,252.15,105.65
2025-01-15,West,Home & Garden,8,224.45,91.12
2025-01-15,West,Sports,7,226.02,101.06
2025-01-16,North,Electronics,11,580.16,260.94
2025-01-16,North,Clothing,6,110.06,37.48
2025-01-16,North,Home & Garden,6,355.81,143.24
2025-01-16,North,Sports,8,109.02,45.37
2025-01-16,South,Electronics,10,473.61,160.07
2025-01-16,South,Clothing,10,241.5,87.31
2025-01-16,South,Home & Garden,7,299.71,92.14
2025-01-16,South,Sports,7,231.37,83.98
2025-01-16,East,Electronics,10,695.41,214.4
2025-01-16,East,Clothing,8,271.7,75.07
2025-01-16,East,Home & Garden,8,229.92,85.27
2025-01-16,East,Sports,9,203.78,90.25
2025-01-16,West,Electronics,9,437.74,155.63
2025-01-16,West,Clothing,3,143.05,48.28
2025-01-16,West,Home & Garden,5,291.72,116.21
2025-01-16,West,Sports,6,121.66,46.8
2025-01-17,North,Electronics,16,730.67,316.93
2025-01-17,North,Clothing,9,262.02,110.62
2025-01-17,North,Home & Garden,5,397.91,112.12
2025-01-17,North,Sports,8,147.93,42.54
2025-01-17,South,Electronics,8,500.24,174.2
2025-01-17,South,Clothing,7,196.5,78.01
2025-01-17,South,Home & Garden,4,266.23,86.08
2025-01-17,South,Sports,9,151.15,63.99
2025-01-17,East,Electronics,9,428.19,142.07
2025-01-17,East,Clothing,4,204.51,75.94
2025-01-17,East,Home & Garden,13,292.0,115.21
2025-01-17,East,Sports,12,167.96,58.07
2025-01-17,West,Electronics,1,413.99,142.87
2025-01-17,West,Clothing,7,202.24,78.3
2025-01-17,West,Home & Garden,6,188.29,74.79
2025-01-17,West,Sports,10,191.06,50.52
2025-01-18,North,Electronics,11,614.74,219.31
2025-01-18,North,Clothing,13,359.72,148.85
2025-01-18,North,Home & Garden,12,480.65,156.67
2025-01-18,North,Sports,13,126.51,32.21
2025-01-18,South,Electronics,8,607.05,217.82
2025-01-18,South,Clothing,8,228.44,66.06
2025-01-18,South,Home & Garden,12,425.25,161.97
2025-01-18,South,Sports,13,179.68,60.88
2025-01-18,East,Electronics,14,1067.64,453.92
2025-01-18,East,Clothing,7,399.57,134.77
2025-01-18,East,Home & Garden,9,527.13,135.73
2025-01-18,East,Sports,13,226.95,89.4
2025-01-18,West,Electronics,11,622.8,156.3
2025-01-18,West,Clothing,13,280.57,84.4
2025-01-18,West,Home & Garden,9,438.29,126.38
2025-01-18,West,Sports,6,214.79,68.83
2025-01-19,North,Electronics,12,622.68,225.38
2025-01-19,North,Clothing,9,355.41,137.58
2025-01-19,North,Home & Garden,10,406.25,142.5
2025-01-19,North,Sports,12,277.19,88.89
2025-01-19,South,Electronics,4,570.3,192.2
2025-01-19,South,Clothing,8,241.13,104.94
2025-01-19,South,Home & Garden,7,410.49,118.47
2025-01-19,South,Sports,13,215.15,76.26
2025-01-19,East,Electronics,15,588.29,255.15
2025-01-19,East,Clothing,16,350.08,125.86
2025-01-19,East,Home & Garden,10,539.46,186.99
2025-01-19,East,Sports,11,304.25,100.09
2025-01-19,West,Electronics,11,571.31,238.99
2025-01-19,West,Clothing,11,412.18,180.1
2025-01-19,West,Home & Garden,9,317.65,135.52
2025-01-19,West,Sports,8,165.1,62.71
2025-01-20,North,Electronics,4,459.74,189.27
2025-01-20,North,Clothing,6,265.77,104.47
2025-01-20,North,Home & Garden,7,256.3,90.3
2025-01-20,North,Sports,6,128.12,52.86
2025-01-20,South,Electronics,9,484.29,178.92
2025-01-20,South,Clothing,7,92.99,26.31
2025-01-20,South,Home & Garden,13,290.98,113.72
2025-01-20,South,Sports,8,143.6,59.67
2025-01-20,East,Electronics,11,761.84,308.84
2025-01-20,East,Clothing,4,356.6,132.18
2025-01-20,East,Home & Garden,9,307.49,127.14
2025-01-20,East,Sports,6,212.12,54.0
2025-01-20,West,Electronics,4,416.76,152.38
2025-01-20,West,Clothing,8,224.94,97.02
2025-01-20,West,Home & Garden,6,259.87,92.23
2025-01-20,West,Sports,8,137.5,47.29
2025-01-21,North,Electronics,10,407.76,132.16
2025-01-21,North,Clothing,4,174.36,45.69
2025-01-21,North,Home & Garden,10,336.87,102.28
2025-01-21,North,Sports,13,172.32,75.25
2025-01-21,South,Electronics,11,274.01,78.89
2025-01-21,South,Clothing,7,244.05,62.16
2025-01-21,South,Home & Garden,16,249.56,89.06
2025-01-21,South,Sports,9,155.4,64.8
2025-01-21,East,Electronics,10,606.41,241.66
2025-01-21,East,Clothing,9,289.45,109.38
2025-01-21,East,Home & Garden,10,647.37,241.03
2025-01-21,East,Sports,10,147.47,40.02
2025-01-21,West,Electronics,4,486.46,138.88
2025-01-21,West,Clothing,5,141.4,38.55
2025-01-21,West,Home & Garden,1,365.12,95.06
2025-01-21,West,Sports,9,148.49,41.42
2025-01-22,North,Electronics,4,488.73,140.44
2025-01-22,North,Clothing,13,230.33,61.58
2025-01-22,North,Home & Garden,5,352.93,115.16
2025-01-22,North,Sports,5,203.13,77.03
2025-01-22,South,Electronics,8,194.46,78.18
2025-01-22,South,Clothing,6,179.05,48.94
2025-01-22,South,Home & Garden,8,273.66,72.81
2025-01-22,South,Sports,9,154.79,58.4
2025-01-22,East,Electronics,7,638.42,168.37
2025-01-22,East,Clothing,4,385.03,122.35
2025-01-22,East,Home & Garden,5,358.12,109.92
2025-01-22,East,Sports,9,259.03,69.99
2025-01-22,West,Electronics,7,456.24,114.99
2025-01-22,West,Clothing,9,140.66,40.9
2025-01-22,West,Home & Garden,10,350.51,124.86
2025-01-22,West,Sports,6,237.24,100.76
2025-01-23,North,Electronics,7,412.74,127.95
2025-01-23,North,Clothing,9,217.2,83.93
2025-01-23,North,Home & Garden,7,391.45,129.1
2025-01-23,North,Sports,3,136.98,58.22
2025-01-23,South,Electronics,8,368.7,106.54
2025-01-23,South,Clothing,7,125.15,41.62
2025-01-23,South,Home & Garden,9,269.38,91.04
2025-01-23,South,Sports,9,88.34,28.47
2025-01-23,East,Electronics,5,380.94,107.57
2025-01-23,East,Clothing,8,179.79,78.6
2025-01-23,East,Home & Garden,8,357.66,100.04
2025-01-23,East,Sports,9,231.76,87.08
2025-01-23,West,Electronics,9,499.04,180.13
2025-01-23,West,Clothing,8,252.22,89.12
2025-01-23,West,Home & Garden,5,237.23,106.31
2025-01-23,West,Sports,8,181.85,81.11
2025-01-24,North,Electronics,13,765.17,276.44
2025-01-24,North,Clothing,8,242.14,75.5
2025-01-24,North,Home & Garden,4,343.83,131.85
2025-01-24,North,Sports,8,192.9,58.52
2025-01-24,South,Electronics,12,532.47,137.58
2025-01-24,South,Clothing,7,112.68,33.49
2025-01-24,South,Home & Garden,10,385.56,147.97
2025-01-24,South,Sports,9,113.58,38.58
2025-01-24,East,Electronics,8,523.37,232.99
2025-01-24,East,Clothing,9,213.81,80.81
2025-01-24,East,Home & Garden,6,515.73,141.55
2025-01-24,East,Sports,15,186.77,80.79
2025-01-24,West,Electronics,10,536.18,151.73
2025-01-24,West,Clothing,5,263.19,97.18
2025-01-24,West,Home & Garden,10,273.12,74.52
2025-01-24,West,Sports,5,167.92,62.13
2025-01-25,North,Electronics,10,551.76,138.48
2025-01-25,North,Clothing,12,364.81,143.19
2025-01-25,North,Home & Garden,13,398.81,150.14
2025-01-25,North,Sports,11,281.84,96.68
2025-01-25,South,Electronics,13,729.98,270.91
2025-01-25,South,Clothing,9,247.99,62.48
2025-01-25,South,Home & Garden,11,417.91,169.9
2025-01-25,South,Sports,8,167.94,65.51
2025-01-25,East,Electronics,8,527.65,168.82
2025-01-25,East,Clothing,7,232.26,91.0
2025-01-25,East,Home & Garden,9,543.42,222.79
2025-01-25,East,Sports,11,188.51,78.54
2025-01-25,West,Electronics,7,858.23,380.77
2025-01-25,West,Clothing,9,227.42,89.05
2025-01-25,West,Home & Garden,9,420.1,112.42
2025-01-25,West,Sports,9,193.71,70.59
2025-01-26,North,Electronics,9,866.5,307.98
2025-01-26,North,Clothing,10,237.58,73.8
2025-01-26,North,Home & Garden,6,331.46,117.49
2025-01-26,North,Sports,12,299.67,77.74
2025-01-26,South,Electronics,15,806.37,285.82
2025-01-26,South,Clothing,16,152.53,44.25
2025-01-26,South,Home & Garden,6,360.98,103.4
2025-01-26,South,Sports,6,206.08,72.66
2025-01-26,East,Electronics,10,687.68,238.32
2025-01-26,East,Clothing,5,368.88,165.44
2025-01-26,East,Home & Garden,10,677.98,278.52
2025-01-26,East,Sports,7,180.81,56.86
2025-01-26,West,Electronics,8,522.49,226.56
2025-01-26,West,Clothing,9,234.65,61.19
2025-01-26,West,Home & Garden,9,354.83,106.01
2025-01-26,West,Sports,6,279.49,119.91
2025-01-27,North,Electronics,7,640.87,172.17
2025-01-27,North,Clothing,10,146.49,50.83
2025-01-27,North,Home & Garden,3,439.5,181.85
2025-01-27,North,Sports,14,195.79,71.03
2025-01-27,South,Electronics,9,555.25,240.34
2025-01-27,South,Clothing,6,148.89,54.29
2025-01-27,South,Home & Garden,10,303.07,123.0
2025-01-27,South,Sports,10,105.58,44.71
2025-01-27,East,Electronics,6,621.86,215.78
2025-01-27,East,Clothing,7,304.93,132.09
2025-01-27,East,Home & Garden,4,350.37,116.02
2025-01-27,East,Sports,10,208.19,73.93
2025-01-27,West,Electronics,7,481.66,135.35
2025-01-27,West,Clothing,9,125.48,34.05
2025-01-27,West,Home & Garden,11,341.97,118.81
2025-01-27,West,Sports,6,187.06,73.66
2025-01-28,North,Electronics,6,732.18,319.37
2025-01-28,North,Clothing,13,213.77,75.19
2025-01-28,North,Home & Garden,11,156.17,50.93
2025-01-28,North,Sports,6,117.07,30.47
2025-01-28,South,Electronics,10,657.33,211.77
2025-01-28,South,Clothing,8,191.75,80.12
2025-01-28,South,Home & Garden,5,216.97,60.29
2025-01-28,South,Sports,7,150.73,51.07
2025-01-28,East,Electronics,6,616.33,168.8
2025-01-28,East,Clothing,6,238.05,65.22
2025-01-28,East,Home & Garden,11,425.18,111.94
2025-01-28,East,Sports,4,162.55,51.05
2025-01-28,West,Electronics,6,526.31,228.21
2025-01-28,West,Clothing,14,171.18,74.82
2025-01-28,West,Home & Garden,14,296.76,88.83
2025-01-28,West,Sports,7,156.35,67.62
2025-01-29,North,Electronics,4,526.68,135.8
2025-01-29,North,Clothing,11,123.21,51.4
2025-01-29,North,Home & Garden,6,505.66,226.93
2025-01-29,North,Sports,5,143.92,51.4
2025-01-29,South,Electronics,7,576.7,214.42
2025-01-29,South,Clothing,7,204.51,62.82
2025-01-29,South,Home & Garden,8,152.96,64.56
2025-01-29,South,Sports,4,156.66,42.32
2025-01-29,East,Electronics,5,663.52,231.0
2025-01-29,East,Clothing,8,247.28,83.73
2025-01-29,East,Home & Garden,7,436.19,191.16
2025-01-29,East,Sports,9,162.49,72.29
2025-01-29,West,Electronics,14,688.42,253.69
2025-01-29,West,Clothing,5,155.13,39.39
2025-01-29,West,Home & Garden,11,254.27,77.08
2025-01-29,West,Sports,10,106.39,40.02
2025-01-30,North,Electronics,9,607.8,227.08
2025-01-30,North,Clothing,8,264.23,80.8
2025-01-30,North,Home & Garden,7,426.54,143.57
2025-01-30,North,Sports,6,164.93,67.72
2025-01-30,South,Electronics,8,371.01,163.97
2025-01-30,South,Clothing,3,138.8,53.88
2025-01-30,South,Home & Garden,6,309.48,118.64
2025-01-30,South,Sports,8,158.59,40.78
2025-01-30,East,Electronics,4,575.8,180.45
2025-01-30,East,Clothing,5,241.24,68.0
2025-01-30,East,Home & Garden,9,345.42,109.27
2025-01-30,East,Sports,8,143.13,44.52
2025-01-30,West,Electronics,11,709.45,178.36
2025-01-30,West,Clothing,5,223.18,58.44
2025-01-30,West,Home & Garden,13,227.2,86.54
2025-01-30,West,Sports,7,114.74,47.97
2025-01-31,North,Electronics,8,411.7,182.02
2025-01-31,North,Clothing,8,241.42,98.23
2025-01-31,North,Home & Garden,9,448.61,164.62
2025-01-31,North,Sports,6,168.39,63.87
2025-01-31,South,Electronics,14,462.29,129.83
2025-01-31,South,Clothing,9,222.64,76.59
2025-01-31,South,Home & Garden,11,371.01,93.68
2025-01-31,South,Sports,16,126.09,40.0
2025-01-31,East,Electronics,11,335.98,104.45
2025-01-31,East,Clothing,8,275.61,85.5
2025-01-31,East,Home & Garden,4,180.22,72.64
2025-01-31,East,Sports,11,186.62,54.23
2025-01-31,West,Electronics,6,543.57,204.16
2025-01-31,West,Clothing,5,180.68,49.18
2025-01-31,West,Home & Garden,8,214.65,67.0
2025-01-31,West,Sports,10,104.69,34.79
2025-02-01,North,Electronics,9,685.53,282.22
2025-02-01,North,Clothing,6,164.49,50.95
2025-02-01,North,Home & Garden,5,358.12,103.11
2025-02-01,North,Sports,8,157.14,65.02
2025-02-01,South,Electronics,11,538.57,204.71
2025-02-01,South,Clothing,8,201.78,58.58
2025-02-01,South,Home & Garden,6,252.44,77.39
2025-02-01,South,Sports,6,92.37,38.1
2025-02-01,East,Electronics,11,610.98,165.78
2025-02-01,East,Clothing,6,163.58,48.47
2025-02-01,East,Home & Garden,7,326.4,129.28
2025-02-01,East,Sports,5,216.63,59.62
2025-02-01,West,Electronics,8,624.16,271.07
2025-02-01,West,Clothing,9,170.57,43.15
2025-02-01,West,Home & Garden,10,272.36,109.13
2025-02-01,West,Sports,6,195.19,85.47
2025-02-02,North,Electronics,13,581.19,240.25
2025-02-02,North,Clothing,9,257.39,99.31
2025-02-02,North,Home & Garden,1,282.54,112.87
2025-02-02,North,Sports,8,192.59,56.74
2025-02-02,South,Electronics,7,739.51,212.63
2025-02-02,South,Clothing,10,137.57,55.8
2025-02-02,South,Home & Garden,7,226.3,80.96
2025-02-02,South,Sports,6,123.79,40.86
2025-02-02,East,Electronics,14,852.95,249.01
2025-02-02,East,Clothing,4,217.85,57.76
2025-02-02,East,Home & Garden,4,404.09,111.23
2025-02-02,East,Sports,11,204.13,67.89
2025-02-02,West,Electronics,12,617.93,224.7
2025-02-02,West,Clothing,7,253.84,81.7
2025-02-02,West,Home & Garden,6,397.75,132.0
2025-02-02,West,Sports,14,166.03,68.49
2025-02-03,North,Electronics,11,379.04,159.27
2025-02-03,North,Clothing,7,91.5,40.71
2025-02-03,North,Home & Garden,5,286.77,84.17
2025-02-03,North,Sports,5,138.79,35.26
2025-02-03,South,Electronics,5,422.12,149.54
2025-02-03,South,Clothing,8,96.97,36.74
2025-02-03,South,Home & Garden,4,301.39,90.21
2025-02-03,South,Sports,6,95.73,42.11
2025-02-03,East,Electronics,8,483.73,129.08
2025-02-03,East,Clothing,5,281.47,98.38
2025-02-03,East,Home & Garden,3,213.9,64.07
2025-02-03,East,Sports,8,130.91,56.8
2025-02-03,West,Electronics,6,371.87,115.67
2025-02-03,West,Clothing,11,138.48,60.12
2025-02-03,West,Home & Garden,7,209.49,77.91
2025-02-03,West,Sports,4,107.13,41.86
2025-02-04,North,Electronics,10,411.32,116.7
2025-02-04,North,Clothing,8,132.62,52.02
2025-02-04,North,Home & Garden,4,180.05,75.64
2025-02-04,North,Sports,6,86.77,27.76
2025-02-04,South,Electronics,6,357.38,109.26
2025-02-04,South,Clothing,7,162.0,51.44
2025-02-04,South,Home & Garden,7,231.77,85.34
2025-02-04,South,Sports,7,91.97,28.98
2025-02-04,East,Electronics,9,446.83,129.26
2025-02-04,East,Clothing,8,116.43,40.15
2025-02-04,East,Home & Garden,10,236.13,94.42
2025-02-04,East,Sports,7,147.53,62.68
2025-02-04,West,Electronics,8,343.06,140.57
2025-02-04,West,Clothing,9,221.3,80.26
2025-02-04,West,Home & Garden,8,245.92,87.38
2025-02-04,West,Sports,6,117.6,39.49
2025-02-05,North,Electronics,8,469.56,191.91
2025-02-05,North,Clothing,3,235.14,77.07
2025-02-05,North,Home & Garden,5,146.71,45.1
2025-02-05,North,Sports,16,111.03,49.28
2025-02-05,South,Electronics,3,381.92,127.64
2025-02-05,South,Clothing,9,140.71,41.96
2025-02-05,South,Home & Garden,3,278.15,99.48
2025-02-05,South,Sports,5,114.76,32.6
2025-02-05,East,Electronics,4,337.54,136.32
2025-02-05,East,Clothing,3,145.16,60.37
2025-02-05,East,Home & Garden,9,277.06,105.26
2025-02-05,East,Sports,3,164.23,70.86
2025-02-05,West,Electronics,7,346.46,93.54
2025-02-05,West,Clothing,4,153.06,66.47
2025-02-05,West,Home & Garden,4,313.87,87.03
2025-02-05,West,Sports,4,111.37,39.31
2025-02-06,North,Electronics,4,454.0,134.68
2025-02-06,North,Clothing,5,231.24,76.25
2025-02-06,North,Home & Garden,6,239.29,98.61
2025-02-06,North,Sports,11,121.46,44.94
2025-02-06,South,Electronics,5,255.42,91.08
2025-02-06,South,Clothing,3,140.53,45.58
2025-02-06,South,Home & Garden,10,215.69,76.77
2025-02-06,South,Sports,6,105.79,30.15
2025-02-06,East,Electronics,4,436.39,156.98
2025-02-06,East,Clothing,7,268.31,103.86
2025-02-06,East,Home & Garden,10,237.73,86.7
2025-02-06,East,Sports,4,111.93,50.11
2025-02-06,West,Electronics,5,319.28,141.7
2025-02-06,West,Clothing,10,138.44,42.08
2025-02-06,West,Home & Garden,5,227.81,68.57
2025-02-06,West,Sports,9,55.09,14.87
2025-02-07,North,Electronics,8,609.04,251.03
2025-02-07,North,Clothing,7,137.29,46.24
2025-02-07,North,Home & Garden,7,218.21,76.59
2025-02-07,North,Sports,6,95.87,34.7
2025-02-07,South,Electronics,10,464.73,126.94
2025-02-07,South,Clothing,4,192.22,78.15
2025-02-07,South,Home & Garden,4,156.53,48.59
2025-02-07,South,Sports,9,121.05,47.68
2025-02-07,East,Electronics,8,424.96,132.32
2025-02-07,East,Clothing,7,208.49,88.49
2025-02-07,East,Home & Garden,2,465.2,182.66
2025-02-07,East,Sports,5,64.92,17.31
2025-02-07,West,Electronics,4,391.88,121.0
2025-02-07,West,Clothing,3,187.6,84.3
2025-02-07,West,Home & Garden,2,240.13,82.56
2025-02-07,West,Sports,8,144.15,42.74
2025-02-08,North,Electronics,11,290.74,102.18
2025-02-08,North,Clothing,6,134.49,44.37
2025-02-08,North,Home & Garden,6,345.71,132.09
2025-02-08,North,Sports,9,174.5,74.71
2025-02-08,South,Electronics,11,384.72,154.72
2025-02-08,South,Clothing,10,139.96,58.8
2025-02-08,South,Home & Garden,8,156.55,66.87
2025-02-08,South,Sports,13,112.74,29.23
2025-02-08,East,Electronics,6,684.72,212.23
2025-02-08,East,Clothing,4,201.3,79.31
2025-02-08,East,Home & Garden,12,283.31,123.17
2025-02-08,East,Sports,14,183.38,78.43
2025-02-08,West,Electronics,9,414.75,129.66
2025-02-08,West,Clothing,8,265.91,72.6
2025-02-08,West,Home & Garden,6,384.04,132.99
2025-02-08,West,Sports,13,192.94,84.4
2025-02-09,North,Electronics,11,517.57,151.32
2025-02-09,North,Clothing,10,328.29,93.29
2025-02-09,North,Home & Garden,10,427.29,118.87
2025-02-09,North,Sports,7,99.67,44.23
2025-02-09,South,Electronics,8,663.81,224.62
2025-02-09,South,Clothing,10,176.38,60.87
2025-02-09,South,Home & Garden,6,295.58,116.2
2025-02-09,South,Sports,10,99.49,39.91
2025-02-09,East,Electronics,12,629.77,174.86
2025-02-09,East,Clothing,9,144.42,50.43
2025-02-09,East,Home & Garden,5,293.88,100.73
2025-02-09,East,Sports,5,226.0,91.31
2025-02-09,West,Electronics,5,502.48,153.75
2025-02-09,West,Clothing,9,83.1,22.77
2025-02-09,West,Home & Garden,13,312.33,106.79
2025-02-09,West,Sports,4,211.52,91.25
2025-02-10,North,Electronics,6,271.73,88.21
2025-02-10,North,Clothing,6,128.81,40.91
2025-02-10,North,Home & Garden,8,239.74,73.35
2025-02-10,North,Sports,11,156.99,49.22
2025-02-10,South,Electronics,7,390.61,159.84
2025-02-10,South,Clothing,5,191.89,56.8
2025-02-10,South,Home & Garden,6,221.0,73.17
2025-02-10,South,Sports,4,99.31,28.04
2025-02-10,East,Electronics,6,500.5,209.4
2025-02-10,East,Clothing,3,227.62,96.56
2025-02-10,East,Home & Garden,5,286.23,110.47
2025-02-10,East,Sports,8,97.26,36.35
2025-02-10,West,Electronics,7,403.27,164.5
2025-02-10,West,Clothing,9,148.5,45.53
2025-02-10,West,Home & Garden,9,268.14,97.35
2025-02-10,West,Sports,6,142.09,61.05
2025-02-11,North,Electronics,8,578.93,209.15
2025-02-11,North,Clothing,7,161.48,56.16
2025-02-11,North,Home & Garden,7,142.99,49.72
2025-02-11,North,Sports,8,117.31,42.91
2025-02-11,South,Electronics,8,460.07,148.9
2025-02-11,South,Clothing,7,120.96,53.9
2025-02-11,South,Home & Garden,4,268.13,94.95
2025-02-11,South,Sports,2,113.59,30.84
2025-02-11,East,Electronics,5,421.82,184.86
2025-02-11,East,Clothing,9,199.88,63.0
2025-02-11,East,Home & Garden,5,246.98,78.62
2025-02-11,East,Sports,5,173.04,75.54
2025-02-11,West,Electronics,8,499.56,209.32
2025-02-11,West,Clothing,7,225.04,93.39
2025-02-11,West,Home & Garden,7,328.49,87.11
2025-02-11,West,Sports,5,76.27,28.61
2025-02-12,North,Electronics,3,388.18,132.3
2025-02-12,North,Clothing,12,196.55,84.93
2025-02-12,North,Home & Garden,7,244.35,99.69
2025-02-12,North,Sports,5,166.3,60.67
2025-02-12,South,Electronics,5,323.22,100.08
2025-02-12,South,Clothing,12,165.41,63.08
2025-02-12,South,Home & Garden,4,225.66,58.81
2025-02-12,South,Sports,4,53.74,23.36
2025-02-12,East,Electronics,11,555.17,215.25
2025-02-12,East,Clothing,7,230.3,101.0
2025-02-12,East,Home & Garden,6,253.47,102.16
2025-02-12,East,Sports,6,136.76,55.12
2025-02-12,West,Electronics,10,500.06,126.44
2025-02-12,West,Clothing,9,167.05,42.96
2025-02-12,West,Home & Garden,6,217.99,86.79
2025-02-12,West,Sports,8,28.94,9.43
2025-02-13,North,Electronics,5,258.76,104.81
2025-02-13,North,Clothing,4,94.37,41.75
2025-02-13,North,Home & Garden,7,289.42,102.76
2025-02-13,North,Sports,8,161.16,71.12
2025-02-13,South,Electronics,2,318.58,88.89
2025-02-13,South,Clothing,7,148.87,57.97
2025-02-13,South,Home & Garden,4,181.31,78.33
2025-02-13,South,Sports,4,119.86,50.71
2025-02-13,East,Electronics,3,465.74,196.19
2025-02-13,East,Clothing,7,222.24,86.02
2025-02-13,East,Home & Garden,7,235.22,72.23
2025-02-13,East,Sports,7,217.21,92.71
2025-02-13,West,Electronics,7,292.22,91.05
2025-02-13,West,Clothing,7,166.04,53.41
2025-02-13,West,Home & Garden,4,325.4,141.99
2025-02-13,West,Sports,7,37.88,13.82
2025-02-14,North,Electronics,7,613.85,193.86
2025-02-14,North,Clothing,9,183.08,48.29
2025-02-14,North,Home & Garden,11,196.54,73.8
2025-02-14,North,Sports,8,119.67,30.71
2025-02-14,South,Electronics,4,250.93,96.6
2025-02-14,South,Clothing,9,155.37,66.15
2025-02-14,South,Home & Garden,7,132.55,45.66
2025-02-14,South,Sports,6,102.11,25.97
2025-02-14,East,Electronics,3,618.33,196.79
2025-02-14,East,Clothing,11,117.16,46.58
2025-02-14,East,Home & Garden,10,298.81,117.4
2025-02-14,East,Sports,7,187.22,47.51
2025-02-14,West,Electronics,9,566.51,233.33
2025-02-14,West,Clothing,6,124.27,54.21
2025-02-14,West,Home & Garden,13,165.19,53.28
2025-02-14,West,Sports,2,128.57,54.34
2025-02-15,North,Electronics,6,465.78,181.03
2025-02-15,North,Clothing,7,253.32,89.31
2025-02-15,North,Home & Garden,6,317.53,123.96
2025-02-15,North,Sports,6,175.01,53.66
2025-02-15,South,Electronics,5,460.92,154.01
2025-02-15,South,Clothing,7,135.37,47.47
2025-02-15,South,Home & Garden,6,225.23,99.12
2025-02-15,South,Sports,4,138.11,55.39
2025-02-15,East,Electronics,10,772.96,325.74
2025-02-15,East,Clothing,12,163.51,53.15
2025-02-15,East,Home & Garden,5,376.85,160.9
2025-02-15,East,Sports,12,194.11,86.8
2025-02-15,West,Electronics,9,524.09,165.19
2025-02-15,West,Clothing,8,262.45,111.75
2025-02-15,West,Home & Garden,13,252.85,78.78
2025-02-15,West,Sports,9,189.59,77.83
2025-02-16,North,Electronics,8,489.97,198.64
2025-02-16,North,Clothing,10,221.49,65.23
2025-02-16,North,Home & Garden,5,468.85,126.91
2025-02-16,North,Sports,11,129.71,32.51
2025-02-16,South,Electronics,4,525.46,144.7
2025-02-16,South,Clothing,11,250.8,65.94
2025-02-16,South,Home & Garden,7,252.93,105.88
2025-02-16,South,Sports,8,196.72,55.16
2025-02-16,East,Electronics,12,604.84,214.0
2025-02-16,East,Clothing,9,175.98,55.07
2025-02-16,East,Home & Garden,5,416.38,138.68
2025-02-16,East,Sports,5,177.49,55.4
2025-02-16,West,Electronics,11,771.05,198.59
2025-02-16,West,Clothing,9,266.94,100.37
2025-02-16,West,Home & Garden,6,390.07,144.95
2025-02-16,West,Sports,7,194.84,56.84
2025-02-17,North,Electronics,7,443.88,154.07
2025-02-17,North,Clothing,8,114.95,34.2
2025-02-17,North,Home & Garden,6,228.72,99.46
2025-02-17,North,Sports,8,167.24,49.09
2025-02-17,South,Electronics,8,209.94,59.02
2025-02-17,South,Clothing,12,149.18,57.85
2025-02-17,South,Home & Garden,6,306.29,123.33
2025-02-17,South,Sports,10,83.52,22.38
2025-02-17,East,Electronics,1,598.4,249.39
2025-02-17,East,Clothing,5,215.61,94.12
2025-02-17,East,Home & Garden,6,239.34,106.24
2025-02-17,East,Sports,8,156.4,49.3
2025-02-17,West,Electronics,8,404.2,152.22
2025-02-17,West,Clothing,4,134.32,52.15
2025-02-17,West,Home & Garden,6,288.66,85.01
2025-02-17,West,Sports,7,94.11,34.75
2025-02-18,North,Electronics,5,291.65,96.95
2025-02-18,North,Clothing,3,178.79,53.69
2025-02-18,North,Home & Garden,6,226.51,87.32
2025-02-18,North,Sports,6,172.81,74.3
2025-02-18,South,Electronics,5,391.94,138.15
2025-02-18,South,Clothing,7,196.61,54.59
2025-02-18,South,Home & Garden,6,180.13,45.55
2025-02-18,South,Sports,9,83.26,33.45
2025-02-18,East,Electronics,7,351.08,104.24
2025-02-18,East,Clothing,5,103.91,36.97
2025-02-18,East,Home & Garden,7,318.91,126.94
2025-02-18,East,Sports,6,174.28,67.32
2025-02-18,West,Electronics,6,307.24,99.24
2025-02-18,West,Clothing,5,115.84,35.5
2025-02-18,West,Home & Garden,4,230.57,65.7
2025-02-18,West,Sports,15,132.62,59.45
2025-02-19,North,Electronics,5,610.72,210.36
2025-02-19,North,Clothing,6,190.33,73.35
2025-02-19,North,Home & Garden,6,338.32,89.41
2025-02-19,North,Sports,5,100.08,27.84
2025-02-19,South,Electronics,10,232.76,76.49
2025-02-19,South,Clothing,7,162.29,41.27
2025-02-19,South,Home & Garden,11,181.09,61.95
2025-02-19,South,Sports,6,86.91,25.89
2025-02-19,East,Electronics,7,650.49,197.22
2025-02-19,East,Clothing,5,142.17,39.81
2025-02-19,East,Home & Garden,7,435.73,115.82
2025-02-19,East,Sports,8,144.4,47.45
2025-02-19,West,Electronics,6,643.08,282.05
2025-02-19,West,Clothing,7,193.15,49.42
2025-02-19,West,Home & Garden,9,259.98,95.55
2025-02-19,West,Sports,7,169.76,53.25
2025-02-20,North,Electronics,6,384.17,135.87
2025-02-20,North,Clothing,7,273.33,83.86
2025-02-20,North,Home & Garden,4,371.85,136.07
2025-02-20,North,Sports,8,111.5,29.51
2025-02-20,South,Electronics,3,389.87,113.85
2025-02-20,South,Clothing,9,119.55,50.71
2025-02-20,South,Home & Garden,5,162.82,63.33
2025-02-20,South,Sports,6,97.76,40.59
2025-02-20,East,Electronics,7,458.17,148.94
2025-02-20,East,Clothing,6,122.33,53.64
2025-02-20,East,Home & Garden,7,302.04,104.78
2025-02-20,East,Sports,6,200.64,67.35
2025-02-20,West,Electronics,12,287.9,108.92
2025-02-20,West,Clothing,8,222.05,88.5
2025-02-20,West,Home & Garden,8,270.83,112.64
2025-02-20,West,Sports,8,99.43,33.21
2025-02-21,North,Electronics,6,712.64,235.26
2025-02-21,North,Clothing,8,235.41,91.57
2025-02-21,North,Home & Garden,5,297.31,123.17
2025-02-21,North,Sports,4,90.7,39.57
2025-02-21,South,Electronics,6,337.42,104.96
2025-02-21,South,Clothing,7,183.03,80.55
2025-02-21,South,Home & Garden,5,239.65,66.12
2025-02-21,South,Sports,5,107.31,31.69
2025-02-21,East,Electronics,6,289.01,76.86
2025-02-21,East,Clothing,5,150.13,63.28
2025-02-21,East,Home & Garden,5,308.11,110.19
2025-02-21,East,Sports,3,142.12,55.26
2025-02-21,West,Electronics,1,414.29,184.98
2025-02-21,West,Clothing,13,171.94,46.39
2025-02-21,West,Home & Garden,7,317.29,135.12
2025-02-21,West,Sports,5,106.74,28.6
2025-02-22,North,Electronics,8,717.0,309.15
2025-02-22,North,Clothing,6,147.9,39.0
2025-02-22,North,Home & Garden,11,385.95,141.08
2025-02-22,North,Sports,9,158.06,40.04
2025-02-22,South,Electronics,9,512.04,133.37
2025-02-22,South,Clothing,8,67.4,26.79
2025-02-22,South,Home & Garden,6,273.73,73.23
2025-02-22,South,Sports,9,84.28,33.63
2025-02-22,East,Electronics,13,596.51,184.48
2025-02-22,East,Clothing,6,207.45,53.4
2025-02-22,East,Home & Garden,8,474.58,167.17
2025-02-22,East,Sports,9,242.38,73.46
2025-02-22,West,Electronics,9,502.27,193.0
2025-02-22,West,Clothing,8,224.34,94.97
2025-02-22,West,Home & Garden,7,318.65,94.11
2025-02-22,West,Sports,10,148.41,40.39
2025-02-23,North,Electronics,7,754.86,339.38
2025-02-23,North,Clothing,7,211.28,65.34
2025-02-23,North,Home & Garden,10,328.11,93.31
2025-02-23,North,Sports,9,127.47,36.0
2025-02-23,South,Electronics,6,607.67,254.16
2025-02-23,South,Clothing,2,116.24,43.97
2025-02-23,South,Home & Garden,5,191.92,72.76
2025-02-23,South,Sports,8,126.55,55.19
2025-02-23,East,Electronics,6,438.26,166.21
2025-02-23,East,Clothing,8,188.46,48.9
2025-02-23,East,Home & Garden,4,423.6,186.28
2025-02-23,East,Sports,10,200.55,64.12
2025-02-23,West,Electronics,9,528.12,154.26
2025-02-23,West,Clothing,12,204.29,91.54
2025-02-23,West,Home & Garden,9,247.31,79.19
2025-02-23,West,Sports,8,156.15,48.49
2025-02-24,North,Electronics,5,390.82,152.31
2025-02-24,North,Clothing,6,232.62,60.79
2025-02-24,North,Home & Garden,8,210.79,91.43
2025-02-24,North,Sports,8,140.96,41.92
2025-02-24,South,Electronics,2,439.03,157.94
2025-02-24,South,Clothing,7,108.47,35.07
2025-02-24,South,Home & Garden,5,271.95,69.59
2025-02-24,South,Sports,9,93.13,35.97
2025-02-24,East,Electronics,7,552.89,204.81
2025-02-24,East,Clothing,4,276.99,98.89
2025-02-24,East,Home & Garden,7,249.52,104.88
2025-02-24,East,Sports,9,117.85,44.84
2025-02-24,West,Electronics,7,330.4,102.63
2025-02-24,West,Clothing,10,125.68,48.15
2025-02-24,West,Home & Garden,4,219.88,76.01
2025-02-24,West,Sports,6,86.2,26.56
2025-02-25,North,Electronics,7,362.11,113.65
2025-02-25,North,Clothing,7,153.07,41.32
2025-02-25,North,Home & Garden,9,260.86,69.63
2025-02-25,North,Sports,6,118.51,49.04
2025-02-25,South,Electronics,8,331.63,125.43
2025-02-25,South,Clothing,4,145.82,59.79
2025-02-25,South,Home & Garden,11,211.2,77.3
2025-02-25,South,Sports,8,94.7,36.72
2025-02-25,East,Electronics,9,594.55,249.95
2025-02-25,East,Clothing,6,230.19,58.65
2025-02-25,East,Home & Garden,8,340.63,124.08
2025-02-25,East,Sports,4,143.36,53.74
2025-02-25,West,Electronics,4,140.98,61.61
2025-02-25,West,Clothing,6,152.86,38.98
2025-02-25,West,Home & Garden,8,232.55,85.97
2025-02-25,West,Sports,6,70.6,26.1
2025-02-26,North,Electronics,7,349.55,103.67
2025-02-26,North,Clothing,6,185.58,65.35
2025-02-26,North,Home & Garden,2,315.01,130.86
2025-02-26,North,Sports,5,119.19,40.09
2025-02-26,South,Electronics,4,329.43,108.67
2025-02-26,South,Clothing,7,178.47,78.33
2025-02-26,South,Home & Garden,9,238.59,68.46
2025-02-26,South,Sports,4,130.84,37.85
2025-02-26,East,Electronics,5,511.12,182.4
2025-02-26,East,Clothing,5,203.39,74.71
2025-02-26,East,Home & Garden,7,245.29,88.27
2025-02-26,East,Sports,6,79.95,27.4
2025-02-26,West,Electronics,7,460.76,191.66
2025-02-26,West,Clothing,7,179.39,78.71
2025-02-26,West,Home & Garden,9,345.07,88.81
2025-02-26,West,Sports,8,101.05,39.92
2025-02-27,North,Electronics,1,468.23,172.62
2025-02-27,North,Clothing,9,167.15,71.7
2025-02-27,North,Home & Garden,7,87.23,35.07
2025-02-27,North,Sports,4,165.2,52.51
2025-02-27,South,Electronics,6,388.96,126.53
2025-02-27,South,Clothing,6,170.58,71.65
2025-02-27,South,Home & Garden,6,239.7,87.49
2025-02-27,South,Sports,7,78.63,30.39
2025-02-27,East,Electronics,4,511.07,143.55
2025-02-27,East,Clothing,1,163.72,52.7
2025-02-27,East,Home & Garden,6,270.96,87.3
2025-02-27,East,Sports,10,127.24,44.41
2025-02-27,West,Electronics,7,290.69,121.21
2025-02-27,West,Clothing,9,180.89,67.4
2025-02-27,West,Home & Garden,13,260.52,66.56
2025-02-27,West,Sports,9,145.69,59.41
2025-02-28,North,Electronics,6,550.45,222.73
2025-02-28,North,Clothing,5,166.18,64.14
2025-02-28,North,Home & Garden,10,217.16,68.76
2025-02-28,North,Sports,7,133.7,35.95
2025-02-28,South,Electronics,4,344.86,93.23
2025-02-28,South,Clothing,5,131.66,43.9
2025-02-28,South,Home & Garden,2,210.04,86.14
2025-02-28,South,Sports,8,92.78,35.61
2025-02-28,East,Electronics,8,565.33,180.27
2025-02-28,East,Clothing,6,125.29,48.07
2025-02-28,East,Home & Garden,5,304.27,107.72
2025-02-28,East,Sports,5,167.88,64.07
2025-02-28,West,Electronics,10,224.76,101.01
2025-02-28,West,Clothing,5,188.25,77.13
2025-02-28,West,Home & Garden,6,256.21,71.32
2025-02-28,West,Sports,4,100.12,29.4
2025-03-01,North,Electronics,13,992.61,324.94
2025-03-01,North,Clothing,9,257.7,111.4
2025-03-01,North,Home & Garden,6,579.3,258.45
2025-03-01,North,Sports,7,238.38,79.97
2025-03-01,South,Electronics,16,507.2,163.79
2025-03-01,South,Clothing,6,175.37,69.12
2025-03-01,South,Home & Garden,9,310.88,82.69
2025-03-01,South,Sports,12,161.16,46.44
2025-03-01,East,Electronics,6,718.19,228.31
2025-03-01,East,Clothing,16,271.28,104.06
2025-03-01,East,Home & Garden,8,477.68,141.13
2025-03-01,East,Sports,13,217.2,90.88
2025-03-01,West,Electronics,16,872.02,349.56
2025-03-01,West,Clothing,6,286.04,98.1
2025-03-01,West,Home & Garden,14,300.22,107.65
2025-03-01,West,Sports,16,217.95,63.08
2025-03-02,North,Electronics,12,601.73,247.24
2025-03-02,North,Clothing,9,466.42,196.4
2025-03-02,North,Home & Garden,7,277.63,91.59
2025-03-02,North,Sports,10,176.35,69.21
2025-03-02,South,Electronics,8,261.75,76.12
2025-03-02,South,Clothing,9,285.21,118.16
2025-03-02,South,Home & Garden,10,291.59,84.02
2025-03-02,South,Sports,12,215.01,80.78
2025-03-02,East,Electronics,11,848.34,356.97
2025-03-02,East,Clothing,10,362.01,108.94
2025-03-02,East,Home & Garden,7,459.02,129.02
2025-03-02,East,Sports,10,255.23,77.02
2025-03-02,West,Electronics,9,688.92,182.43
2025-03-02,West,Clothing,12,264.99,68.44
2025-03-02,West,Home & Garden,15,411.19,113.19
2025-03-02,West,Sports,12,80.82,36.16
2025-03-03,North,Electronics,13,711.14,253.93
2025-03-03,North,Clothing,8,181.79,50.83
2025-03-03,North,Home & Garden,4,411.77,107.77
2025-03-03,North,Sports,6,133.91,34.61
2025-03-03,South,Electronics,10,524.88,199.86
2025-03-03,South,Clothing,3,203.93,76.22
2025-03-03,South,Home & Garden,5,248.35,67.31
2025-03-03,South,Sports,8,98.97,25.73
2025-03-03,East,Electronics,8,448.13,200.4
2025-03-03,East,Clothing,10,234.89,64.72
2025-03-03,East,Home & Garden,4,153.44,52.43
2025-03-03,East,Sports,5,159.35,65.55
2025-03-03,West,Electronics,7,408.9,115.16
2025-03-03,West,Clothing,12,230.37,100.59
2025-03-03,West,Home & Garden,7,350.58,131.44
2025-03-03,West,Sports,10,167.21,44.6
2025-03-04,North,Electronics,11,364.53,116.03
2025-03-04,North,Clothing,6,178.32,66.44
2025-03-04,North,Home & Garden,8,197.88,77.74
2025-03-04,North,Sports,1,179.97,74.56
2025-03-04,South,Electronics,8,314.93,107.4
2025-03-04,South,Clothing,8,206.43,79.73
2025-03-04,South,Home & Garden,13,340.09,99.92
2025-03-04,South,Sports,12,120.78,32.62
2025-03-04,East,Electronics,8,436.8,147.4
2025-03-04,East,Clothing,5,272.16,115.91
2025-03-04,East,Home & Garden,11,319.85,88.3
2025-03-04,East,Sports,12,197.82,62.48
2025-03-04,West,Electronics,11,570.36,166.95
2025-03-04,West,Clothing,5,282.84,117.98
2025-03-04,West,Home & Garden,8,251.46,81.37
2025-03-04,West,Sports,7,124.17,45.22
2025-03-05,North,Electronics,12,443.04,132.67
2025-03-05,North,Clothing,11,213.71,74.92
2025-03-05,North,Home & Garden,9,280.23,121.17
2025-03-05,North,Sports,6,147.43,48.14
2025-03-05,South,Electronics,7,509.31,182.09
2025-03-05,South,Clothing,12,164.89,51.58
2025-03-05,South,Home & Garden,9,439.96,137.65
2025-03-05,South,Sports,9,175.39,67.53
2025-03-05,East,Electronics,6,342.71,134.25
2025-03-05,East,Clothing,5,229.34,81.84
2025-03-05,East,Home & Garden,6,349.01,107.44
2025-03-05,East,Sports,5,194.2,73.38
2025-03-05,West,Electronics,7,567.42,188.13
2025-03-05,West,Clothing,11,201.72,66.61
2025-03-05,West,Home & Garden,5,303.33,87.75
2025-03-05,West,Sports,9,191.08,76.62
2025-03-06,North,Electronics,3,352.44,138.42
2025-03-06,North,Clothing,6,161.32,52.75
2025-03-06,North,Home & Garden,8,266.75,76.31
2025-03-06,North,Sports,10,149.85,54.14
2025-03-06,South,Electronics,7,493.02,161.48
2025-03-06,South,Clothing,3,130.79,35.12
2025-03-06,South,Home & Garden,7,255.43,77.61
2025-03-06,South,Sports,9,90.71,23.16
2025-03-06,East,Electronics,5,869.42,256.13
2025-03-06,East,Clothing,6,252.47,104.28
2025-03-06,East,Home & Garden,6,450.5,166.61
2025-03-06,East,Sports,3,178.09,55.68
2025-03-06,West,Electronics,12,535.2,218.02
2025-03-06,West,Clothing,9,242.86,63.49
2025-03-06,West,Home & Garden,11,271.97,106.69
2025-03-06,West,Sports,6,91.24,36.93
2025-03-07,North,Electronics,12,537.19,155.87
2025-03-07,North,Clothing,4,169.62,57.0
2025-03-07,North,Home & Garden,8,143.56,50.59
2025-03-07,North,Sports,10,179.16,71.6
2025-03-07,South,Electronics,9,652.22,201.43
2025-03-07,South,Clothing,7,136.78,36.73
2025-03-07,South,Home & Garden,12,190.03,71.52
2025-03-07,South,Sports,10,104.05,26.97
2025-03-07,East,Electronics,13,422.14,171.43
2025-03-07,East,Clothing,15,253.99,76.81
2025-03-07,East,Home & Garden,7,197.07,75.6
2025-03-07,East,Sports,6,216.55,64.78
2025-03-07,West,Electronics,5,560.97,216.99
2025-03-07,West,Clothing,6,219.5,62.19
2025-03-07,West,Home & Garden,11,328.19,120.38
2025-03-07,West,Sports,7,133.8,40.25
2025-03-08,North,Electronics,11,806.11,355.73
2025-03-08,North,Clothing,10,272.89,105.75
2025-03-08,North,Home & Garden,10,446.3,142.8
2025-03-08,North,Sports,11,202.21,66.08
2025-03-08,South,Electronics,7,728.09,263.52
2025-03-08,South,Clothing,9,202.09,81.47
2025-03-08,South,Home & Garden,7,291.32,125.92
2025-03-08,South,Sports,7,202.1,65.03
2025-03-08,East,Electronics,10,944.18,349.04
2025-03-08,East,Clothing,10,317.23,132.38
2025-03-08,East,Home & Garden,13,357.82,111.33
2025-03-08,East,Sports,12,303.53,105.29
2025-03-08,West,Electronics,12,728.63,249.02
2025-03-08,West,Clothing,5,266.5,112.77
2025-03-08,West,Home & Garden,14,375.51,165.52
2025-03-08,West,Sports,9,175.99,66.13
2025-03-09,North,Electronics,9,631.89,229.89
2025-03-09,North,Clothing,12,290.18,121.66
2025-03-09,North,Home & Garden,8,361.28,133.53
2025-03-09,North,Sports,12,198.17,89.03
2025-03-09,South,Electronics,9,853.2,300.22
2025-03-09,South,Clothing,9,265.9,69.3
2025-03-09,South,Home & Garden,12,259.47,90.28
2025-03-09,South,Sports,16,136.36,48.34
2025-03-09,East,Electronics,11,777.58,251.54
2025-03-09,East,Clothing,10,259.47,115.98
2025-03-09,East,Home & Garden,12,505.84,212.13
2025-03-09,East,Sports,16,169.14,50.13
2025-03-09,West,Electronics,11,631.91,205.81
2025-03-09,West,Clothing,9,177.99,45.46
2025-03-09,West,Home & Garden,8,323.84,137.45
2025-03-09,West,Sports,12,175.76,67.96
2025-03-10,North,Electronics,7,619.18,164.59
2025-03-10,North,Clothing,6,318.33,129.55
2025-03-10,North,Home & Garden,12,177.1,78.21
2025-03-10,North,Sports,10,179.89,72.42
2025-03-10,South,Electronics,7,474.77,203.67
2025-03-10,South,Clothing,5,171.53,56.18
2025-03-10,South,Home & Garden,11,253.09,96.21
2025-03-10,South,Sports,9,179.07,75.26
2025-03-10,East,Electronics,7,555.93,183.74
2025-03-10,East,Clothing,8,186.37,81.48
2025-03-10,East,Home & Garden,8,254.59,104.29
2025-03-10,East,Sports,11,231.95,62.52
2025-03-10,West,Electronics,11,602.51,194.82
2025-03-10,West,Clothing,3,261.52,112.03
2025-03-10,West,Home & Garden,7,264.19,88.68
2025-03-10,West,Sports,10,80.89,22.07
2025-03-11,North,Electronics,6,733.82,285.39
2025-03-11,North,Clothing,12,174.84,75.35
2025-03-11,North,Home & Garden,6,328.21,130.61
2025-03-11,North,Sports,10,230.56,61.76
2025-03-11,South,Electronics,8,567.94,150.23
2025-03-11,South,Clothing,9,172.72,54.59
2025-03-11,South,Home & Garden,6,373.89,113.9
2025-03-11,South,Sports,5,140.28,56.33
2025-03-11,East,Electronics,10,477.75,122.42
2025-03-11,East,Clothing,6,192.83,69.32
2025-03-11,East,Home & Garden,9,406.09,152.92
2025-03-11,East,Sports,2,167.45,51.37
2025-03-11,West,Electronics,10,534.8,230.57
2025-03-11,West,Clothing,10,219.28,72.77
2025-03-11,West,Home & Garden,4,327.03,131.35
2025-03-11,West,Sports,5,106.14,31.73
2025-03-12,North,Electronics,4,668.91,261.55
2025-03-12,North,Clothing,13,346.79,132.62
2025-03-12,North,Home & Garden,7,470.79,152.38
2025-03-12,North,Sports,6,217.96,59.29
2025-03-12,South,Electronics,8,463.52,127.23
2025-03-12,South,Clothing,9,229.82,66.13
2025-03-12,South,Home & Garden,8,224.95,67.46
2025-03-12,South,Sports,9,157.98,55.42
2025-03-12,East,Electronics,6,458.37,202.91
2025-03-12,East,Clothing,12,235.28,89.75
2025-03-12,East,Home & Garden,11,368.71,112.35
2025-03-12,East,Sports,9,155.41,64.29
2025-03-12,West,Electronics,10,383.83,132.18
2025-03-12,West,Clothing,8,318.17,138.36
2025-03-12,West,Home & Garden,8,273.83,78.84
2025-03-12,West,Sports,4,183.69,69.1
2025-03-13,North,Electronics,6,755.71,204.04
2025-03-13,North,Clothing,11,147.9,47.38
2025-03-13,North,Home & Garden,6,340.05,103.03
2025-03-13,North,Sports,17,125.86,35.23
2025-03-13,South,Electronics,9,416.39,164.04
2025-03-13,South,Clothing,8,194.54,49.17
2025-03-13,South,Home & Garden,9,363.58,143.68
2025-03-13,South,Sports,14,108.3,44.1
2025-03-13,East,Electronics,7,505.94,185.65
2025-03-13,East,Clothing,11,308.94,79.26
2025-03-13,East,Home & Garden,8,352.42,142.97
2025-03-13,East,Sports,7,199.39,63.39
2025-03-13,West,Electronics,10,428.04,157.67
2025-03-13,West,Clothing,10,246.39,79.69
2025-03-13,West,Home & Garden,9,361.82,105.11
2025-03-13,West,Sports,7,99.2,27.1
2025-03-14,North,Electronics,8,678.96,212.05
2025-03-14,North,Clothing,11,253.06,63.76
2025-03-14,North,Home & Garden,8,306.93,101.37
2025-03-14,North,Sports,4,167.68,62.92
2025-03-14,South,Electronics,9,521.06,164.67
2025-03-14,South,Clothing,3,203.01,82.54
2025-03-14,South,Home & Garden,15,320.03,135.36
2025-03-14,South,Sports,6,139.06,50.7
2025-03-14,East,Electronics,5,688.67,306.75
2025-03-14,East,Clothing,5,260.0,114.2
2025-03-14,East,Home & Garden,14,367.54,143.48
2025-03-14,East,Sports,9,151.48,41.22
2025-03-14,West,Electronics,15,305.32,82.71
2025-03-14,West,Clothing,5,162.11,65.74
2025-03-14,West,Home & Garden,5,424.96,178.26
2025-03-14,West,Sports,10,230.67,81.35
2025-03-15,North,Electronics,10,815.48,265.97
2025-03-15,North,Clothing,12,388.38,134.58
2025-03-15,North,Home & Garden,12,388.47,102.91
2025-03-15,North,Sports,15,196.36,66.23
2025-03-15,South,Electronics,9,543.89,168.75
2025-03-15,South,Clothing,3,270.91,76.06
2025-03-15,South,Home & Garden,11,409.08,181.51
2025-03-15,South,Sports,7,108.13,39.0
2025-03-15,East,Electronics,9,611.6,265.72
2025-03-15,East,Clothing,4,297.57,100.51
2025-03-15,East,Home & Garden,9,369.89,105.03
2025-03-15,East,Sports,13,165.77,65.85
2025-03-15,West,Electronics,8,584.72,161.74
2025-03-15,West,Clothing,15,386.75,122.72
2025-03-15,West,Home & Garden,16,432.99,164.72
2025-03-15,West,Sports,13,145.43,53.56
2025-03-16,North,Electronics,10,616.36,250.24
2025-03-16,North,Clothing,5,281.94,126.22
2025-03-16,North,Home & Garden,13,349.59,87.95
2025-03-16,North,Sports,11,238.67,70.52
2025-03-16,South,Electronics,18,837.97,242.28
2025-03-16,South,Clothing,8,149.23,64.19
2025-03-16,South,Home & Garden,6,340.16,113.6
2025-03-16,South,Sports,6,182.6,66.6
2025-03-16,East,Electronics,12,1265.39,549.6
2025-03-16,East,Clothing,6,420.35,148.97
2025-03-16,East,Home & Garden,16,348.07,91.29
2025-03-16,East,Sports,15,194.41,86.22
2025-03-16,West,Electronics,9,846.26,332.79
2025-03-16,West,Clothing,2,276.65,123.31
2025-03-16,West,Home & Garden,8,616.02,167.8
2025-03-16,West,Sports,6,221.0,85.33
2025-03-17,North,Electronics,6,558.85,244.34
2025-03-17,North,Clothing,9,321.52,90.54
2025-03-17,North,Home & Garden,9,397.35,172.95
2025-03-17,North,Sports,5,165.44,61.16
2025-03-17,South,Electronics,4,423.86,129.34
2025-03-17,South,Clothing,9,117.64,29.65
2025-03-17,South,Home & Garden,13,271.72,87.44
2025-03-17,South,Sports,9,173.89,53.52
2025-03-17,East,Electronics,4,441.82,155.76
2025-03-17,East,Clothing,14,188.06,68.51
2025-03-17,East,Home & Garden,8,470.23,148.24
2025-03-17,East,Sports,7,191.11,75.31
2025-03-17,West,Electronics,11,508.23,153.28
2025-03-17,West,Clothing,5,190.5,81.53
2025-03-17,West,Home & Garden,6,208.37,73.22
2025-03-17,West,Sports,7,119.81,31.19
2025-03-18,North,Electronics,4,451.87,117.11
2025-03-18,North,Clothing,7,246.03,82.29
2025-03-18,North,Home & Garden,10,354.9,108.22
2025-03-18,North,Sports,9,127.35,55.79
2025-03-18,South,Electronics,6,404.48,122.39
2025-03-18,South,Clothing,6,216.06,70.08
2025-03-18,South,Home & Garden,8,265.53,90.59
2025-03-18,South,Sports,5,156.7,64.49
2025-03-18,East,Electronics,12,514.3,169.98
2025-03-18,East,Clothing,7,237.82,69.67
2025-03-18,East,Home & Garden,7,445.89,195.41
2025-03-18,East,Sports,8,230.58,103.04
2025-03-18,West,Electronics,10,758.25,230.53
2025-03-18,West,Clothing,7,172.17,48.66
2025-03-18,West,Home & Garden,7,294.3,129.31
2025-03-18,West,Sports,10,156.38,58.41
2025-03-19,North,Electronics,6,793.05,330.62
2025-03-19,North,Clothing,4,197.82,61.89
2025-03-19,North,Home & Garden,9,420.43,161.53
2025-03-19,North,Sports,11,203.58,80.12
2025-03-19,South,Electronics,6,658.88,232.4
2025-03-19,South,Clothing,8,160.24,52.91
2025-03-19,South,Home & Garden,9,249.87,78.04
2025-03-19,South,Sports,7,134.93,54.18
2025-03-19,East,Electronics,11,678.22,301.37
2025-03-19,East,Clothing,8,266.0,86.5
2025-03-19,East,Home & Garden,12,310.33,95.63
2025-03-19,East,Sports,14,220.89,94.86
2025-03-19,West,Electronics,6,427.93,184.07
2025-03-19,West,Clothing,8,223.68,97.45
2025-03-19,West,Home & Garden,11,287.55,119.61
2025-03-19,West,Sports,11,151.74,58.19
2025-03-20,North,Electronics,5,586.54,232.52
2025-03-20,North,Clothing,15,209.4,77.76
2025-03-20,North,Home & Garden,4,327.94,122.49
2025-03-20,North,Sports,4,185.63,51.28
2025-03-20,South,Electronics,9,461.05,188.0
2025-03-20,South,Clothing,5,177.12,64.09
2025-03-20,South,Home & Garden,5,359.8,143.63
2025-03-20,South,Sports,7,126.98,33.16
2025-03-20,East,Electronics,9,577.0,248.7
2025-03-20,East,Clothing,4,234.72,101.45
2025-03-20,East,Home & Garden,5,351.34,129.6
2025-03-20,East,Sports,6,159.83,66.81
2025-03-20,West,Electronics,11,309.95,116.15
2025-03-20,West,Clothing,10,176.84,63.03
2025-03-20,West,Home & Garden,7,345.02,144.75
2025-03-20,West,Sports,10,175.65,71.49
2025-03-21,North,Electronics,8,765.81,246.81
2025-03-21,North,Clothing,10,268.22,94.02
2025-03-21,North,Home & Garden,9,315.36,120.58
2025-03-21,North,Sports,7,178.75,54.29
2025-03-21,South,Electronics,9,419.89,131.64
2025-03-21,South,Clothing,7,171.96,64.87
2025-03-21,South,Home & Garden,10,343.73,139.24
2025-03-21,South,Sports,7,129.61,46.28
2025-03-21,East,Electronics,8,400.02,123.8
2025-03-21,East,Clothing,8,193.85,53.32
2025-03-21,East,Home & Garden,4,346.02,146.16
2025-03-21,East,Sports,11,182.44,54.27
2025-03-21,West,Electronics,8,657.39,238.91
2025-03-21,West,Clothing,5,210.74,53.01
2025-03-21,West,Home & Garden,10,132.59,56.81
2025-03-21,West,Sports,13,159.17,51.96
2025-03-22,North,Electronics,7,772.94,254.87
2025-03-22,North,Clothing,7,390.44,98.05
2025-03-22,North,Home & Garden,8,405.31,157.73
2025-03-22,North,Sports,8,142.57,55.87
2025-03-22,South,Electronics,4,655.82,192.8
2025-03-22,South,Clothing,10,203.89,89.03
2025-03-22,South,Home & Garden,14,289.7,87.54
2025-03-22,South,Sports,7,198.84,57.58
2025-03-22,East,Electronics,13,755.24,275.55
2025-03-22,East,Clothing,8,326.88,137.32
2025-03-22,East,Home & Garden,9,362.83,144.45
2025-03-22,East,Sports,15,231.53,100.78
2025-03-22,West,Electronics,10,714.53,190.15
2025-03-22,West,Clothing,10,268.32,97.09
2025-03-22,West,Home & Garden,15,390.45,123.51
2025-03-22,West,Sports,9,222.36,71.29
2025-03-23,North,Electronics,13,583.02,199.52
2025-03-23,North,Clothing,7,310.11,112.45
2025-03-23,North,Home & Garden,8,328.68,91.2
2025-03-23,North,Sports,12,238.61,62.18
2025-03-23,South,Electronics,11,616.83,194.25
2025-03-23,South,Clothing,7,240.95,83.87
2025-03-23,South,Home & Garden,14,436.92,114.63
2025-03-23,South,Sports,9,152.6,60.77
2025-03-23,East,Electronics,13,818.45,244.91
2025-03-23,East,Clothing,10,343.58,117.5
2025-03-23,East,Home & Garden,8,576.38,243.59
2025-03-23,East,Sports,12,170.84,71.05
2025-03-23,West,Electronics,9,530.64,139.54
2025-03-23,West,Clothing,6,214.02,73.41
2025-03-23,West,Home & Garden,8,297.68,106.35
2025-03-23,West,Sports,10,201.18,73.08
2025-03-24,North,Electronics,12,634.45,265.68
2025-03-24,North,Clothing,7,261.58,82.44
2025-03-24,North,Home & Garden,5,133.63,36.33
2025-03-24,North,Sports,9,175.68,53.89
2025-03-24,South,Electronics,5,482.6,170.31
2025-03-24,South,Clothing,7,162.76,69.46
2025-03-24,South,Home & Garden,7,246.52,89.52
2025-03-24,South,Sports,5,56.72,24.58
2025-03-24,East,Electronics,6,521.96,144.05
2025-03-24,East,Clothing,3,380.5,162.53
2025-03-24,East,Home & Garden,9,357.13,127.83
2025-03-24,East,Sports,8,149.35,61.39
2025-03-24,West,Electronics,14,404.85,109.87
2025-03-24,West,Clothing,10,175.39,45.95
2025-03-24,West,Home & Garden,9,319.71,131.74
2025-03-24,West,Sports,5,82.92,33.3
2025-03-25,North,Electronics,9,594.98,202.17
2025-03-25,North,Clothing,5,150.38,53.33
2025-03-25,North,Home & Garden,10,268.08,118.17
2025-03-25,North,Sports,11,175.56,63.01
2025-03-25,South,Electronics,7,419.95,130.32
2025-03-25,South,Clothing,13,238.05,62.83
2025-03-25,South,Home & Garden,6,243.67,82.03
2025-03-25,South,Sports,11,118.94,33.21
2025-03-25,East,Electronics,13,619.3,182.95
2025-03-25,East,Clothing,8,185.89,73.93
2025-03-25,East,Home & Garden,7,406.31,163.39
2025-03-25,East,Sports,9,214.02,77.2
2025-03-25,West,Electronics,8,399.25,114.88
2025-03-25,West,Clothing,11,125.53,34.76
2025-03-25,West,Home & Garden,7,309.58,100.85
2025-03-25,West,Sports,4,131.26,46.44
2025-03-26,North,Electronics,9,423.76,182.38
2025-03-26,North,Clothing,6,180.57,80.69
2025-03-26,North,Home & Garden,7,374.46,105.6
2025-03-26,North,Sports,11,96.18,28.02
2025-03-26,South,Electronics,6,426.2,110.59
2025-03-26,South,Clothing,10,164.66,47.22
2025-03-26,South,Home & Garden,9,308.68,124.65
2025-03-26,South,Sports,8,208.5,55.45
2025-03-26,East,Electronics,12,608.75,184.34
2025-03-26,East,Clothing,11,285.63,107.6
2025-03-26,East,Home & Garden,7,398.48,124.81
2025-03-26,East,Sports,8,228.38,76.21
2025-03-26,West,Electronics,11,544.43,142.97
2025-03-26,West,Clothing,6,218.27,64.84
2025-03-26,West,Home & Garden,5,331.12,91.38
2025-03-26,West,Sports,8,149.56,58.75
2025-03-27,North,Electronics,8,595.32,202.95
2025-03-27,North,Clothing,12,288.42,112.21
2025-03-27,North,Home & Garden,13,362.48,127.32
2025-03-27,North,Sports,7,169.82,61.13
2025-03-27,South,Electronics,6,461.76,119.02
2025-03-27,South,Clothing,6,240.06,100.5
2025-03-27,South,Home & Garden,6,228.3,100.79
2025-03-27,South,Sports,8,135.56,59.96
2025-03-27,East,Electronics,7,809.75,215.58
2025-03-27,East,Clothing,10,222.36,70.78
2025-03-27,East,Home & Garden,8,316.23,126.43
2025-03-27,East,Sports,5,199.55,89.22
2025-03-27,West,Electronics,7,450.3,145.54
2025-03-27,West,Clothing,8,178.03,63.02
2025-03-27,West,Home & Garden,11,309.72,114.33
2025-03-27,West,Sports,8,200.09,62.45
2025-03-28,North,Electronics,10,438.91,119.83
2025-03-28,North,Clothing,8,262.41,84.48
2025-03-28,North,Home & Garden,8,212.52,53.49
2025-03-28,North,Sports,8,120.49,49.35
2025-03-28,South,Electronics,6,436.06,123.3
2025-03-28,South,Clothing,12,176.97,62.97
2025-03-28,South,Home & Garden,5,287.37,73.9
2025-03-28,South,Sports,11,158.28,50.16
2025-03-28,East,Electronics,5,388.64,144.0
2025-03-28,East,Clothing,11,206.22,83.87
2025-03-28,East,Home & Garden,9,326.95,133.94
2025-03-28,East,Sports,6,203.97,84.89
2025-03-28,West,Electronics,10,519.33,225.88
2025-03-28,West,Clothing,13,186.02,77.63
2025-03-28,West,Home & Garden,10,388.94,114.96
2025-03-28,West,Sports,2,102.68,37.23
2025-03-29,North,Electronics,11,892.99,269.47
2025-03-29,North,Clothing,7,246.16,94.09
2025-03-29,North,Home & Garden,3,321.09,128.01
2025-03-29,North,Sports,6,255.16,105.99
2025-03-29,South,Electronics,13,481.64,170.98
2025-03-29,South,Clothing,11,118.05,38.21
2025-03-29,South,Home & Garden,12,240.25,62.6
2025-03-29,South,Sports,9,173.24,56.59
2025-03-29,East,Electronics,10,444.92,134.56
2025-03-29,East,Clothing,6,356.11,148.77
2025-03-29,East,Home & Garden,13,343.16,86.95
2025-03-29,East,Sports,7,161.34,46.87
2025-03-29,West,Electronics,11,781.53,324.21
2025-03-29,West,Clothing,8,277.04,77.48
2025-03-29,West,Home & Garden,9,576.89,236.49
2025-03-29,West,Sports,11,141.16,52.14
2025-03-30,North,Electronics,13,636.59,262.54
2025-03-30,North,Clothing,9,356.45,110.25
2025-03-30,North,Home & Garden,9,497.69,209.55
2025-03-30,North,Sports,4,206.74,89.23
2025-03-30,South,Electronics,10,750.38,299.64
2025-03-30,South,Clothing,7,227.13,76.41
2025-03-30,South,Home & Garden,9,229.67,68.42
2025-03-30,South,Sports,9,195.4,59.38
2025-03-30,East,Electronics,7,1006.18,395.7
2025-03-30,East,Clothing,10,315.5,104.59
2025-03-30,East,Home & Garden,6,641.11,214.16
2025-03-30,East,Sports,10,169.11,66.69
2025-03-30,West,Electronics,11,487.45,130.53
2025-03-30,West,Clothing,13,210.0,73.89
2025-03-30,West,Home & Garden,7,325.96,96.73
2025-03-30,West,Sports,10,202.75,63.42
2025-03-31,North,Electronics,6,449.11,112.9
2025-03-31,North,Clothing,12,217.63,74.86
2025-03-31,North,Home & Garden,9,321.92,84.86
2025-03-31,North,Sports,9,163.04,69.19
2025-03-31,South,Electronics,5,361.77,125.4
2025-03-31,South,Clothing,9,174.73,78.31
2025-03-31,South,Home & Garden,4,242.1,65.92
2025-03-31,South,Sports,14,148.5,44.52
2025-03-31,East,Electronics,11,509.01,205.89
2025-03-31,East,Clothing,10,396.12,110.13
2025-03-31,East,Home & Garden,3,203.48,83.88
2025-03-31,East,Sports,8,156.94,41.39
2025-03-31,West,Electronics,5,478.44,131.72
2025-03-31,West,Clothing,6,172.24,63.59
2025-03-31,West,Home & Garden,6,304.77,85.69
2025-03-31,West,Sports,9,162.4,63.21
2025-04-01,North,Electronics,8,451.73,200.72
2025-04-01,North,Clothing,9,164.16,65.09
2025-04-01,North,Home & Garden,5,274.6,80.96
2025-04-01,North,Sports,11,164.72,68.4
2025-04-01,South,Electronics,4,174.5,57.78
2025-04-01,South,Clothing,10,158.45,63.79
2025-04-01,South,Home & Garden,7,220.72,77.88
2025-04-01,South,Sports,6,77.02,28.62
2025-04-01,East,Electronics,10,634.09,274.81
2025-04-01,East,Clothing,7,254.23,70.54
2025-04-01,East,Home & Garden,6,397.48,103.39
2025-04-01,East,Sports,7,232.86,72.22
2025-04-01,West,Electronics,6,469.58,137.57
2025-04-01,West,Clothing,7,159.89,55.9
2025-04-01,West,Home & Garden,12,369.63,127.56
2025-04-01,West,Sports,8,143.45,40.27
2025-04-02,North,Electronics,3,311.41,124.63
2025-04-02,North,Clothing,12,339.92,121.88
2025-04-02,North,Home & Garden,7,282.96,109.33
2025-04-02,North,Sports,14,121.7,34.13
2025-04-02,South,Electronics,7,511.31,174.61
2025-04-02,South,Clothing,8,201.38,65.26
2025-04-02,South,Home & Garden,8,218.22,60.11
2025-04-02,South,Sports,9,142.52,40.36
2025-04-02,East,Electronics,12,889.3,380.2
2025-04-02,East,Clothing,5,290.34,73.97
2025-04-02,East,Home & Garden,4,307.46,91.74
2025-04-02,East,Sports,9,243.32,80.43
2025-04-02,West,Electronics,7,627.36,189.55
2025-04-02,West,Clothing,10,210.56,54.61
2025-04-02,West,Home & Garden,9,329.4,145.37
2025-04-02,West,Sports,9,131.75,54.32
2025-04-03,North,Electronics,4,425.78,132.7
2025-04-03,North,Clothing,6,123.04,46.75
2025-04-03,North,Home & Garden,10,341.28,126.94
2025-04-03,North,Sports,4,186.36,57.38
2025-04-03,South,Electronics,6,495.39,158.2
2025-04-03,South,Clothing,5,192.41,48.16
2025-04-03,South,Home & Garden,9,259.62,65.52
2025-04-03,South,Sports,8,161.67,58.85
2025-04-03,East,Electronics,8,666.66,197.9
2025-04-03,East,Clothing,9,244.31,100.04
2025-04-03,East,Home & Garden,6,483.66,153.06
2025-04-03,East,Sports,9,205.78,77.1
2025-04-03,West,Electronics,7,416.79,128.11
2025-04-03,West,Clothing,6,160.5,54.36
2025-04-03,West,Home & Garden,9,147.99,59.98
2025-04-03,West,Sports,12,60.49,18.27
2025-04-04,North,Electronics,6,549.49,245.28
2025-04-04,North,Clothing,9,309.44,92.63
2025-04-04,North,Home & Garden,6,414.77,170.95
2025-04-04,North,Sports,5,154.53,48.8
2025-04-04,South,Electronics,7,416.96,113.32
2025-04-04,South,Clothing,12,177.51,71.22
2025-04-04,South,Home & Garden,6,301.49,122.93
2025-04-04,South,Sports,13,110.75,36.19
2025-04-04,East,Electronics,12,763.21,330.55
2025-04-04,East,Clothing,6,176.5,59.55
2025-04-04,East,Home & Garden,13,358.65,112.69
2025-04-04,East,Sports,4,217.2,91.03
2025-04-04,West,Electronics,9,470.5,167.45
2025-04-04,West,Clothing,8,201.08,59.89
2025-04-04,West,Home & Garden,5,282.31,72.76
2025-04-04,West,Sports,8,176.17,72.19
2025-04-05,North,Electronics,11,573.96,195.3
2025-04-05,North,Clothing,10,330.07,112.47
2025-04-05,North,Home & Garden,13,282.24,101.1
2025-04-05,North,Sports,13,217.59,79.11
2025-04-05,South,Electronics,9,684.96,288.79
2025-04-05,South,Clothing,9,288.05,79.33
2025-04-05,South,Home & Garden,9,407.68,177.43
2025-04-05,South,Sports,4,93.39,34.42
2025-04-05,East,Electronics,5,682.27,301.3
2025-04-05,East,Clothing,9,256.09,72.58
2025-04-05,East,Home & Garden,13,616.44,227.54
2025-04-05,East,Sports,7,198.27,75.79
2025-04-05,West,Electronics,7,686.61,240.77
2025-04-05,West,Clothing,10,346.48,125.1
2025-04-05,West,Home & Garden,9,355.24,113.06
2025-04-05,West,Sports,12,138.79,53.68
2025-04-06,North,Electronics,12,576.22,161.26
2025-04-06,North,Clothing,9,298.73,94.53
2025-04-06,North,Home & Garden,14,293.81,123.27
2025-04-06,North,Sports,14,225.63,57.85
2025-04-06,South,Electronics,10,830.92,247.93
2025-04-06,South,Clothing,8,208.92,83.26
2025-04-06,South,Home & Garden,14,328.14,143.42
2025-04-06,South,Sports,13,105.97,34.47
2025-04-06,East,Electronics,9,930.39,261.55
2025-04-06,East,Clothing,12,155.16,63.81
2025-04-06,East,Home & Garden,12,331.76,138.84
2025-04-06,East,Sports,15,275.59,82.03
2025-04-06,West,Electronics,6,699.34,288.41
2025-04-06,West,Clothing,15,217.45,97.18
2025-04-06,West,Home & Garden,14,303.28,111.54
2025-04-06,West,Sports,10,296.3,98.56
2025-04-07,North,Electronics,9,717.08,277.07
2025-04-07,North,Clothing,9,271.35,76.87
2025-04-07,North,Home & Garden,7,373.88,155.08
2025-04-07,North,Sports,10,184.32,65.12
2025-04-07,South,Electronics,7,585.56,242.97
2025-04-07,South,Clothing,9,97.47,32.81
2025-04-07,South,Home & Garden,10,320.14,87.0
2025-04-07,South,Sports,9,123.09,36.34
2025-04-07,East,Electronics,5,745.41,243.17
2025-04-07,East,Clothing,5,149.34,39.15
2025-04-07,East,Home & Garden,10,270.08,97.93
2025-04-07,East,Sports,5,177.82,68.35
2025-04-07,West,Electronics,13,630.92,238.06
2025-04-07,West,Clothing,11,258.92,85.12
2025-04-07,West,Home & Garden,10,222.19,84.87
2025-04-07,West,Sports,9,134.93,37.83
2025-04-08,North,Electronics,8,611.51,166.81
2025-04-08,North,Clothing,13,268.06,117.82
2025-04-08,North,Home & Garden,17,267.66,108.53
2025-04-08,North,Sports,3,178.78,77.21
2025-04-08,South,Electronics,12,589.36,240.15
2025-04-08,South,Clothing,6,165.52,55.18
2025-04-08,South,Home & Garden,8,300.25,98.52
2025-04-08,South,Sports,4,171.73,46.52
2025-04-08,East,Electronics,6,854.34,316.62
2025-04-08,East,Clothing,12,255.31,87.19
2025-04-08,East,Home & Garden,9,337.98,123.25
2025-04-08,East,Sports,12,198.72,78.04
2025-04-08,West,Electronics,2,606.37,236.68
2025-04-08,West,Clothing,6,167.75,58.67
2025-04-08,West,Home & Garden,8,244.68,94.67
2025-04-08,West,Sports,8,172.19,53.39
2025-04-09,North,Electronics,11,308.32,131.7
2025-04-09,North,Clothing,6,187.72,55.43
2025-04-09,North,Home & Garden,6,380.05,138.54
2025-04-09,North,Sports,7,200.99,85.07
2025-04-09,South,Electronics,12,551.65,186.13
2025-04-09,South,Clothing,10,246.69,92.52
2025-04-09,South,Home & Garden,10,221.83,66.2
2025-04-09,South,Sports,10,189.41,56.22
2025-04-09,East,Electronics,7,883.97,257.19
2025-04-09,East,Clothing,13,279.03,120.07
2025-04-09,East,Home & Garden,8,243.64,102.77
2025-04-09,East,Sports,9,182.09,76.83
2025-04-09,West,Electronics,5,404.76,181.49
2025-04-09,West,Clothing,5,259.34,76.3
2025-04-09,West,Home & Garden,5,330.24,110.31
2025-04-09,West,Sports,9,167.94,51.98
2025-04-10,North,Electronics,7,556.97,190.49
2025-04-10,North,Clothing,5,216.24,93.54
2025-04-10,North,Home & Garden,7,348.91,150.06
2025-04-10,North,Sports,7,131.71,47.05
2025-04-10,South,Electronics,10,351.01,120.55
2025-04-10,South,Clothing,9,160.44,67.1
2025-04-10,South,Home & Garden,4,384.27,172.22
2025-04-10,South,Sports,6,108.14,48.08
2025-04-10,East,Electronics,5,920.61,308.18
2025-04-10,East,Clothing,9,210.45,57.5
2025-04-10,East,Home & Garden,8,349.07,109.07
2025-04-10,East,Sports,10,224.44,57.4
2025-04-10,West,Electronics,14,509.57,166.15
2025-04-10,West,Clothing,9,199.66,72.51
2025-04-10,West,Home & Garden,5,241.47,103.16
2025-04-10,West,Sports,8,143.81,39.17
2025-04-11,North,Electronics,4,520.07,165.6
2025-04-11,North,Clothing,8,166.75,42.14
2025-04-11,North,Home & Garden,13,336.13,129.56
2025-04-11,North,Sports,11,174.07,64.18
2025-04-11,South,Electronics,6,488.74,169.33
2025-04-11,South,Clothing,6,167.56,53.31
2025-04-11,South,Home & Garden,5,227.87,73.94
2025-04-11,South,Sports,5,122.73,52.61
2025-04-11,East,Electronics,14,637.69,198.88
2025-04-11,East,Clothing,10,269.42,102.2
2025-04-11,East,Home & Garden,12,261.06,76.53
2025-04-11,East,Sports,7,165.42,46.07
2025-04-11,West,Electronics,9,471.34,129.13
2025-04-11,West,Clothing,8,185.89,72.8
2025-04-11,West,Home & Garden,2,305.38,105.72
2025-04-11,West,Sports,8,164.54,60.28
2025-04-12,North,Electronics,8,538.21,188.54
2025-04-12,North,Clothing,10,370.78,163.29
2025-04-12,North,Home & Garden,13,455.01,143.08
2025-04-12,North,Sports,9,213.82,63.14
2025-04-12,South,Electronics,9,649.37,258.5
2025-04-12,South,Clothing,12,213.15,94.99
2025-04-12,South,Home & Garden,15,380.66,113.37
2025-04-12,South,Sports,14,188.6,67.12
2025-04-12,East,Electronics,14,518.22,201.86
2025-04-12,East,Clothing,6,151.02,65.41
2025-04-12,East,Home & Garden,12,488.3,126.26
2025-04-12,East,Sports,13,209.47,62.66
2025-04-12,West,Electronics,15,463.82,134.28
2025-04-12,West,Clothing,10,112.07,43.13
2025-04-12,West,Home & Garden,7,546.91,195.26
2025-04-12,West,Sports,13,242.82,88.41
2025-04-13,North,Electronics,17,529.6,234.36
2025-04-13,North,Clothing,12,513.47,137.61
2025-04-13,North,Home & Garden,6,435.54,126.36
2025-04-13,North,Sports,11,159.28,54.1
2025-04-13,South,Electronics,7,729.0,239.1
2025-04-13,South,Clothing,6,243.16,65.09
2025-04-13,South,Home & Garden,13,432.21,161.86
2025-04-13,South,Sports,10,107.56,34.15
2025-04-13,East,Electronics,11,608.29,173.36
2025-04-13,East,Clothing,10,202.88,73.95
2025-04-13,East,Home & Garden,7,598.35,205.87
2025-04-13,East,Sports,5,179.05,74.5
2025-04-13,West,Electronics,14,551.59,244.6
2025-04-13,West,Clothing,5,349.03,107.11
2025-04-13,West,Home & Garden,12,411.72,138.5
2025-04-13,West,Sports,8,154.38,46.98
2025-04-14,North,Electronics,8,535.83,198.29
2025-04-14,North,Clothing,9,370.97,123.46
2025-04-14,North,Home & Garden,9,272.89,93.76
2025-04-14,North,Sports,9,90.77,39.2
2025-04-14,South,Electronics,8,386.78,169.0
2025-04-14,South,Clothing,6,152.33,39.02
2025-04-14,South,Home & Garden,4,297.47,126.68
2025-04-14,South,Sports,11,155.4,61.9
2025-04-14,East,Electronics,12,706.79,301.53
2025-04-14,East,Clothing,8,254.27,75.19
2025-04-14,East,Home & Garden,7,397.73,115.79
2025-04-14,East,Sports,9,141.4,58.88
2025-04-14,West,Electronics,8,452.78,178.87
2025-04-14,West,Clothing,10,132.96,52.69
2025-04-14,West,Home & Garden,4,182.03,63.74
2025-04-14,West,Sports,9,190.8,81.92
2025-04-15,North,Electronics,8,672.3,216.8
2025-04-15,North,Clothing,6,205.62,81.01
2025-04-15,North,Home & Garden,8,336.06,101.52
2025-04-15,North,Sports,12,118.31,52.97
2025-04-15,South,Electronics,6,347.84,149.31
2025-04-15,South,Clothing,12,220.6,58.71
2025-04-15,South,Home & Garden,14,387.95,106.85
2025-04-15,South,Sports,8,26.15,10.23
2025-04-15,East,Electronics,10,889.31,286.74
2025-04-15,East,Clothing,8,152.13,67.44
2025-04-15,East,Home & Garden,8,484.75,174.13
2025-04-15,East,Sports,9,127.77,50.58
2025-04-15,West,Electronics,7,603.22,221.12
2025-04-15,West,Clothing,6,157.94,47.94
2025-04-15,West,Home & Garden,6,230.16,67.85
2025-04-15,West,Sports,9,95.2,36.29
2025-04-16,North,Electronics,2,834.03,306.42
2025-04-16,North,Clothing,10,296.33,130.55
2025-04-16,North,Home & Garden,5,479.02,185.64
2025-04-16,North,Sports,11,142.89,46.27
2025-04-16,South,Electronics,7,327.1,126.5
2025-04-16,South,Clothing,8,207.22,70.45
2025-04-16,South,Home & Garden,13,175.52,49.07
2025-04-16,South,Sports,4,88.91,27.24
2025-04-16,East,Electronics,12,704.62,202.56
2025-04-16,East,Clothing,9,244.21,79.29
2025-04-16,East,Home & Garden,10,210.63,90.92
2025-04-16,East,Sports,11,228.09,67.91
2025-04-16,West,Electronics,13,505.37,172.54
2025-04-16,West,Clothing,10,191.62,80.39
2025-04-16,West,Home & Garden,7,242.2,72.67
2025-04-16,West,Sports,7,51.34,16.16
2025-04-17,North,Electronics,3,665.65,276.61
2025-04-17,North,Clothing,5,238.96,69.38
2025-04-17,North,Home & Garden,11,294.51,108.31
2025-04-17,North,Sports,13,167.88,61.05
2025-04-17,South,Electronics,3,397.76,161.58
2025-04-17,South,Clothing,7,124.92,34.81
2025-04-17,South,Home & Garden,6,292.6,104.43
2025-04-17,South,Sports,6,95.57,41.27
2025-04-17,East,Electronics,5,687.53,178.16
2025-04-17,East,Clothing,16,134.59,35.02
2025-04-17,East,Home & Garden,9,398.51,154.74
2025-04-17,East,Sports,5,155.12,66.47
2025-04-17,West,Electronics,9,402.59,181.02
2025-04-17,West,Clothing,8,214.32,74.75
2025-04-17,West,Home & Garden,8,365.82,134.72
2025-04-17,West,Sports,8,196.05,73.25
2025-04-18,North,Electronics,9,307.24,137.44
2025-04-18,North,Clothing,8,299.3,127.18
2025-04-18,North,Home & Garden,11,270.22,74.58
2025-04-18,North,Sports,6,154.21,40.08
2025-04-18,South,Electronics,10,202.85,64.94
2025-04-18,South,Clothing,7,197.76,87.82
2025-04-18,South,Home & Garden,12,261.55,90.79
2025-04-18,South,Sports,6,171.81,51.91
2025-04-18,East,Electronics,8,922.03,337.09
2025-04-18,East,Clothing,12,266.58,94.39
2025-04-18,East,Home & Garden,5,346.23,143.68
2025-04-18,East,Sports,11,118.59,51.53
2025-04-18,West,Electronics,8,165.65,74.29
2025-04-18,West,Clothing,5,288.92,93.7
2025-04-18,West,Home & Garden,15,311.32,120.41
2025-04-18,West,Sports,7,146.01,52.41
2025-04-19,North,Electronics,9,571.63,241.52
2025-04-19,North,Clothing,24,271.2,106.36
2025-04-19,North,Home & Garden,10,360.67,110.69
2025-04-19,North,Sports,7,280.42,95.93
2025-04-19,South,Electronics,13,692.43,192.77
2025-04-19,South,Clothing,8,238.77,106.72
2025-04-19,South,Home & Garden,6,377.08,133.49
2025-04-19,South,Sports,10,196.98,70.04
2025-04-19,East,Electronics,9,940.37,381.86
2025-04-19,East,Clothing,6,336.84,137.66
2025-04-19,East,Home & Garden,12,466.15,168.26
2025-04-19,East,Sports,7,237.77,84.47
2025-04-19,West,Electronics,6,664.18,193.63
2025-04-19,West,Clothing,10,297.52,128.17
2025-04-19,West,Home & Garden,14,426.53,128.29
2025-04-19,West,Sports,12,120.86,49.2
2025-04-20,North,Electronics,8,652.75,281.24
2025-04-20,North,Clothing,10,328.54,113.55
2025-04-20,North,Home & Garden,8,555.1,190.49
2025-04-20,North,Sports,6,65.14,20.48
2025-04-20,South,Electronics,8,749.65,191.56
2025-04-20,South,Clothing,11,183.78,65.85
2025-04-20,South,Home & Garden,17,298.89,120.26
2025-04-20,South,Sports,18,259.18,96.55
2025-04-20,East,Electronics,10,636.44,216.29
2025-04-20,East,Clothing,16,272.12,102.51
2025-04-20,East,Home & Garden,12,380.43,145.92
2025-04-20,East,Sports,9,174.3,72.5
2025-04-20,West,Electronics,10,682.52,191.27
2025-04-20,West,Clothing,10,287.05,127.25
2025-04-20,West,Home & Garden,10,465.49,190.74
2025-04-20,West,Sports,8,125.03,51.67
2025-04-21,North,Electronics,8,343.25,149.69
2025-04-21,North,Clothing,6,321.66,105.1
2025-04-21,North,Home & Garden,10,269.89,72.92
2025-04-21,North,Sports,8,181.5,51.17
2025-04-21,South,Electronics,11,331.02,135.6
2025-04-21,South,Clothing,5,237.84,65.87
2025-04-21,South,Home & Garden,12,211.0,55.46
2025-04-21,South,Sports,6,84.14,36.81
2025-04-21,East,Electronics,8,371.92,143.44
2025-04-21,East,Clothing,12,219.05,83.08
2025-04-21,East,Home & Garden,8,498.03,171.17
2025-04-21,East,Sports,9,151.82,53.41
2025-04-21,West,Electronics,6,581.87,224.5
2025-04-21,West,Clothing,11,257.33,82.55
2025-04-21,West,Home & Garden,7,300.9,82.14
2025-04-21,West,Sports,6,175.09,78.06
2025-04-22,North,Electronics,10,222.79,98.24
2025-04-22,North,Clothing,5,261.58,88.82
2025-04-22,North,Home & Garden,9,510.67,212.42
2025-04-22,North,Sports,6,167.42,60.04
2025-04-22,South,Electronics,16,563.99,225.19
2025-04-22,South,Clothing,9,167.41,73.07
2025-04-22,South,Home & Garden,7,298.98,111.4
2025-04-22,South,Sports,7,192.92,84.51
2025-04-22,East,Electronics,5,563.48,199.03
2025-04-22,East,Clothing,11,276.05,103.93
2025-04-22,East,Home & Garden,6,524.01,165.43
2025-04-22,East,Sports,11,233.39,102.71
2025-04-22,West,Electronics,9,526.28,214.21
2025-04-22,West,Clothing,15,269.99,114.14
2025-04-22,West,Home & Garden,4,320.18,123.35
2025-04-22,West,Sports,7,126.8,51.21
2025-04-23,North,Electronics,7,770.49,252.62
2025-04-23,North,Clothing,12,250.18,82.42
2025-04-23,North,Home & Garden,8,307.77,86.76
2025-04-23,North,Sports,13,152.31,59.89
2025-04-23,South,Electronics,6,233.87,80.93
2025-04-23,South,Clothing,11,194.23,83.35
2025-04-23,South,Home & Garden,14,310.61,119.83
2025-04-23,South,Sports,10,171.36,51.48
2025-04-23,East,Electronics,6,747.44,187.26
2025-04-23,East,Clothing,13,253.28,91.6
2025-04-23,East,Home & Garden,2,376.2,138.16
2025-04-23,East,Sports,3,173.09,54.75
2025-04-23,West,Electronics,9,569.52,155.34
2025-04-23,West,Clothing,11,111.04,48.75
2025-04-23,West,Home & Garden,6,354.64,89.3
2025-04-23,West,Sports,6,186.04,62.0
2025-04-24,North,Electronics,9,347.64,105.36
2025-04-24,North,Clothing,6,134.26,53.68
2025-04-24,North,Home & Garden,10,307.19,121.51
2025-04-24,North,Sports,8,46.11,12.05
2025-04-24,South,Electronics,11,404.88,128.79
2025-04-24,South,Clothing,10,210.55,93.2
2025-04-24,South,Home & Garden,13,340.2,143.35
2025-04-24,South,Sports,9,199.63,62.82
2025-04-24,East,Electronics,9,738.65,280.01
2025-04-24,East,Clothing,2,300.37,82.73
2025-04-24,East,Home & Garden,8,371.09,160.78
2025-04-24,East,Sports,5,181.97,77.85
2025-04-24,West,Electronics,4,630.6,257.11
2025-04-24,West,Clothing,6,224.02,87.7
2025-04-24,West,Home & Garden,8,362.74,142.36
2025-04-24,West,Sports,4,161.77,70.2
2025-04-25,North,Electronics,6,552.73,156.14
2025-04-25,North,Clothing,2,148.52,48.11
2025-04-25,North,Home & Garden,7,317.59,124.47
2025-04-25,North,Sports,7,188.76,81.74
2025-04-25,South,Electronics,8,462.04,119.21
2025-04-25,South,Clothing,11,190.96,72.96
2025-04-25,South,Home & Garden,8,407.39,114.93
2025-04-25,South,Sports,10,143.9,54.63
2025-04-25,East,Electronics,12,530.87,138.79
2025-04-25,East,Clothing,13,302.18,84.3
2025-04-25,East,Home & Garden,3,334.31,147.26
2025-04-25,East,Sports,5,252.68,105.75
2025-04-25,West,Electronics,9,420.15,131.31
2025-04-25,West,Clothing,10,170.56,60.4
2025-04-25,West,Home & Garden,5,193.14,70.51
2025-04-25,West,Sports,5,180.52,74.59
2025-04-26,North,Electronics,13,1118.94,451.75
2025-04-26,North,Clothing,14,347.85,123.32
2025-04-26,North,Home & Garden,8,450.66,160.05
2025-04-26,North,Sports,3,157.65,64.04
2025-04-26,South,Electronics,11,358.6,161.04
2025-04-26,South,Clothing,12,248.14,111.19
2025-04-26,South,Home & Garden,10,336.1,122.16
2025-04-26,South,Sports,9,226.61,79.61
2025-04-26,East,Electronics,11,869.69,241.07
2025-04-26,East,Clothing,12,263.94,108.4
2025-04-26,East,Home & Garden,7,437.44,187.89
2025-04-26,East,Sports,10,284.24,117.34
2025-04-26,West,Electronics,12,699.13,254.11
2025-04-26,West,Clothing,8,156.71,70.35
2025-04-26,West,Home & Garden,11,373.9,97.96
2025-04-26,West,Sports,10,195.21,54.52
2025-04-27,North,Electronics,15,757.31,281.3
2025-04-27,North,Clothing,9,174.21,56.95
2025-04-27,North,Home & Garden,11,417.98,143.79
2025-04-27,North,Sports,16,184.92,59.14
2025-04-27,South,Electronics,17,635.25,228.73
2025-04-27,South,Clothing,13,307.54,118.08
2025-04-27,South,Home & Garden,14,504.0,159.05
2025-04-27,South,Sports,11,142.01,38.66
2025-04-27,East,Electronics,9,761.64,225.33
2025-04-27,East,Clothing,13,337.88,146.07
2025-04-27,East,Home & Garden,5,313.21,85.98
2025-04-27,East,Sports,9,284.28,76.72
2025-04-27,West,Electronics,16,711.5,179.48
2025-04-27,West,Clothing,9,185.84,52.49
2025-04-27,West,Home & Garden,10,587.07,260.03
2025-04-27,West,Sports,9,176.47,67.03
2025-04-28,North,Electronics,9,563.35,153.74
2025-04-28,North,Clothing,5,254.49,76.99
2025-04-28,North,Home & Garden,9,377.84,136.7
2025-04-28,North,Sports,7,203.09,62.06
2025-04-28,South,Electronics,8,499.93,140.89
2025-04-28,South,Clothing,8,103.76,27.61
2025-04-28,South,Home & Garden,12,381.81,107.98
2025-04-28,South,Sports,9,151.71,39.83
2025-04-28,East,Electronics,10,729.53,251.33
2025-04-28,East,Clothing,6,166.09,50.72
2025-04-28,East,Home & Garden,10,292.05,102.05
2025-04-28,East,Sports,8,199.69,66.0
2025-04-28,West,Electronics,6,499.31,141.72
2025-04-28,West,Clothing,6,182.22,77.99
2025-04-28,West,Home & Garden,12,271.1,73.48
2025-04-28,West,Sports,12,140.1,37.04
2025-04-29,North,Electronics,18,862.84,379.95
2025-04-29,North,Clothing,8,227.98,87.85
2025-04-29,North,Home & Garden,8,298.04,86.76
2025-04-29,North,Sports,6,145.42,51.65
2025-04-29,South,Electronics,14,529.3,140.21
2025-04-29,South,Clothing,5,206.06,66.62
2025-04-29,South,Home & Garden,8,292.74,111.84
2025-04-29,South,Sports,12,117.82,50.32
2025-04-29,East,Electronics,11,440.52,129.21
2025-04-29,East,Clothing,5,216.73,77.07
2025-04-29,East,Home & Garden,6,395.55,168.37
2025-04-29,East,Sports,5,200.51,88.77
2025-04-29,West,Electronics,13,367.44,134.16
2025-04-29,West,Clothing,8,182.87,53.2
2025-04-29,West,Home & Garden,6,247.35,100.63
2025-04-29,West,Sports,10,180.79,50.94
2025-04-30,North,Electronics,16,567.42,173.34
2025-04-30,North,Clothing,7,151.29,53.92
2025-04-30,North,Home & Garden,9,375.54,127.73
2025-04-30,North,Sports,8,150.07,43.07
2025-04-30,South,Electronics,17,625.64,214.09
2025-04-30,South,Clothing,6,208.32,93.67
2025-04-30,South,Home & Garden,5,288.47,90.5
2025-04-30,South,Sports,13,149.73,62.28
2025-04-30,East,Electronics,17,803.32,357.47
2025-04-30,East,Clothing,8,238.45,90.13
2025-04-30,East,Home & Garden,7,327.95,133.92
2025-04-30,East,Sports,7,125.22,40.59
2025-04-30,West,Electronics,4,713.44,227.01
2025-04-30,West,Clothing,9,186.69,59.49
2025-04-30,West,Home & Garden,7,377.47,160.26
2025-04-30,West,Sports,5,244.79,71.05
2025-05-01,North,Electronics,7,686.76,260.18
2025-05-01,North,Clothing,9,207.18,77.84
2025-05-01,North,Home & Garden,5,229.8,90.24
2025-05-01,North,Sports,11,173.11,43.85
2025-05-01,South,Electronics,4,283.33,85.68
2025-05-01,South,Clothing,6,190.2,60.24
2025-05-01,South,Home & Garden,9,320.2,119.66
2025-05-01,South,Sports,5,151.43,61.14
2025-05-01,East,Electronics,5,688.57,270.75
2025-05-01,East,Clothing,9,247.49,77.35
2025-05-01,East,Home & Garden,7,347.21,152.55
2025-05-01,East,Sports,7,85.53,21.58
2025-05-01,West,Electronics,5,599.59,239.66
2025-05-01,West,Clothing,7,174.61,77.56
2025-05-01,West,Home & Garden,10,327.23,98.89
2025-05-01,West,Sports,8,71.45,25.2
2025-05-02,North,Electronics,6,796.85,202.02
2025-05-02,North,Clothing,6,180.67,46.54
2025-05-02,North,Home & Garden,8,226.81,65.03
2025-05-02,North,Sports,3,133.22,55.24
2025-05-02,South,Electronics,4,597.32,225.09
2025-05-02,South,Clothing,2,123.71,42.43
2025-05-02,South,Home & Garden,7,301.41,89.47
2025-05-02,South,Sports,11,112.77,46.22
2025-05-02,East,Electronics,8,516.32,218.15
2025-05-02,East,Clothing,5,305.1,107.69
2025-05-02,East,Home & Garden,7,305.4,105.21
2025-05-02,East,Sports,9,159.3,57.92
2025-05-02,West,Electronics,3,507.18,158.74
2025-05-02,West,Clothing,10,69.07,26.4
2025-05-02,West,Home & Garden,6,227.29,85.06
2025-05-02,West,Sports,6,194.1,71.28
2025-05-03,North,Electronics,14,881.76,360.59
2025-05-03,North,Clothing,12,315.55,140.68
2025-05-03,North,Home & Garden,7,215.5,82.26
2025-05-03,North,Sports,13,254.55,71.74
2025-05-03,South,Electronics,10,489.43,133.76
2025-05-03,South,Clothing,10,180.93,64.12
2025-05-03,South,Home & Garden,10,246.35,89.5
2025-05-03,South,Sports,11,132.69,58.19
2025-05-03,East,Electronics,8,668.12,170.28
2025-05-03,East,Clothing,12,363.35,162.81
2025-05-03,East,Home & Garden,5,361.1,111.92
2025-05-03,East,Sports,15,248.77,93.1
2025-05-03,West,Electronics,9,1172.16,430.04
2025-05-03,West,Clothing,10,201.39,83.61
2025-05-03,West,Home & Garden,13,413.39,180.01
2025-05-03,West,Sports,13,97.25,33.12
2025-05-04,North,Electronics,11,644.5,222.02
2025-05-04,North,Clothing,14,288.22,108.17
2025-05-04,North,Home & Garden,8,427.39,183.7
2025-05-04,North,Sports,8,97.64,39.47
2025-05-04,South,Electronics,11,426.66,161.26
2025-05-04,South,Clothing,13,311.46,79.33
2025-05-04,South,Home & Garden,10,323.47,141.7
2025-05-04,South,Sports,6,193.23,62.12
2025-05-04,East,Electronics,9,817.52,298.49
2025-05-04,East,Clothing,16,178.07,63.85
2025-05-04,East,Home & Garden,9,610.64,200.38
2025-05-04,East,Sports,6,225.37,90.29
2025-05-04,West,Electronics,5,542.45,173.92
2025-05-04,West,Clothing,17,209.45,81.19
2025-05-04,West,Home & Garden,15,439.28,156.52
2025-05-04,West,Sports,11,96.79,41.86
2025-05-05,North,Electronics,11,690.24,290.9
2025-05-05,North,Clothing,8,132.87,35.71
2025-05-05,North,Home & Garden,9,386.99,172.4
2025-05-05,North,Sports,8,171.18,76.65
2025-05-05,South,Electronics,8,480.33,181.42
2025-05-05,South,Clothing,8,175.31,57.43
2025-05-05,South,Home & Garden,6,228.14,81.95
2025-05-05,South,Sports,8,188.06,74.48
2025-05-05,East,Electronics,9,670.1,202.55
2025-05-05,East,Clothing,11,219.73,72.87
2025-05-05,East,Home & Garden,7,198.01,77.22
2025-05-05,East,Sports,4,119.79,47.18
2025-05-05,West,Electronics,6,694.63,246.4
2025-05-05,West,Clothing,9,262.51,81.23
2025-05-05,West,Home & Garden,7,263.71,78.98
2025-05-05,West,Sports,5,60.22,24.18
2025-05-06,North,Electronics,7,749.19,207.22
2025-05-06,North,Clothing,3,123.8,52.32
2025-05-06,North,Home & Garden,9,217.5,84.74
2025-05-06,North,Sports,17,192.81,61.37
2025-05-06,South,Electronics,9,336.78,147.31
2025-05-06,South,Clothing,15,224.09,62.42
2025-05-06,South,Home & Garden,7,231.43,77.04
2025-05-06,South,Sports,9,161.15,71.23
2025-05-06,East,Electronics,9,644.83,175.02
2025-05-06,East,Clothing,7,216.15,75.31
2025-05-06,East,Home & Garden,12,402.31,179.57
2025-05-06,East,Sports,5,188.64,78.69
2025-05-06,West,Electronics,13,660.94,242.75
2025-05-06,West,Clothing,2,312.84,119.3
2025-05-06,West,Home & Garden,6,352.29,122.43
2025-05-06,West,Sports,12,143.98,40.66
2025-05-07,North,Electronics,10,332.64,102.79
2025-05-07,North,Clothing,5,234.01,97.02
2025-05-07,North,Home & Garden,5,343.07,86.99
2025-05-07,North,Sports,8,158.28,46.3
2025-05-07,South,Electronics,7,453.26,141.5
2025-05-07,South,Clothing,11,147.89,53.79
2025-05-07,South,Home & Garden,7,251.29,101.44
2025-05-07,South,Sports,10,150.19,55.89
2025-05-07,East,Electronics,5,498.86,190.17
2025-05-07,East,Clothing,1,345.67,95.41
2025-05-07,East,Home & Garden,9,459.6,131.28
2025-05-07,East,Sports,4,260.24,65.07
2025-05-07,West,Electronics,9,567.49,249.79
2025-05-07,West,Clothing,7,244.58,106.1
2025-05-07,West,Home & Garden,7,269.58,119.52
2025-05-07,West,Sports,10,175.54,56.38
2025-05-08,North,Electronics,8,595.56,171.93
2025-05-08,North,Clothing,13,264.64,74.85
2025-05-08,North,Home & Garden,12,236.54,65.61
2025-05-08,North,Sports,10,233.09,71.89
2025-05-08,South,Electronics,10,314.89,110.99
2025-05-08,South,Clothing,9,182.47,80.32
2025-05-08,South,Home & Garden,9,418.25,160.16
2025-05-08,South,Sports,5,135.9,53.54
2025-05-08,East,Electronics,3,611.92,240.82
2025-05-08,East,Clothing,6,192.84,81.75
2025-05-08,East,Home & Garden,4,349.74,144.43
2025-05-08,East,Sports,11,245.71,77.41
2025-05-08,West,Electronics,9,642.25,197.47
2025-05-08,West,Clothing,6,193.49,68.39
2025-05-08,West,Home & Garden,8,279.78,89.39
2025-05-08,West,Sports,13,186.44,49.43
2025-05-09,North,Electronics,8,569.81,159.46
2025-05-09,North,Clothing,9,136.51,42.68
2025-05-09,North,Home & Garden,4,345.27,123.16
2025-05-09,North,Sports,7,219.39,56.38
2025-05-09,South,Electronics,10,525.42,212.83
2025-05-09,South,Clothing,6,163.33,71.26
2025-05-09,South,Home & Garden,10,132.86,33.36
2025-05-09,South,Sports,8,118.35,52.46
2025-05-09,East,Electronics,12,577.9,207.66
2025-05-09,East,Clothing,8,283.25,124.97
2025-05-09,East,Home & Garden,15,245.78,77.63
2025-05-09,East,Sports,8,230.2,88.54
2025-05-09,West,Electronics,8,496.9,222.92
2025-05-09,West,Clothing,6,294.09,82.06
2025-05-09,West,Home & Garden,8,375.13,162.4
2025-05-09,West,Sports,11,155.57,49.24
2025-05-10,North,Electronics,8,893.9,378.58
2025-05-10,North,Clothing,14,237.86,95.84
2025-05-10,North,Home & Garden,9,477.96,144.97
2025-05-10,North,Sports,13,256.55,73.4
2025-05-10,South,Electronics,7,621.37,246.67
2025-05-10,South,Clothing,10,178.95,69.66
2025-05-10,South,Home & Garden,8,349.69,125.44
2025-05-10,South,Sports,8,141.21,42.27
2025-05-10,East,Electronics,15,716.05,195.4
2025-05-10,East,Clothing,4,319.29,121.59
2025-05-10,East,Home & Garden,8,607.08,176.11
2025-05-10,East,Sports,11,185.08,74.64
2025-05-10,West,Electronics,11,708.7,283.54
2025-05-10,West,Clothing,10,237.46,103.44
2025-05-10,West,Home & Garden,12,265.25,103.48
2025-05-10,West,Sports,7,161.65,67.27
2025-05-11,North,Electronics,15,1142.22,471.53
2025-05-11,North,Clothing,7,259.64,83.13
2025-05-11,North,Home & Garden,6,312.88,131.96
2025-05-11,North,Sports,14,249.02,74.6
2025-05-11,South,Electronics,9,368.57,152.17
2025-05-11,South,Clothing,15,295.97,88.19
2025-05-11,South,Home & Garden,10,85.17,25.84
2025-05-11,South,Sports,6,194.15,79.6
2025-05-11,East,Electronics,13,955.78,367.79
2025-05-11,East,Clothing,8,264.99,90.55
2025-05-11,East,Home & Garden,10,539.09,143.58
2025-05-11,East,Sports,11,249.48,92.16
2025-05-11,West,Electronics,14,783.72,251.7
2025-05-11,West,Clothing,13,321.9,121.77
2025-05-11,West,Home & Garden,10,325.41,99.01
2025-05-11,West,Sports,15,198.49,79.57
2025-05-12,North,Electronics,7,585.73,190.11
2025-05-12,North,Clothing,7,279.44,118.8
2025-05-12,North,Home & Garden,15,334.08,106.15
2025-05-12,North,Sports,12,195.81,54.42
2025-05-12,South,Electronics,5,345.06,102.65
2025-05-12,South,Clothing,7,155.17,61.19
2025-05-12,South,Home & Garden,6,424.63,173.75
2025-05-12,South,Sports,11,125.5,38.17
2025-05-12,East,Electronics,8,455.1,202.18
2025-05-12,East,Clothing,7,268.06,101.48
2025-05-12,East,Home & Garden,13,477.35,201.92
2025-05-12,East,Sports,9,242.01,108.33
2025-05-12,West,Electronics,8,592.34,212.26
2025-05-12,West,Clothing,9,224.0,91.57
2025-05-12,West,Home & Garden,5,284.73,117.44
2025-05-12,West,Sports,6,120.68,35.04
2025-05-13,North,Electronics,11,403.49,169.62
2025-05-13,North,Clothing,11,157.67,56.11
2025-05-13,North,Home & Garden,11,218.11,72.59
2025-05-13,North,Sports,12,153.18,64.46
2025-05-13,South,Electronics,8,464.92,147.43
2025-05-13,South,Clothing,7,83.52,24.02
2025-05-13,South,Home & Garden,6,308.41,122.66
2025-05-13,South,Sports,7,138.65,37.21
2025-05-13,East,Electronics,8,868.69,294.52
2025-05-13,East,Clothing,9,264.15,109.94
2025-05-13,East,Home & Garden,9,365.83,100.38
2025-05-13,East,Sports,10,204.7,83.82
2025-05-13,West,Electronics,9,720.9,284.11
2025-05-13,West,Clothing,10,236.5,75.52
2025-05-13,West,Home & Garden,7,326.16,102.92
2025-05-13,West,Sports,11,133.94,39.7
2025-05-14,North,Electronics,7,654.01,205.44
2025-05-14,North,Clothing,4,245.98,94.14
2025-05-14,North,Home & Garden,7,406.33,163.5
2025-05-14,North,Sports,7,177.39,61.55
2025-05-14,South,Electronics,6,681.69,303.59
2025-05-14,South,Clothing,7,155.96,57.2
2025-05-14,South,Home & Garden,11,161.08,70.38
2025-05-14,South,Sports,5,164.62,48.57
2025-05-14,East,Electronics,8,687.06,267.99
2025-05-14,East,Clothing,8,344.92,146.17
2025-05-14,East,Home & Garden,10,499.77,205.35
2025-05-14,East,Sports,10,228.12,63.79
2025-05-14,West,Electronics,9,647.69,291.32
2025-05-14,West,Clothing,10,206.99,73.38
2025-05-14,West,Home & Garden,8,328.11,140.71
2025-05-14,West,Sports,7,200.02,55.09
2025-05-15,North,Electronics,7,589.76,169.98
2025-05-15,North,Clothing,10,211.93,79.09
2025-05-15,North,Home & Garden,6,479.06,120.93
2025-05-15,North,Sports,7,217.94,55.06
2025-05-15,South,Electronics,6,461.99,180.86
2025-05-15,South,Clothing,9,210.0,76.47
2025-05-15,South,Home & Garden,8,272.98,109.44
2025-05-15,South,Sports,6,160.93,53.48
2025-05-15,East,Electronics,9,604.39,178.93
2025-05-15,East,Clothing,10,345.72,100.05
2025-05-15,East,Home & Garden,9,245.57,73.93
2025-05-15,East,Sports,6,136.04,54.88
2025-05-15,West,Electronics,7,608.73,210.02
2025-05-15,West,Clothing,15,221.65,79.95
2025-05-15,West,Home & Garden,8,254.63,65.56
2025-05-15,West,Sports,6,186.05,73.04
2025-05-16,North,Electronics,6,861.37,252.87
2025-05-16,North,Clothing,8,179.45,75.27
2025-05-16,North,Home & Garden,9,164.22,72.73
2025-05-16,North,Sports,6,163.39,52.76
2025-05-16,South,Electronics,3,499.7,181.69
2025-05-16,South,Clothing,8,137.71,53.15
2025-05-16,South,Home & Garden,9,298.16,93.26
2025-05-16,South,Sports,8,192.27,86.18
2025-05-16,East,Electronics,13,628.65,247.57
2025-05-16,East,Clothing,11,217.78,77.59
2025-05-16,East,Home & Garden,8,313.53,113.18
2025-05-16,East,Sports,7,181.38,77.6
2025-05-16,West,Electronics,5,577.89,256.75
2025-05-16,West,Clothing,9,157.7,48.21
2025-05-16,West,Home & Garden,9,291.34,118.6
2025-05-16,West,Sports,9,137.21,42.28
2025-05-17,North,Electronics,12,814.06,234.28
2025-05-17,North,Clothing,6,300.11,115.93
2025-05-17,North,Home & Garden,11,420.34,134.46
2025-05-17,North,Sports,7,285.07,128.23
2025-05-17,South,Electronics,8,448.08,121.61
2025-05-17,South,Clothing,9,142.44,57.34
2025-05-17,South,Home & Garden,13,401.89,110.15
2025-05-17,South,Sports,9,219.74,70.75
2025-05-17,East,Electronics,16,757.47,299.01
2025-05-17,East,Clothing,8,225.47,100.35
2025-05-17,East,Home & Garden,17,387.61,107.63
2025-05-17,East,Sports,7,231.98,103.98
2025-05-17,West,Electronics,16,593.95,187.4
2025-05-17,West,Clothing,14,144.32,60.06
2025-05-17,West,Home & Garden,12,233.55,98.02
2025-05-17,West,Sports,8,228.08,78.37
2025-05-18,North,Electronics,20,652.35,165.09
2025-05-18,North,Clothing,9,363.54,111.95
2025-05-18,North,Home & Garden,14,489.51,202.28
2025-05-18,North,Sports,10,255.23,98.27
2025-05-18,South,Electronics,11,735.26,257.96
2025-05-18,South,Clothing,12,221.74,58.48
2025-05-18,South,Home & Garden,12,489.86,217.02
2025-05-18,South,Sports,14,157.59,45.82
2025-05-18,East,Electronics,13,804.8,349.74
2025-05-18,East,Clothing,8,526.44,141.74
2025-05-18,East,Home & Garden,10,446.84,196.63
2025-05-18,East,Sports,7,136.35,44.53
2025-05-18,West,Electronics,10,369.34,110.25
2025-05-18,West,Clothing,7,203.62,65.13
2025-05-18,West,Home & Garden,4,454.36,190.48
2025-05-18,West,Sports,8,134.52,47.21
2025-05-19,North,Electronics,9,863.94,324.0
2025-05-19,North,Clothing,7,239.44,81.29
2025-05-19,North,Home & Garden,8,230.37,93.3
2025-05-19,North,Sports,9,106.3,41.5
2025-05-19,South,Electronics,5,359.55,153.09
2025-05-19,South,Clothing,1,159.08,39.85
2025-05-19,South,Home & Garden,8,384.63,170.13
2025-05-19,South,Sports,8,122.2,37.47
2025-05-19,East,Electronics,9,551.19,159.22
2025-05-19,East,Clothing,13,171.93,70.14
2025-05-19,East,Home & Garden,7,334.03,92.4
2025-05-19,East,Sports,4,233.84,70.6
2025-05-19,West,Electronics,6,550.3,203.22
2025-05-19,West,Clothing,7,121.44,30.65
2025-05-19,West,Home & Garden,12,389.05,153.33
2025-05-19,West,Sports,5,185.61,69.44
2025-05-20,North,Electronics,5,735.82,266.61
2025-05-20,North,Clothing,7,253.29,105.62
2025-05-20,North,Home & Garden,10,358.62,136.74
2025-05-20,North,Sports,9,191.15,69.5
2025-05-20,South,Electronics,7,347.17,90.7
2025-05-20,South,Clothing,3,169.39,75.19
2025-05-20,South,Home & Garden,6,332.26,122.22
2025-05-20,South,Sports,5,141.24,51.38
2025-05-20,East,Electronics,10,555.92,240.75
2025-05-20,East,Clothing,7,345.6,141.44
2025-05-20,East,Home & Garden,6,420.37,171.49
2025-05-20,East,Sports,6,122.56,42.59
2025-05-20,West,Electronics,4,455.3,123.45
2025-05-20,West,Clothing,10,244.45,104.28
2025-05-20,West,Home & Garden,5,305.75,101.1
2025-05-20,West,Sports,6,151.5,43.28
2025-05-21,North,Electronics,7,553.8,153.41
2025-05-21,North,Clothing,9,255.52,112.72
2025-05-21,North,Home & Garden,7,347.94,94.7
2025-05-21,North,Sports,7,186.78,78.78
2025-05-21,South,Electronics,9,402.69,139.42
2025-05-21,South,Clothing,12,123.94,55.23
2025-05-21,South,Home & Garden,11,255.48,81.96
2025-05-21,South,Sports,9,155.51,44.53
2025-05-21,East,Electronics,9,677.7,170.83
2025-05-21,East,Clothing,7,267.03,113.99
2025-05-21,East,Home & Garden,6,264.71,113.13
2025-05-21,East,Sports,6,214.19,77.29
2025-05-21,West,Electronics,8,614.15,172.62
2025-05-21,West,Clothing,11,217.17,54.5
2025-05-21,West,Home & Garden,9,148.51,43.72
2025-05-21,West,Sports,11,135.33,41.44
2025-05-22,North,Electronics,8,472.04,186.28
2025-05-22,North,Clothing,13,220.42,93.37
2025-05-22,North,Home & Garden,7,444.98,176.38
2025-05-22,North,Sports,9,205.5,65.23
2025-05-22,South,Electronics,8,389.75,158.6
2025-05-22,South,Clothing,18,209.83,88.56
2025-05-22,South,Home & Garden,8,275.63,82.29
2025-05-22,South,Sports,6,139.33,37.33
2025-05-22,East,Electronics,14,455.15,178.42
2025-05-22,East,Clothing,7,209.41,57.23
2025-05-22,East,Home & Garden,13,366.26,107.16
2025-05-22,East,Sports,9,202.91,58.23
2025-05-22,West,Electronics,8,615.5,238.29
2025-05-22,West,Clothing,10,200.25,72.37
2025-05-22,West,Home & Garden,5,289.08,123.99
2025-05-22,West,Sports,11,134.06,57.84
2025-05-23,North,Electronics,10,484.47,217.4
2025-05-23,North,Clothing,5,282.11,89.02
2025-05-23,North,Home & Garden,14,297.67,86.51
2025-05-23,North,Sports,7,152.51,68.05
2025-05-23,South,Electronics,4,568.25,242.4
2025-05-23,South,Clothing,5,118.49,38.02
2025-05-23,South,Home & Garden,7,312.76,107.56
2025-05-23,South,Sports,13,155.07,60.94
2025-05-23,East,Electronics,10,812.35,261.43
2025-05-23,East,Clothing,11,222.79,59.42
2025-05-23,East,Home & Garden,5,293.36,101.79
2025-05-23,East,Sports,12,242.71,101.69
2025-05-23,West,Electronics,3,593.48,192.45
2025-05-23,West,Clothing,12,242.98,86.85
2025-05-23,West,Home & Garden,9,134.56,44.11
2025-05-23,West,Sports,11,153.44,65.22
2025-05-24,North,Electronics,9,651.55,164.85
2025-05-24,North,Clothing,14,238.32,95.2
2025-05-24,North,Home & Garden,11,305.68,125.97
2025-05-24,North,Sports,13,209.66,76.74
2025-05-24,South,Electronics,15,425.94,167.52
2025-05-24,South,Clothing,8,278.47,77.62
2025-05-24,South,Home & Garden,10,220.15,84.34
2025-05-24,South,Sports,12,150.67,47.47
2025-05-24,East,Electronics,17,827.79,211.11
2025-05-24,East,Clothing,13,385.9,109.61
2025-05-24,East,Home & Garden,17,431.47,171.48
2025-05-24,East,Sports,9,220.67,65.43
2025-05-24,West,Electronics,7,885.13,250.99
2025-05-24,West,Clothing,8,299.55,112.97
2025-05-24,West,Home & Garden,13,354.77,123.03
2025-05-24,West,Sports,9,136.25,37.96
2025-05-25,North,Electronics,13,425.68,170.57
2025-05-25,North,Clothing,8,244.38,100.94
2025-05-25,North,Home & Garden,9,576.16,145.01
2025-05-25,North,Sports,11,266.65,100.06
2025-05-25,South,Electronics,12,692.85,225.37
2025-05-25,South,Clothing,16,294.08,123.1
2025-05-25,South,Home & Garden,11,379.5,166.94
2025-05-25,South,Sports,14,185.68,53.37
2025-05-25,East,Electronics,6,1089.8,395.62
2025-05-25,East,Clothing,12,155.85,53.02
2025-05-25,East,Home & Garden,7,509.69,154.55
2025-05-25,East,Sports,8,214.08,79.9
2025-05-25,West,Electronics,11,631.35,208.14
2025-05-25,West,Clothing,6,388.75,118.5
2025-05-25,West,Home & Garden,14,406.73,167.55
2025-05-25,West,Sports,11,199.96,80.7
2025-05-26,North,Electronics,5,490.19,219.31
2025-05-26,North,Clothing,6,240.42,71.51
2025-05-26,North,Home & Garden,12,531.7,187.63
2025-05-26,North,Sports,4,83.48,29.52
2025-05-26,South,Electronics,8,368.83,162.44
2025-05-26,South,Clothing,6,120.12,45.12
2025-05-26,South,Home & Garden,10,255.24,108.45
2025-05-26,South,Sports,11,89.84,28.16
2025-05-26,East,Electronics,5,372.06,162.15
2025-05-26,East,Clothing,6,205.62,56.24
2025-05-26,East,Home & Garden,5,384.59,121.76
2025-05-26,East,Sports,8,276.81,103.15
2025-05-26,West,Electronics,5,725.44,229.27
2025-05-26,West,Clothing,9,177.15,52.44
2025-05-26,West,Home & Garden,7,337.65,121.44
2025-05-26,West,Sports,9,225.98,61.06
2025-05-27,North,Electronics,5,453.5,190.42
2025-05-27,North,Clothing,6,256.43,87.96
2025-05-27,North,Home & Garden,11,371.75,125.7
2025-05-27,North,Sports,6,175.27,70.22
2025-05-27,South,Electronics,9,414.6,160.29
2025-05-27,South,Clothing,8,193.02,85.32
2025-05-27,South,Home & Garden,9,133.71,40.78
2025-05-27,South,Sports,8,112.15,35.73
2025-05-27,East,Electronics,7,823.88,248.19
2025-05-27,East,Clothing,7,222.32,99.88
2025-05-27,East,Home & Garden,10,305.38,80.67
2025-05-27,East,Sports,7,205.79,81.19
2025-05-27,West,Electronics,6,394.92,100.14
2025-05-27,West,Clothing,10,215.94,90.25
2025-05-27,West,Home & Garden,6,286.99,108.51
2025-05-27,West,Sports,8,139.3,49.73
2025-05-28,North,Electronics,3,608.83,173.92
2025-05-28,North,Clothing,10,237.99,66.27
2025-05-28,North,Home & Garden,7,269.41,77.78
2025-05-28,North,Sports,12,143.21,51.08
2025-05-28,South,Electronics,9,464.81,136.5
2025-05-28,South,Clothing,6,170.64,74.78
2025-05-28,South,Home & Garden,4,314.61,138.79
2025-05-28,South,Sports,10,183.1,75.32
2025-05-28,East,Electronics,8,248.6,110.1
2025-05-28,East,Clothing,6,222.38,62.03
2025-05-28,East,Home & Garden,5,411.88,157.64
2025-05-28,East,Sports,9,101.4,39.21
2025-05-28,West,Electronics,2,512.01,170.63
2025-05-28,West,Clothing,12,176.29,66.85
2025-05-28,West,Home & Garden,14,316.54,104.97
2025-05-28,West,Sports,11,144.11,63.26
2025-05-29,North,Electronics,7,361.61,113.95
2025-05-29,North,Clothing,9,262.69,83.37
2025-05-29,North,Home & Garden,10,240.32,90.53
2025-05-29,North,Sports,11,142.42,37.35
2025-05-29,South,Electronics,7,496.49,145.28
2025-05-29,South,Clothing,5,177.53,68.82
2025-05-29,South,Home & Garden,4,229.28,60.28
2025-05-29,South,Sports,1,105.01,31.72
2025-05-29,East,Electronics,13,729.72,244.64
2025-05-29,East,Clothing,6,237.02,95.98
2025-05-29,East,Home & Garden,9,388.12,151.58
2025-05-29,East,Sports,10,272.57,120.06
2025-05-29,West,Electronics,4,572.13,153.98
2025-05-29,West,Clothing,5,167.94,66.59
2025-05-29,West,Home & Garden,3,209.08,85.92
2025-05-29,West,Sports,10,155.69,42.58
2025-05-30,North,Electronics,10,544.23,235.99
2025-05-30,North,Clothing,7,194.42,70.05
2025-05-30,North,Home & Garden,9,348.43,128.66
2025-05-30,North,Sports,8,196.21,79.62
2025-05-30,South,Electronics,9,427.25,160.02
2025-05-30,South,Clothing,16,125.87,52.42
2025-05-30,South,Home & Garden,8,391.79,108.62
2025-05-30,South,Sports,7,169.0,70.02
2025-05-30,East,Electronics,12,598.02,178.1
2025-05-30,East,Clothing,12,185.45,71.49
2025-05-30,East,Home & Garden,6,320.98,115.31
2025-05-30,East,Sports,9,217.32,61.73
2025-05-30,West,Electronics,4,536.07,153.26
2025-05-30,West,Clothing,5,124.44,55.54
2025-05-30,West,Home & Garden,4,348.74,92.4
2025-05-30,West,Sports,12,162.85,65.7
2025-05-31,North,Electronics,8,396.15,128.41
2025-05-31,North,Clothing,13,407.92,109.82
2025-05-31,North,Home & Garden,4,488.27,210.08
2025-05-31,North,Sports,9,138.53,37.58
2025-05-31,South,Electronics,11,491.74,154.57
2025-05-31,South,Clothing,9,309.37,103.02
2025-05-31,South,Home & Garden,7,380.37,141.31
2025-05-31,South,Sports,11,144.97,56.24
2025-05-31,East,Electronics,4,853.95,307.58
2025-05-31,East,Clothing,7,273.58,100.24
2025-05-31,East,Home & Garden,12,541.23,214.84
2025-05-31,East,Sports,12,161.51,55.65
2025-05-31,West,Electronics,8,506.51,188.62
2025-05-31,West,Clothing,5,314.16,115.36
2025-05-31,West,Home & Garden,11,551.65,213.19
2025-05-31,West,Sports,8,161.67,65.0
2025-06-01,North,Electronics,13,923.62,232.35
2025-06-01,North,Clothing,14,272.99,105.94
2025-06-01,North,Home & Garden,9,421.92,188.2
2025-06-01,North,Sports,14,171.77,61.16
2025-06-01,South,Electronics,8,747.45,241.31
2025-06-01,South,Clothing,11,214.73,84.44
2025-06-01,South,Home & Garden,8,251.39,105.85
2025-06-01,South,Sports,13,165.69,63.9
2025-06-01,East,Electronics,11,932.2,353.83
2025-06-01,East,Clothing,9,314.36,132.36
2025-06-01,East,Home & Garden,5,262.84,90.91
2025-06-01,East,Sports,8,225.35,73.44
2025-06-01,West,Electronics,10,475.22,148.28
2025-06-01,West,Clothing,4,311.18,95.02
2025-06-01,West,Home & Garden,12,342.81,132.07
2025-06-01,West,Sports,11,170.12,59.6
2025-06-02,North,Electronics,10,587.87,219.55
2025-06-02,North,Clothing,7,308.22,128.91
2025-06-02,North,Home & Garden,11,308.6,115.8
2025-06-02,North,Sports,8,196.89,85.48
2025-06-02,South,Electronics,11,295.82,93.89
2025-06-02,South,Clothing,10,235.61,64.79
2025-06-02,South,Home & Garden,11,300.42,131.8
2025-06-02,South,Sports,11,79.44,21.91
2025-06-02,East,Electronics,4,600.51,212.96
2025-06-02,East,Clothing,9,217.26,71.62
2025-06-02,East,Home & Garden,5,346.08,95.18
2025-06-02,East,Sports,4,128.03,46.94
2025-06-02,West,Electronics,5,304.85,103.26
2025-06-02,West,Clothing,9,204.63,71.33
2025-06-02,West,Home & Garden,8,230.67,77.2
2025-06-02,West,Sports,11,140.23,58.68
2025-06-03,North,Electronics,9,670.35,274.69
2025-06-03,North,Clothing,6,305.33,131.09
2025-06-03,North,Home & Garden,10,307.58,136.81
2025-06-03,North,Sports,5,136.14,34.31
2025-06-03,South,Electronics,10,384.65,98.68
2025-06-03,South,Clothing,7,136.77,46.26
2025-06-03,South,Home & Garden,6,220.9,84.81
2025-06-03,South,Sports,16,162.49,50.67
2025-06-03,East,Electronics,11,504.78,224.77
2025-06-03,East,Clothing,9,213.19,57.02
2025-06-03,East,Home & Garden,13,313.15,83.04
2025-06-03,East,Sports,9,160.43,47.27
2025-06-03,West,Electronics,10,413.8,186.05
2025-06-03,West,Clothing,11,232.95,97.97
2025-06-03,West,Home & Garden,10,318.12,85.0
2025-06-03,West,Sports,11,101.37,37.16
2025-06-04,North,Electronics,6,586.18,150.28
2025-06-04,North,Clothing,8,214.78,79.24
2025-06-04,North,Home & Garden,7,391.23,152.78
2025-06-04,North,Sports,8,145.31,54.27
2025-06-04,South,Electronics,6,401.11,146.61
2025-06-04,South,Clothing,9,148.15,47.27
2025-06-04,South,Home & Garden,4,245.84,65.09
2025-06-04,South,Sports,13,80.94,24.67
2025-06-04,East,Electronics,6,618.15,258.61
2025-06-04,East,Clothing,4,345.11,93.11
2025-06-04,East,Home & Garden,5,411.12,182.75
2025-06-04,East,Sports,10,190.48,73.38
2025-06-04,West,Electronics,6,412.09,125.71
2025-06-04,West,Clothing,14,191.14,60.36
2025-06-04,West,Home & Garden,9,235.99,79.61
2025-06-04,West,Sports,7,156.35,66.05
2025-06-05,North,Electronics,10,370.63,105.43
2025-06-05,North,Clothing,8,231.72,82.72
2025-06-05,North,Home & Garden,9,329.49,108.36
2025-06-05,North,Sports,7,259.15,68.05
2025-06-05,South,Electronics,11,432.68,150.5
2025-06-05,South,Clothing,12,152.09,57.8
2025-06-05,South,Home & Garden,9,339.61,104.02
2025-06-05,South,Sports,7,111.3,41.53
2025-06-05,East,Electronics,11,728.18,217.82
2025-06-05,East,Clothing,6,212.17,53.25
2025-06-05,East,Home & Garden,11,305.85,114.26
2025-06-05,East,Sports,8,158.86,44.6
2025-06-05,West,Electronics,6,590.12,211.66
2025-06-05,West,Clothing,3,159.18,47.78
2025-06-05,West,Home & Garden,3,230.87,99.33
2025-06-05,West,Sports,7,106.52,44.85
2025-06-06,North,Electronics,12,787.75,241.52
2025-06-06,North,Clothing,8,169.62,59.3
2025-06-06,North,Home & Garden,9,411.9,113.14
2025-06-06,North,Sports,9,63.92,17.7
2025-06-06,South,Electronics,10,331.28,146.64
2025-06-06,South,Clothing,9,218.23,62.41
2025-06-06,South,Home & Garden,7,319.51,134.66
2025-06-06,South,Sports,6,184.49,63.87
2025-06-06,East,Electronics,8,607.66,190.63
2025-06-06,East,Clothing,6,283.1,111.83
2025-06-06,East,Home & Garden,8,284.9,96.78
2025-06-06,East,Sports,11,283.02,117.5
2025-06-06,West,Electronics,9,369.85,136.13
2025-06-06,West,Clothing,3,148.89,49.33
2025-06-06,West,Home & Garden,6,297.92,87.59
2025-06-06,West,Sports,7,138.98,50.25
2025-06-07,North,Electronics,10,537.43,228.54
2025-06-07,North,Clothing,9,117.89,32.34
2025-06-07,North,Home & Garden,10,438.85,119.38
2025-06-07,North,Sports,9,205.96,65.9
2025-06-07,South,Electronics,9,662.79,281.22
2025-06-07,South,Clothing,10,304.84,81.89
2025-06-07,South,Home & Garden,11,456.46,184.16
2025-06-07,South,Sports,8,198.96,86.92
2025-06-07,East,Electronics,9,591.35,212.67
2025-06-07,East,Clothing,12,321.57,127.46
2025-06-07,East,Home & Garden,15,527.64,200.99
2025-06-07,East,Sports,18,243.49,108.48
2025-06-07,West,Electronics,14,609.06,155.41
2025-06-07,West,Clothing,12,348.96,156.71
2025-06-07,West,Home & Garden,11,422.61,110.81
2025-06-07,West,Sports,13,198.22,76.76
2025-06-08,North,Electronics,9,678.9,244.71
2025-06-08,North,Clothing,14,332.56,105.84
2025-06-08,North,Home & Garden,9,503.96,163.63
2025-06-08,North,Sports,13,233.94,97.87
2025-06-08,South,Electronics,13,455.33,155.01
2025-06-08,South,Clothing,14,185.36,80.93
2025-06-08,South,Home & Garden,12,381.03,159.67
2025-06-08,South,Sports,9,258.75,65.6
2025-06-08,East,Electronics,13,780.09,229.8
2025-06-08,East,Clothing,6,264.58,68.94
2025-06-08,East,Home & Garden,10,372.74,149.96
2025-06-08,East,Sports,10,304.83,129.96
2025-06-08,West,Electronics,10,575.3,227.17
2025-06-08,West,Clothing,5,368.21,133.96
2025-06-08,West,Home & Garden,13,467.09,152.37
2025-06-08,West,Sports,11,127.98,36.05
2025-06-09,North,Electronics,4,532.09,214.21
2025-06-09,North,Clothing,9,184.82,48.18
2025-06-09,North,Home & Garden,11,350.63,142.01
2025-06-09,North,Sports,7,113.81,33.21
2025-06-09,South,Electronics,10,579.5,242.13
2025-06-09,South,Clothing,13,203.97,85.41
2025-06-09,South,Home & Garden,7,277.93,121.96
2025-06-09,South,Sports,5,149.82,42.75
2025-06-09,East,Electronics,7,688.44,233.92
2025-06-09,East,Clothing,10,238.5,73.05
2025-06-09,East,Home & Garden,10,223.71,65.26
2025-06-09,East,Sports,7,171.61,65.04
2025-06-09,West,Electronics,7,420.29,164.59
2025-06-09,West,Clothing,5,167.81,54.07
2025-06-09,West,Home & Garden,8,380.55,166.14
2025-06-09,West,Sports,5,180.38,66.45
2025-06-10,North,Electronics,6,693.09,308.43
2025-06-10,North,Clothing,12,290.21,101.85
2025-06-10,North,Home & Garden,4,281.36,114.25
2025-06-10,North,Sports,8,137.58,55.26
2025-06-10,South,Electronics,9,490.3,196.94
2025-06-10,South,Clothing,11,160.91,56.47
2025-06-10,South,Home & Garden,11,153.38,43.2
2025-06-10,South,Sports,5,145.47,59.55
2025-06-10,East,Electronics,12,754.67,236.61
2025-06-10,East,Clothing,12,245.45,68.78
2025-06-10,East,Home & Garden,14,476.8,189.73
2025-06-10,East,Sports,4,161.3,61.21
2025-06-10,West,Electronics,6,381.11,121.59
2025-06-10,West,Clothing,7,263.32,71.43
2025-06-10,West,Home & Garden,10,267.09,67.08
2025-06-10,West,Sports,6,145.81,55.22
2025-06-11,North,Electronics,14,594.33,194.04
2025-06-11,North,Clothing,9,179.28,59.64
2025-06-11,North,Home & Garden,8,488.05,143.67
2025-06-11,North,Sports,12,173.69,61.37
2025-06-11,South,Electronics,6,397.1,146.74
2025-06-11,South,Clothing,5,248.04,84.49
2025-06-11,South,Home & Garden,9,269.91,84.01
2025-06-11,South,Sports,4,97.11,43.64
2025-06-11,East,Electronics,7,453.56,165.07
2025-06-11,East,Clothing,5,122.39,33.87
2025-06-11,East,Home & Garden,11,387.94,136.9
2025-06-11,East,Sports,4,158.93,48.41
2025-06-11,West,Electronics,12,593.88,190.29
2025-06-11,West,Clothing,8,213.18,77.33
2025-06-11,West,Home & Garden,3,351.1,117.42
2025-06-11,West,Sports,5,177.07,77.58
2025-06-12,North,Electronics,3,358.66,99.65
2025-06-12,North,Clothing,6,211.54,71.63
2025-06-12,North,Home & Garden,12,510.45,136.65
2025-06-12,North,Sports,6,190.73,55.7
2025-06-12,South,Electronics,9,428.06,155.54
2025-06-12,South,Clothing,8,134.2,33.88
2025-06-12,South,Home & Garden,4,300.52,119.97
2025-06-12,South,Sports,8,149.54,59.73
2025-06-12,East,Electronics,3,591.53,181.19
2025-06-12,East,Clothing,8,315.33,84.78
2025-06-12,East,Home & Garden,8,396.68,159.09
2025-06-12,East,Sports,8,230.43,89.11
2025-06-12,West,Electronics,8,501.2,159.14
2025-06-12,West,Clothing,11,169.6,68.37
2025-06-12,West,Home & Garden,4,289.78,119.86
2025-06-12,West,Sports,9,153.16,47.75
2025-06-13,North,Electronics,8,338.2,148.82
2025-06-13,North,Clothing,6,209.24,71.09
2025-06-13,North,Home & Garden,10,287.7,127.21
2025-06-13,North,Sports,9,171.33,48.19
2025-06-13,South,Electronics,10,379.71,104.03
2025-06-13,South,Clothing,6,148.74,37.28
2025-06-13,South,Home & Garden,8,333.64,83.85
2025-06-13,South,Sports,7,141.12,53.04
2025-06-13,East,Electronics,7,619.06,247.93
2025-06-13,East,Clothing,5,259.62,86.89
2025-06-13,East,Home & Garden,9,250.8,110.45
2025-06-13,East,Sports,9,221.3,72.7
2025-06-13,West,Electronics,9,276.44,105.63
2025-06-13,West,Clothing,10,221.36,68.79
2025-06-13,West,Home & Garden,5,280.17,84.82
2025-06-13,West,Sports,9,149.64,41.43
2025-06-14,North,Electronics,7,685.43,224.77
2025-06-14,North,Clothing,8,387.96,165.54
2025-06-14,North,Home & Garden,10,514.58,166.14
2025-06-14,North,Sports,13,228.95,59.24
2025-06-14,South,Electronics,8,544.02,178.25
2025-06-14,South,Clothing,5,280.93,90.66
2025-06-14,South,Home & Garden,6,302.42,84.64
2025-06-14,South,Sports,9,199.22,59.94
2025-06-14,East,Electronics,6,1090.64,408.02
2025-06-14,East,Clothing,12,252.24,63.47
2025-06-14,East,Home & Garden,11,489.9,170.2
2025-06-14,East,Sports,12,209.24,91.25
2025-06-14,West,Electronics,12,568.75,179.76
2025-06-14,West,Clothing,10,302.19,97.33
2025-06-14,West,Home & Garden,8,432.82,149.06
2025-06-14,West,Sports,8,177.74,60.43
2025-06-15,North,Electronics,7,608.32,250.85
2025-06-15,North,Clothing,9,218.25,56.34
2025-06-15,North,Home & Garden,10,356.7,141.52
2025-06-15,North,Sports,6,162.23,59.73
2025-06-15,South,Electronics,11,719.45,287.23
2025-06-15,South,Clothing,10,223.96,57.55
2025-06-15,South,Home & Garden,16,241.41,94.28
2025-06-15,South,Sports,7,152.38,56.12
2025-06-15,East,Electronics,8,968.07,406.42
2025-06-15,East,Clothing,10,252.24,110.61
2025-06-15,East,Home & Garden,2,529.59,230.31
2025-06-15,East,Sports,12,281.32,106.4
2025-06-15,West,Electronics,12,617.13,171.98
2025-06-15,West,Clothing,7,209.41,79.37
2025-06-15,West,Home & Garden,10,312.51,113.91
2025-06-15,West,Sports,17,212.07,53.37
2025-06-16,North,Electronics,5,716.72,223.74
2025-06-16,North,Clothing,5,227.48,92.64
2025-06-16,North,Home & Garden,12,299.0,121.4
2025-06-16,North,Sports,6,140.39,60.1
2025-06-16,South,Electronics,10,362.38,125.53
2025-06-16,South,Clothing,13,156.71,63.41
2025-06-16,South,Home & Garden,6,230.15,62.66
2025-06-16,South,Sports,6,100.71,33.57
2025-06-16,East,Electronics,10,510.07,144.58
2025-06-16,East,Clothing,13,205.28,69.62
2025-06-16,East,Home & Garden,8,367.7,153.64
2025-06-16,East,Sports,4,282.09,117.18
2025-06-16,West,Electronics,10,717.6,316.51
2025-06-16,West,Clothing,10,240.03,78.61
2025-06-16,West,Home & Garden,12,370.67,122.78
2025-06-16,West,Sports,9,135.11,37.92
2025-06-17,North,Electronics,5,561.66,203.12
2025-06-17,North,Clothing,8,175.26,78.31
2025-06-17,North,Home & Garden,10,365.86,100.6
2025-06-17,North,Sports,5,128.87,57.24
2025-06-17,South,Electronics,10,451.45,159.94
2025-06-17,South,Clothing,3,151.87,57.55
2025-06-17,South,Home & Garden,3,199.0,63.02
2025-06-17,South,Sports,10,146.99,51.52
2025-06-17,East,Electronics,5,449.76,132.19
2025-06-17,East,Clothing,7,295.35,89.73
2025-06-17,East,Home & Garden,9,397.94,170.78
2025-06-17,East,Sports,8,49.13,14.34
2025-06-17,West,Electronics,10,730.33,285.07
2025-06-17,West,Clothing,7,107.28,28.13
2025-06-17,West,Home & Garden,6,351.6,104.9
2025-06-17,West,Sports,6,142.81,41.54
2025-06-18,North,Electronics,5,410.87,175.47
2025-06-18,North,Clothing,8,266.07,103.34
2025-06-18,North,Home & Garden,10,304.18,78.21
2025-06-18,North,Sports,10,172.25,59.2
2025-06-18,South,Electronics,6,544.73,193.01
2025-06-18,South,Clothing,11,192.6,52.36
2025-06-18,South,Home & Garden,7,193.41,78.97
2025-06-18,South,Sports,5,189.06,78.78
2025-06-18,East,Electronics,8,725.58,289.07
2025-06-18,East,Clothing,10,317.92,137.84
2025-06-18,East,Home & Garden,7,402.27,133.39
2025-06-18,East,Sports,9,142.3,48.29
2025-06-18,West,Electronics,4,577.42,179.85
2025-06-18,West,Clothing,13,256.42,86.27
2025-06-18,West,Home & Garden,15,418.83,166.43
2025-06-18,West,Sports,10,168.71,64.17
2025-06-19,North,Electronics,13,581.44,147.94
2025-06-19,North,Clothing,4,275.24,78.21
2025-06-19,North,Home & Garden,8,324.3,102.71
2025-06-19,North,Sports,10,228.2,57.92
2025-06-19,South,Electronics,11,577.62,168.97
2025-06-19,South,Clothing,8,156.27,43.98
2025-06-19,South,Home & Garden,11,151.28,51.44
2025-06-19,South,Sports,6,106.82,35.06
2025-06-19,East,Electronics,6,709.92,222.68
2025-06-19,East,Clothing,8,227.62,89.54
2025-06-19,East,Home & Garden,9,382.54,160.96
2025-06-19,East,Sports,6,263.44,77.16
2025-06-19,West,Electronics,12,516.17,228.22
2025-06-19,West,Clothing,11,192.55,63.99
2025-06-19,West,Home & Garden,6,204.39,63.33
2025-06-19,West,Sports,10,195.27,61.55
2025-06-20,North,Electronics,6,457.09,187.89
2025-06-20,North,Clothing,4,196.91,72.78
2025-06-20,North,Home & Garden,9,370.38,112.05
2025-06-20,North,Sports,8,177.54,54.4
2025-06-20,South,Electronics,6,326.93,88.59
2025-06-20,South,Clothing,15,173.09,75.65
2025-06-20,South,Home & Garden,9,323.38,84.42
2025-06-20,South,Sports,7,154.21,55.71
2025-06-20,East,Electronics,9,447.08,175.9
2025-06-20,East,Clothing,7,237.76,81.73
2025-06-20,East,Home & Garden,6,345.1,151.1
2025-06-20,East,Sports,4,136.29,42.58
2025-06-20,West,Electronics,9,349.45,121.44
2025-06-20,West,Clothing,9,213.54,78.76
2025-06-20,West,Home & Garden,7,270.24,83.04
2025-06-20,West,Sports,8,175.02,50.64
2025-06-21,North,Electronics,10,555.77,173.67
2025-06-21,North,Clothing,15,224.15,58.02
2025-06-21,North,Home & Garden,15,450.49,166.42
2025-06-21,North,Sports,12,193.95,65.09
2025-06-21,South,Electronics,11,900.35,236.93
2025-06-21,South,Clothing,9,224.36,100.29
2025-06-21,South,Home & Garden,13,254.78,87.43
2025-06-21,South,Sports,12,179.03,53.7
2025-06-21,East,Electronics,6,797.16,298.79
2025-06-21,East,Clothing,10,386.95,139.09
2025-06-21,East,Home & Garden,7,422.62,160.54
2025-06-21,East,Sports,7,202.11,85.62
2025-06-21,West,Electronics,8,692.07,229.81
2025-06-21,West,Clothing,12,305.91,116.42
2025-06-21,West,Home & Garden,9,341.4,108.88
2025-06-21,West,Sports,8,182.66,82.18
2025-06-22,North,Electronics,6,392.58,123.79
2025-06-22,North,Clothing,9,255.61,92.77
2025-06-22,North,Home & Garden,9,537.38,165.74
2025-06-22,North,Sports,9,251.51,81.5
2025-06-22,South,Electronics,8,549.91,181.58
2025-06-22,South,Clothing,10,227.6,82.19
2025-06-22,South,Home & Garden,15,387.07,157.69
2025-06-22,South,Sports,14,135.96,45.03
2025-06-22,East,Electronics,10,818.44,215.28
2025-06-22,East,Clothing,10,282.05,72.78
2025-06-22,East,Home & Garden,12,470.55,139.29
2025-06-22,East,Sports,7,216.68,69.88
2025-06-22,West,Electronics,7,564.34,187.84
2025-06-22,West,Clothing,6,236.4,91.24
2025-06-22,West,Home & Garden,9,407.94,147.31
2025-06-22,West,Sports,11,150.18,50.01
2025-06-23,North,Electronics,10,403.93,129.52
2025-06-23,North,Clothing,10,171.87,47.14
2025-06-23,North,Home & Garden,7,270.47,70.99
2025-06-23,North,Sports,8,192.0,79.84
2025-06-23,South,Electronics,5,423.59,123.95
2025-06-23,South,Clothing,9,178.11,58.06
2025-06-23,South,Home & Garden,6,342.86,124.1
2025-06-23,South,Sports,10,156.5,46.94
2025-06-23,East,Electronics,10,576.16,192.83
2025-06-23,East,Clothing,6,164.96,59.72
2025-06-23,East,Home & Garden,5,220.24,93.25
2025-06-23,East,Sports,12,190.55,85.74
2025-06-23,West,Electronics,7,369.15,112.14
2025-06-23,West,Clothing,3,171.86,57.81
2025-06-23,West,Home & Garden,11,309.12,132.72
2025-06-23,West,Sports,10,127.06,38.68
2025-06-24,North,Electronics,12,402.12,120.89
2025-06-24,North,Clothing,6,268.28,79.69
2025-06-24,North,Home & Garden,6,400.97,109.7
2025-06-24,North,Sports,9,154.73,60.2
2025-06-24,South,Electronics,8,403.79,143.2
2025-06-24,South,Clothing,6,217.93,61.86
2025-06-24,South,Home & Garden,8,228.74,100.82
2025-06-24,South,Sports,6,128.8,37.92
2025-06-24,East,Electronics,7,694.72,237.48
2025-06-24,East,Clothing,14,242.93,74.72
2025-06-24,East,Home & Garden,3,209.39,55.58
2025-06-24,East,Sports,10,194.78,62.75
2025-06-24,West,Electronics,3,701.22,228.11
2025-06-24,West,Clothing,12,211.99,67.25
2025-06-24,West,Home & Garden,10,342.29,149.16
2025-06-24,West,Sports,5,194.6,62.91
2025-06-25,North,Electronics,8,786.3,269.08
2025-06-25,North,Clothing,11,103.38,33.2
2025-06-25,North,Home & Garden,8,373.46,127.87
2025-06-25,North,Sports,6,144.51,63.19
2025-06-25,South,Electronics,9,407.91,138.13
2025-06-25,South,Clothing,10,209.33,82.7
2025-06-25,South,Home & Garden,7,296.11,100.75
2025-06-25,South,Sports,18,103.08,29.61
2025-06-25,East,Electronics,4,701.89,268.12
2025-06-25,East,Clothing,11,251.01,87.49
2025-06-25,East,Home & Garden,4,284.19,89.44
2025-06-25,East,Sports,9,119.15,41.56
2025-06-25,West,Electronics,15,542.3,220.74
2025-06-25,West,Clothing,7,83.6,37.14
2025-06-25,West,Home & Garden,8,387.15,126.4
2025-06-25,West,Sports,8,152.14,59.26
2025-06-26,North,Electronics,7,444.53,147.92
2025-06-26,North,Clothing,7,251.98,65.8
2025-06-26,North,Home & Garden,10,366.62,116.5
2025-06-26,North,Sports,7,154.62,69.04
2025-06-26,South,Electronics,7,636.17,193.91
2025-06-26,South,Clothing,9,244.23,91.35
2025-06-26,South,Home & Garden,4,253.43,104.96
2025-06-26,South,Sports,9,106.52,36.05
2025-06-26,East,Electronics,13,630.43,232.93
2025-06-26,East,Clothing,8,317.2,118.54
2025-06-26,East,Home & Garden,9,372.67,145.4
2025-06-26,East,Sports,12,195.31,70.24
2025-06-26,West,Electronics,5,584.91,254.62
2025-06-26,West,Clothing,9,193.66,68.89
2025-06-26,West,Home & Garden,10,459.72,126.75
2025-06-26,West,Sports,7,188.14,82.79
2025-06-27,North,Electronics,10,660.96,283.3
2025-06-27,North,Clothing,4,188.62,78.75
2025-06-27,North,Home & Garden,6,416.53,166.46
2025-06-27,North,Sports,10,225.2,97.38
2025-06-27,South,Electronics,12,326.84,94.65
2025-06-27,South,Clothing,11,160.28,58.56
2025-06-27,South,Home & Garden,6,246.29,62.12
2025-06-27,South,Sports,8,117.07,43.28
2025-06-27,East,Electronics,9,745.53,211.4
2025-06-27,East,Clothing,9,244.77,64.7
2025-06-27,East,Home & Garden,6,315.39,79.49
2025-06-27,East,Sports,13,106.63,39.32
2025-06-27,West,Electronics,9,368.61,126.65
2025-06-27,West,Clothing,8,287.71,111.57
2025-06-27,West,Home & Garden,3,229.79,98.99
2025-06-27,West,Sports,6,234.51,103.28
2025-06-28,North,Electronics,10,756.18,317.92
2025-06-28,North,Clothing,10,202.4,66.98
2025-06-28,North,Home & Garden,10,565.59,219.93
2025-06-28,North,Sports,7,226.63,87.38
2025-06-28,South,Electronics,11,716.51,289.06
2025-06-28,South,Clothing,12,352.86,134.86
2025-06-28,South,Home & Garden,17,379.31,98.39
2025-06-28,South,Sports,10,111.96,32.4
2025-06-28,East,Electronics,18,709.18,188.67
2025-06-28,East,Clothing,11,245.83,103.11
2025-06-28,East,Home & Garden,6,573.91,197.62
2025-06-28,East,Sports,15,326.45,137.99
2025-06-28,West,Electronics,11,441.56,162.62
2025-06-28,West,Clothing,8,300.54,129.04
2025-06-28,West,Home & Garden,14,355.61,145.98
2025-06-28,West,Sports,13,253.75,96.33
2025-06-29,North,Electronics,13,816.02,312.17
2025-06-29,North,Clothing,10,213.22,67.81
2025-06-29,North,Home & Garden,12,350.29,129.36
2025-06-29,North,Sports,10,256.01,103.62
2025-06-29,South,Electronics,12,661.77,173.15
2025-06-29,South,Clothing,10,144.93,48.06
2025-06-29,South,Home & Garden,9,364.35,127.15
2025-06-29,South,Sports,10,233.67,70.18
2025-06-29,East,Electronics,13,727.55,289.92
2025-06-29,East,Clothing,16,410.12,112.51
2025-06-29,East,Home & Garden,9,519.34,225.91
2025-06-29,East,Sports,5,220.53,91.01
2025-06-29,West,Electronics,10,734.49,268.04
2025-06-29,West,Clothing,8,302.22,132.43
2025-06-29,West,Home & Garden,10,408.13,129.39
2025-06-29,West,Sports,7,298.86,100.22
2025-06-30,North,Electronics,11,681.51,272.42
2025-06-30,North,Clothing,7,205.19,72.71
2025-06-30,North,Home & Garden,13,362.37,125.89
2025-06-30,North,Sports,6,178.08,79.0
2025-06-30,South,Electronics,7,482.91,144.87
2025-06-30,South,Clothing,7,234.83,87.71
2025-06-30,South,Home & Garden,3,192.54,60.99
2025-06-30,South,Sports,12,108.39,29.9
2025-06-30,East,Electronics,7,504.83,177.03
2025-06-30,East,Clothing,13,240.06,65.99
2025-06-30,East,Home & Garden,9,428.1,113.84
2025-06-30,East,Sports,8,134.58,51.3
2025-06-30,West,Electronics,7,509.41,139.85
2025-06-30,West,Clothing,11,204.9,90.21
2025-06-30,West,Home & Garden,6,240.99,105.26
2025-06-30,West,Sports,4,145.43,43.4
2025-07-01,North,Electronics,18,603.47,261.55
2025-07-01,North,Clothing,4,161.9,71.65
2025-07-01,North,Home & Garden,4,280.09,91.69
2025-07-01,North,Sports,6,200.13,77.59
2025-07-01,South,Electronics,10,415.54,105.71
2025-07-01,South,Clothing,10,202.76,62.18
2025-07-01,South,Home & Garden,7,330.98,93.54
2025-07-01,South,Sports,8,106.02,33.45
2025-07-01,East,Electronics,10,614.45,180.85
2025-07-01,East,Clothing,6,255.85,68.07
2025-07-01,East,Home & Garden,11,329.09,85.86
2025-07-01,East,Sports,12,139.27,41.68
2025-07-01,West,Electronics,8,393.92,130.16
2025-07-01,West,Clothing,7,195.35,81.27
2025-07-01,West,Home & Garden,11,259.24,109.4
2025-07-01,West,Sports,4,85.81,26.46
2025-07-02,North,Electronics,3,467.14,186.35
2025-07-02,North,Clothing,6,229.16,78.49
2025-07-02,North,Home & Garden,6,288.41,126.79
2025-07-02,North,Sports,6,143.43,55.51
2025-07-02,South,Electronics,4,295.45,75.86
2025-07-02,South,Clothing,7,162.19,71.51
2025-07-02,South,Home & Garden,10,255.82,92.39
2025-07-02,South,Sports,13,124.58,49.62
2025-07-02,East,Electronics,12,708.46,201.62
2025-07-02,East,Clothing,13,287.33,102.1
2025-07-02,East,Home & Garden,10,266.62,89.32
2025-07-02,East,Sports,9,161.57,46.19
2025-07-02,West,Electronics,5,606.14,215.15
2025-07-02,West,Clothing,7,138.01,44.36
2025-07-02,West,Home & Garden,6,365.74,101.93
2025-07-02,West,Sports,8,119.67,36.54
2025-07-03,North,Electronics,3,599.33,232.54
2025-07-03,North,Clothing,12,242.04,91.69
2025-07-03,North,Home & Garden,7,279.83,85.05
2025-07-03,North,Sports,9,152.62,50.85
2025-07-03,South,Electronics,8,360.89,112.41
2025-07-03,South,Clothing,9,174.94,63.73
2025-07-03,South,Home & Garden,10,308.14,138.17
2025-07-03,South,Sports,11,102.04,34.8
2025-07-03,East,Electronics,11,666.29,272.98
2025-07-03,East,Clothing,4,168.97,69.85
2025-07-03,East,Home & Garden,4,366.05,151.57
2025-07-03,East,Sports,8,142.91,55.9
2025-07-03,West,Electronics,8,277.62,105.07
2025-07-03,West,Clothing,9,166.34,65.86
2025-07-03,West,Home & Garden,4,156.02,64.9
2025-07-03,West,Sports,12,106.84,44.58
2025-07-04,North,Electronics,8,567.59,254.36
2025-07-04,North,Clothing,5,213.37,72.83
2025-07-04,North,Home & Garden,13,351.57,151.07
2025-07-04,North,Sports,10,155.26,66.3
2025-07-04,South,Electronics,8,486.91,176.32
2025-07-04,South,Clothing,9,212.69,57.92
2025-07-04,South,Home & Garden,4,126.96,40.35
2025-07-04,South,Sports,7,168.69,51.13
2025-07-04,East,Electronics,4,490.67,135.36
2025-07-04,East,Clothing,3,206.24,86.19
2025-07-04,East,Home & Garden,11,417.88,162.28
2025-07-04,East,Sports,8,199.98,69.02
2025-07-04,West,Electronics,5,518.36,202.83
2025-07-04,West,Clothing,5,231.57,63.4
2025-07-04,West,Home & Garden,3,250.56,100.16
2025-07-04,West,Sports,10,103.21,44.7
2025-07-05,North,Electronics,11,790.27,320.68
2025-07-05,North,Clothing,10,191.35,53.05
2025-07-05,North,Home & Garden,17,314.73,128.42
2025-07-05,North,Sports,17,114.28,46.03
2025-07-05,South,Electronics,10,793.12,308.36
2025-07-05,South,Clothing,12,280.28,109.93
2025-07-05,South,Home & Garden,10,311.16,112.83
2025-07-05,South,Sports,12,88.71,28.73
2025-07-05,East,Electronics,11,516.87,205.96
2025-07-05,East,Clothing,9,254.32,73.22
2025-07-05,East,Home & Garden,7,461.08,122.57
2025-07-05,East,Sports,4,370.5,101.73
2025-07-05,West,Electronics,11,540.03,184.14
2025-07-05,West,Clothing,6,318.57,135.85
2025-07-05,West,Home & Garden,7,463.56,148.62
2025-07-05,West,Sports,9,98.64,31.55
2025-07-06,North,Electronics,5,561.75,218.87
2025-07-06,North,Clothing,8,414.6,164.05
2025-07-06,North,Home & Garden,7,525.98,192.08
2025-07-06,North,Sports,9,353.99,148.82
2025-07-06,South,Electronics,10,347.95,102.0
2025-07-06,South,Clothing,17,281.59,115.92
2025-07-06,South,Home & Garden,10,410.97,160.79
2025-07-06,South,Sports,14,180.12,67.3
2025-07-06,East,Electronics,7,1145.32,458.01
2025-07-06,East,Clothing,18,343.98,150.91
2025-07-06,East,Home & Garden,9,533.59,222.04
2025-07-06,East,Sports,9,109.58,44.88
2025-07-06,West,Electronics,11,681.77,270.07
2025-07-06,West,Clothing,11,254.04,92.9
2025-07-06,West,Home & Garden,6,484.74,138.26
2025-07-06,West,Sports,7,211.26,76.56
2025-07-07,North,Electronics,9,720.34,267.92
2025-07-07,North,Clothing,9,286.88,74.74
2025-07-07,North,Home & Garden,8,303.06,83.19
2025-07-07,North,Sports,9,177.08,49.82
2025-07-07,South,Electronics,8,382.5,170.42
2025-07-07,South,Clothing,8,174.47,56.37
2025-07-07,South,Home & Garden,9,303.13,112.7
2025-07-07,South,Sports,9,147.93,66.3
2025-07-07,East,Electronics,7,286.78,119.5
2025-07-07,East,Clothing,5,225.78,74.48
2025-07-07,East,Home & Garden,5,440.04,126.75
2025-07-07,East,Sports,2,211.24,93.17
2025-07-07,West,Electronics,11,388.26,129.74
2025-07-07,West,Clothing,11,86.53,31.42
2025-07-07,West,Home & Garden,6,344.87,141.81
2025-07-07,West,Sports,7,132.4,38.09
2025-07-08,North,Electronics,15,680.75,296.4
2025-07-08,North,Clothing,6,236.69,83.97
2025-07-08,North,Home & Garden,5,364.21,122.7
2025-07-08,North,Sports,6,178.57,59.55
2025-07-08,South,Electronics,6,473.59,195.85
2025-07-08,South,Clothing,7,115.22,49.07
2025-07-08,South,Home & Garden,7,239.03,65.71
2025-07-08,South,Sports,9,180.11,73.29
2025-07-08,East,Electronics,9,727.97,290.51
2025-07-08,East,Clothing,6,334.25,130.61
2025-07-08,East,Home & Garden,9,453.18,182.04
2025-07-08,East,Sports,6,187.75,49.88
2025-07-08,West,Electronics,9,420.5,151.9
2025-07-08,West,Clothing,10,181.51,47.95
2025-07-08,West,Home & Garden,3,397.15,107.89
2025-07-08,West,Sports,7,170.5,57.61
2025-07-09,North,Electronics,1,279.92,97.26
2025-07-09,North,Clothing,10,248.68,102.63
2025-07-09,North,Home & Garden,10,218.6,64.63
2025-07-09,North,Sports,10,125.08,53.4
2025-07-09,South,Electronics,6,548.89,143.8
2025-07-09,South,Clothing,8,185.66,48.5
2025-07-09,South,Home & Garden,8,361.63,105.29
2025-07-09,South,Sports,7,183.21,75.33
2025-07-09,East,Electronics,11,677.58,212.72
2025-07-09,East,Clothing,6,236.48,83.16
2025-07-09,East,Home & Garden,7,299.66,76.0
2025-07-09,East,Sports,8,160.96,45.85
2025-07-09,West,Electronics,6,689.84,230.1
2025-07-09,West,Clothing,8,218.43,69.91
2025-07-09,West,Home & Garden,8,304.54,120.38
2025-07-09,West,Sports,11,207.6,63.37
2025-07-10,North,Electronics,13,570.15,150.23
2025-07-10,North,Clothing,7,188.37,84.31
2025-07-10,North,Home & Garden,6,277.67,120.91
2025-07-10,North,Sports,9,147.88,61.78
2025-07-10,South,Electronics,8,307.62,100.33
2025-07-10,South,Clothing,6,203.21,68.86
2025-07-10,South,Home & Garden,13,133.39,40.83
2025-07-10,South,Sports,4,113.68,43.56
2025-07-10,East,Electronics,11,276.23,100.86
2025-07-10,East,Clothing,11,136.07,46.77
2025-07-10,East,Home & Garden,8,281.06,101.63
2025-07-10,East,Sports,11,233.93,84.06
2025-07-10,West,Electronics,5,399.35,169.66
2025-07-10,West,Clothing,9,246.12,95.06
2025-07-10,West,Home & Garden,7,342.44,87.37
2025-07-10,West,Sports,5,152.71,51.1
2025-07-11,North,Electronics,8,666.84,257.28
2025-07-11,North,Clothing,11,287.53,103.73
2025-07-11,North,Home & Garden,7,321.31,144.53
2025-07-11,North,Sports,12,152.01,63.86
2025-07-11,South,Electronics,4,294.64,101.29
2025-07-11,South,Clothing,3,202.29,74.27
2025-07-11,South,Home & Garden,6,307.98,94.85
2025-07-11,South,Sports,9,123.12,34.74
2025-07-11,East,Electronics,7,724.4,282.21
2025-07-11,East,Clothing,7,262.98,85.94
2025-07-11,East,Home & Garden,11,468.13,180.03
2025-07-11,East,Sports,8,156.06,61.52
2025-07-11,West,Electronics,11,569.43,236.69
2025-07-11,West,Clothing,5,274.13,100.57
2025-07-11,West,Home & Garden,6,337.52,94.79
2025-07-11,West,Sports,13,183.22,77.33
2025-07-12,North,Electronics,15,666.68,250.19
2025-07-12,North,Clothing,13,327.64,99.75
2025-07-12,North,Home & Garden,8,435.18,151.34
2025-07-12,North,Sports,16,163.09,56.95
2025-07-12,South,Electronics,13,732.78,323.14
2025-07-12,South,Clothing,7,274.37,107.58
2025-07-12,South,Home & Garden,11,316.99,80.68
2025-07-12,South,Sports,10,207.6,54.49
2025-07-12,East,Electronics,13,752.32,335.98
2025-07-12,East,Clothing,14,284.89,109.92
2025-07-12,East,Home & Garden,12,446.99,153.7
2025-07-12,East,Sports,8,287.54,88.25
2025-07-12,West,Electronics,10,691.11,280.29
2025-07-12,West,Clothing,15,110.0,44.36
2025-07-12,West,Home & Garden,13,397.51,109.41
2025-07-12,West,Sports,14,151.73,65.2
2025-07-13,North,Electronics,8,770.14,260.19
2025-07-13,North,Clothing,11,204.18,76.39
2025-07-13,North,Home & Garden,10,439.1,193.1
2025-07-13,North,Sports,7,135.59,46.49
2025-07-13,South,Electronics,10,627.32,170.88
2025-07-13,South,Clothing,8,175.52,55.23
2025-07-13,South,Home & Garden,10,349.23,119.45
2025-07-13,South,Sports,8,204.16,65.7
2025-07-13,East,Electronics,15,844.37,251.49
2025-07-13,East,Clothing,12,496.41,136.48
2025-07-13,East,Home & Garden,12,656.35,280.55
2025-07-13,East,Sports,9,273.17,121.48
2025-07-13,West,Electronics,11,538.89,223.53
2025-07-13,West,Clothing,9,300.79,121.05
2025-07-13,West,Home & Garden,14,588.89,184.05
2025-07-13,West,Sports,11,144.83,36.8
2025-07-14,North,Electronics,5,463.35,174.2
2025-07-14,North,Clothing,6,151.67,66.37
2025-07-14,North,Home & Garden,3,265.7,115.05
2025-07-14,North,Sports,7,159.44,43.32
2025-07-14,South,Electronics,8,308.99,103.59
2025-07-14,South,Clothing,10,165.62,53.14
2025-07-14,South,Home & Garden,9,352.17,123.59
2025-07-14,South,Sports,11,156.37,53.75
2025-07-14,East,Electronics,9,489.8,153.94
2025-07-14,East,Clothing,6,203.66,80.43
2025-07-14,East,Home & Garden,17,201.97,84.8
2025-07-14,East,Sports,9,178.25,69.72
2025-07-14,West,Electronics,8,529.31,165.94
2025-07-14,West,Clothing,7,172.8,48.7
2025-07-14,West,Home & Garden,5,420.35,159.63
2025-07-14,West,Sports,7,171.79,54.41
2025-07-15,North,Electronics,8,707.73,281.34
2025-07-15,North,Clothing,8,196.11,76.44
2025-07-15,North,Home & Garden,9,343.44,107.05
2025-07-15,North,Sports,12,217.71,69.79
2025-07-15,South,Electronics,12,562.72,215.07
2025-07-15,South,Clothing,14,127.4,37.07
2025-07-15,South,Home & Garden,12,418.06,133.65
2025-07-15,South,Sports,5,148.58,58.0
2025-07-15,East,Electronics,6,731.32,274.59
2025-07-15,East,Clothing,12,311.63,85.41
2025-07-15,East,Home & Garden,10,150.72,44.69
2025-07-15,East,Sports,9,193.99,69.87
2025-07-15,West,Electronics,6,571.0,238.64
2025-07-15,West,Clothing,10,133.37,47.87
2025-07-15,West,Home & Garden,8,290.06,85.7
2025-07-15,West,Sports,5,148.3,55.79
2025-07-16,North,Electronics,8,539.84,212.43
2025-07-16,North,Clothing,8,183.84,72.09
2025-07-16,North,Home & Garden,9,265.61,111.59
2025-07-16,North,Sports,5,151.54,57.21
2025-07-16,South,Electronics,9,511.58,177.1
2025-07-16,South,Clothing,4,157.8,40.05
2025-07-16,South,Home & Garden,6,278.68,115.48
2025-07-16,South,Sports,5,62.34,15.93
2025-07-16,East,Electronics,7,662.87,204.78
2025-07-16,East,Clothing,12,157.84,46.94
2025-07-16,East,Home & Garden,7,356.32,143.0
2025-07-16,East,Sports,15,159.04,61.2
2025-07-16,West,Electronics,11,355.26,154.06
2025-07-16,West,Clothing,9,223.18,56.76
2025-07-16,West,Home & Garden,11,300.31,97.17
2025-07-16,West,Sports,13,160.47,63.27
2025-07-17,North,Electronics,9,613.85,248.43
2025-07-17,North,Clothing,12,241.08,69.96
2025-07-17,North,Home & Garden,13,418.51,120.11
2025-07-17,North,Sports,4,127.44,33.69
2025-07-17,South,Electronics,7,360.2,135.16
2025-07-17,South,Clothing,5,116.23,30.72
2025-07-17,South,Home & Garden,10,329.37,90.28
2025-07-17,South,Sports,5,153.18,42.93
2025-07-17,East,Electronics,15,716.11,263.99
2025-07-17,East,Clothing,11,181.21,63.68
2025-07-17,East,Home & Garden,7,380.08,166.25
2025-07-17,East,Sports,9,181.24,56.21
2025-07-17,West,Electronics,5,477.73,198.42
2025-07-17,West,Clothing,6,150.42,55.12
2025-07-17,West,Home & Garden,8,198.29,74.67
2025-07-17,West,Sports,16,144.88,55.13
2025-07-18,North,Electronics,8,545.58,180.3
2025-07-18,North,Clothing,5,194.72,84.89
2025-07-18,North,Home & Garden,5,373.47,111.1
2025-07-18,North,Sports,12,146.16,57.7
2025-07-18,South,Electronics,10,485.98,206.61
2025-07-18,South,Clothing,7,192.4,77.26
2025-07-18,South,Home & Garden,16,253.13,103.59
2025-07-18,South,Sports,11,160.46,41.68
2025-07-18,East,Electronics,7,848.6,334.1
2025-07-18,East,Clothing,9,269.18,108.33
2025-07-18,East,Home & Garden,6,259.15,98.15
2025-07-18,East,Sports,13,226.82,79.84
2025-07-18,West,Electronics,7,301.63,127.73
2025-07-18,West,Clothing,12,197.01,67.99
2025-07-18,West,Home & Garden,8,338.27,107.34
2025-07-18,West,Sports,14,125.1,48.93
2025-07-19,North,Electronics,9,630.82,207.47
2025-07-19,North,Clothing,13,231.71,94.62
2025-07-19,North,Home & Garden,10,250.06,69.59
2025-07-19,North,Sports,10,216.35,67.14
2025-07-19,South,Electronics,10,498.88,153.38
2025-07-19,South,Clothing,9,256.37,66.66
2025-07-19,South,Home & Garden,8,221.18,73.57
2025-07-19,South,Sports,12,180.61,55.54
2025-07-19,East,Electronics,6,651.54,175.3
2025-07-19,East,Clothing,9,248.62,76.9
2025-07-19,East,Home & Garden,14,424.54,170.04
2025-07-19,East,Sports,10,265.4,73.66
2025-07-19,West,Electronics,8,710.37,220.38
2025-07-19,West,Clothing,5,310.96,134.41
2025-07-19,West,Home & Garden,11,286.44,118.81
2025-07-19,West,Sports,5,184.58,56.22
2025-07-20,North,Electronics,14,777.77,303.31
2025-07-20,North,Clothing,13,342.77,152.36
2025-07-20,North,Home & Garden,11,472.29,172.17
2025-07-20,North,Sports,13,231.21,68.26
2025-07-20,South,Electronics,14,435.69,120.9
2025-07-20,South,Clothing,16,182.0,72.46
2025-07-20,South,Home & Garden,12,473.38,188.66
2025-07-20,South,Sports,13,165.84,63.65
2025-07-20,East,Electronics,7,853.99,340.22
2025-07-20,East,Clothing,13,437.04,144.66
2025-07-20,East,Home & Garden,15,343.07,87.9
2025-07-20,East,Sports,11,251.86,80.08
2025-07-20,West,Electronics,13,609.75,205.95
2025-07-20,West,Clothing,8,306.67,132.63
2025-07-20,West,Home & Garden,13,392.98,166.61
2025-07-20,West,Sports,10,118.26,48.41
2025-07-21,North,Electronics,9,563.3,161.01
2025-07-21,North,Clothing,11,299.24,92.49
2025-07-21,North,Home & Garden,11,281.95,122.7
2025-07-21,North,Sports,9,169.42,53.84
2025-07-21,South,Electronics,9,544.47,181.63
2025-07-21,South,Clothing,6,159.65,68.65
2025-07-21,South,Home & Garden,8,233.25,88.79
2025-07-21,South,Sports,7,190.88,59.44
2025-07-21,East,Electronics,6,811.63,358.14
2025-07-21,East,Clothing,6,294.53,94.65
2025-07-21,East,Home & Garden,10,400.21,158.97
2025-07-21,East,Sports,7,109.69,45.47
2025-07-21,West,Electronics,7,478.39,213.0
2025-07-21,West,Clothing,5,247.23,71.64
2025-07-21,West,Home & Garden,10,364.46,118.7
2025-07-21,West,Sports,10,144.12,37.85
2025-07-22,North,Electronics,10,480.68,196.63
2025-07-22,North,Clothing,3,252.21,67.96
2025-07-22,North,Home & Garden,4,280.34,72.07
2025-07-22,North,Sports,12,164.89,53.85
2025-07-22,South,Electronics,6,469.26,124.76
2025-07-22,South,Clothing,4,87.86,36.99
2025-07-22,South,Home & Garden,12,226.11,92.59
2025-07-22,South,Sports,7,155.65,65.44
2025-07-22,East,Electronics,9,646.03,189.14
2025-07-22,East,Clothing,7,173.58,56.77
2025-07-22,East,Home & Garden,4,398.57,163.83
2025-07-22,East,Sports,12,196.41,65.16
2025-07-22,West,Electronics,8,715.18,220.62
2025-07-22,West,Clothing,12,291.14,130.06
2025-07-22,West,Home & Garden,3,368.21,165.52
2025-07-22,West,Sports,6,215.33,76.74
2025-07-23,North,Electronics,14,603.22,264.54
2025-07-23,North,Clothing,3,165.75,43.72
2025-07-23,North,Home & Garden,9,206.63,67.98
2025-07-23,North,Sports,10,161.35,60.83
2025-07-23,South,Electronics,6,500.87,220.4
2025-07-23,South,Clothing,13,157.31,68.16
2025-07-23,South,Home & Garden,14,331.49,90.64
2025-07-23,South,Sports,6,84.24,22.11
2025-07-23,East,Electronics,11,563.72,228.69
2025-07-23,East,Clothing,9,264.8,105.11
2025-07-23,East,Home & Garden,5,226.8,63.59
2025-07-23,East,Sports,7,180.44,64.05
2025-07-23,West,Electronics,8,377.76,98.68
2025-07-23,West,Clothing,10,211.69,92.54
2025-07-23,West,Home & Garden,7,309.76,79.52
2025-07-23,West,Sports,9,144.15,64.25
2025-07-24,North,Electronics,8,496.43,189.56
2025-07-24,North,Clothing,11,235.39,72.56
2025-07-24,North,Home & Garden,14,242.89,101.53
2025-07-24,North,Sports,8,167.18,46.08
2025-07-24,South,Electronics,10,448.9,156.77
2025-07-24,South,Clothing,8,123.14,53.21
2025-07-24,South,Home & Garden,9,121.72,35.26
2025-07-24,South,Sports,5,159.76,51.25
2025-07-24,East,Electronics,6,606.38,206.05
2025-07-24,East,Clothing,9,168.4,44.99
2025-07-24,East,Home & Garden,7,148.58,52.46
2025-07-24,East,Sports,12,148.03,55.67
2025-07-24,West,Electronics,8,646.83,167.74
2025-07-24,West,Clothing,9,202.2,55.44
2025-07-24,West,Home & Garden,14,323.43,81.1
2025-07-24,West,Sports,11,128.81,50.93
2025-07-25,North,Electronics,8,298.89,129.56
2025-07-25,North,Clothing,8,161.37,58.09
2025-07-25,North,Home & Garden,9,389.55,118.49
2025-07-25,North,Sports,5,189.18,77.24
2025-07-25,South,Electronics,9,365.75,91.53
2025-07-25,South,Clothing,7,143.97,45.63
2025-07-25,South,Home & Garden,10,231.79,79.94
2025-07-25,South,Sports,4,118.66,37.02
2025-07-25,East,Electronics,6,562.84,197.45
2025-07-25,East,Clothing,6,294.16,116.66
2025-07-25,East,Home & Garden,6,308.4,98.47
2025-07-25,East,Sports,13,195.99,76.57
2025-07-25,West,Electronics,6,524.05,153.26
2025-07-25,West,Clothing,6,220.75,76.56
2025-07-25,West,Home & Garden,11,233.18,65.94
2025-07-25,West,Sports,9,228.7,80.14
2025-07-26,North,Electronics,8,844.52,275.64
2025-07-26,North,Clothing,12,326.9,124.64
2025-07-26,North,Home & Garden,7,433.08,154.41
2025-07-26,North,Sports,9,137.23,50.33
2025-07-26,South,Electronics,4,829.92,341.03
2025-07-26,South,Clothing,2,168.7,70.26
2025-07-26,South,Home & Garden,11,512.27,200.0
2025-07-26,South,Sports,12,95.64,31.67
2025-07-26,East,Electronics,11,468.91,142.83
2025-07-26,East,Clothing,15,378.35,157.93
2025-07-26,East,Home & Garden,8,273.88,97.1
2025-07-26,East,Sports,7,309.79,133.38
2025-07-26,West,Electronics,12,591.77,175.94
2025-07-26,West,Clothing,11,224.62,81.68
2025-07-26,West,Home & Garden,15,355.7,148.87
2025-07-26,West,Sports,8,236.05,62.51
2025-07-27,North,Electronics,7,769.9,274.85
2025-07-27,North,Clothing,9,197.32,70.31
2025-07-27,North,Home & Garden,16,396.94,151.24
2025-07-27,North,Sports,11,252.76,86.43
2025-07-27,South,Electronics,2,675.35,222.04
2025-07-27,South,Clothing,6,376.65,97.99
2025-07-27,South,Home & Garden,11,393.79,125.99
2025-07-27,South,Sports,12,152.38,50.06
2025-07-27,East,Electronics,6,642.16,205.55
2025-07-27,East,Clothing,5,320.24,143.26
2025-07-27,East,Home & Garden,11,552.78,145.63
2025-07-27,East,Sports,15,301.57,115.43
2025-07-27,West,Electronics,13,598.34,184.82
2025-07-27,West,Clothing,5,214.55,68.04
2025-07-27,West,Home & Garden,9,250.43,77.68
2025-07-27,West,Sports,6,126.61,39.91
2025-07-28,North,Electronics,8,290.37,90.54
2025-07-28,North,Clothing,3,301.16,105.34
2025-07-28,North,Home & Garden,9,284.99,118.8
2025-07-28,North,Sports,5,154.85,43.13
2025-07-28,South,Electronics,6,461.05,151.17
2025-07-28,South,Clothing,4,190.37,63.95
2025-07-28,South,Home & Garden,3,173.28,61.66
2025-07-28,South,Sports,7,80.59,28.99
2025-07-28,East,Electronics,7,662.3,214.17
2025-07-28,East,Clothing,11,236.4,61.56
2025-07-28,East,Home & Garden,10,401.66,125.89
2025-07-28,East,Sports,9,152.02,44.14
2025-07-28,West,Electronics,6,449.38,193.0
2025-07-28,West,Clothing,8,180.81,46.91
2025-07-28,West,Home & Garden,4,287.88,95.19
2025-07-28,West,Sports,4,140.33,45.11
2025-07-29,North,Electronics,3,413.81,115.33
2025-07-29,North,Clothing,12,217.67,84.8
2025-07-29,North,Home & Garden,9,178.22,62.36
2025-07-29,North,Sports,13,149.12,65.96
2025-07-29,South,Electronics,8,479.05,173.57
2025-07-29,South,Clothing,13,181.26,51.55
2025-07-29,South,Home & Garden,7,348.68,118.96
2025-07-29,South,Sports,14,125.67,32.64
2025-07-29,East,Electronics,6,850.53,244.43
2025-07-29,East,Clothing,4,242.58,82.74
2025-07-29,East,Home & Garden,4,245.1,74.45
2025-07-29,East,Sports,6,149.29,64.01
2025-07-29,West,Electronics,9,586.53,158.67
2025-07-29,West,Clothing,8,90.41,27.03
2025-07-29,West,Home & Garden,6,249.81,99.9
2025-07-29,West,Sports,9,182.94,67.74
2025-07-30,North,Electronics,9,478.48,121.24
2025-07-30,North,Clothing,3,216.87,60.02
2025-07-30,North,Home & Garden,6,344.53,114.67
2025-07-30,North,Sports,4,152.52,40.78
2025-07-30,South,Electronics,13,628.58,179.12
2025-07-30,South,Clothing,7,190.86,85.49
2025-07-30,South,Home & Garden,6,232.33,61.53
2025-07-30,South,Sports,7,123.16,44.21
2025-07-30,East,Electronics,5,810.37,325.22
2025-07-30,East,Clothing,5,295.44,132.87
2025-07-30,East,Home & Garden,2,261.05,76.08
2025-07-30,East,Sports,8,217.53,90.69
2025-07-30,West,Electronics,14,294.85,90.71
2025-07-30,West,Clothing,6,190.43,61.4
2025-07-30,West,Home & Garden,9,319.06,122.25
2025-07-30,West,Sports,13,173.75,58.6
2025-07-31,North,Electronics,10,571.24,254.87
2025-07-31,North,Clothing,9,251.3,91.06
2025-07-31,North,Home & Garden,6,370.07,122.83
2025-07-31,North,Sports,7,228.11,89.23
2025-07-31,South,Electronics,12,504.02,195.8
2025-07-31,South,Clothing,9,107.13,38.55
2025-07-31,South,Home & Garden,9,288.55,100.66
2025-07-31,South,Sports,10,154.28,50.02
2025-07-31,East,Electronics,7,721.64,313.97
2025-07-31,East,Clothing,7,203.42,80.04
2025-07-31,East,Home & Garden,7,394.91,127.83
2025-07-31,East,Sports,6,214.69,59.03
2025-07-31,West,Electronics,12,531.66,149.79
2025-07-31,West,Clothing,11,191.77,79.79
2025-07-31,West,Home & Garden,6,206.74,63.61
2025-07-31,West,Sports,7,210.88,77.78
2025-08-01,North,Electronics,6,680.77,261.96
2025-08-01,North,Clothing,10,209.08,87.45
2025-08-01,North,Home & Garden,11,359.62,96.26
2025-08-01,North,Sports,9,163.92,57.56
2025-08-01,South,Electronics,4,365.51,145.18
2025-08-01,South,Clothing,9,184.79,54.0
2025-08-01,South,Home & Garden,2,418.16,163.89
2025-08-01,South,Sports,6,150.12,42.2
2025-08-01,East,Electronics,10,721.47,229.02
2025-08-01,East,Clothing,3,361.79,105.08
2025-08-01,East,Home & Garden,8,355.83,118.26
2025-08-01,East,Sports,9,225.91,60.87
2025-08-01,West,Electronics,9,411.25,161.46
2025-08-01,West,Clothing,6,148.87,37.38
2025-08-01,West,Home & Garden,7,388.53,111.45
2025-08-01,West,Sports,11,161.43,64.19
2025-08-02,North,Electronics,14,526.2,155.58
2025-08-02,North,Clothing,10,317.26,99.77
2025-08-02,North,Home & Garden,14,375.55,130.96
2025-08-02,North,Sports,13,200.23,54.2
2025-08-02,South,Electronics,6,437.4,153.5
2025-08-02,South,Clothing,13,138.01,42.43
2025-08-02,South,Home & Garden,16,166.66,62.9
2025-08-02,South,Sports,17,230.51,63.55
2025-08-02,East,Electronics,10,463.24,164.69
2025-08-02,East,Clothing,8,450.88,122.46
2025-08-02,East,Home & Garden,9,550.67,243.34
2025-08-02,East,Sports,10,202.32,90.8
2025-08-02,West,Electronics,12,692.54,283.06
2025-08-02,West,Clothing,7,400.15,180.03
2025-08-02,West,Home & Garden,9,393.01,150.61
2025-08-02,West,Sports,10,284.02,116.01
2025-08-03,North,Electronics,12,601.89,209.55
2025-08-03,North,Clothing,14,136.66,59.37
2025-08-03,North,Home & Garden,11,414.21,108.04
2025-08-03,North,Sports,11,280.61,95.7
2025-08-03,South,Electronics,10,668.01,287.16
2025-08-03,South,Clothing,7,275.63,91.99
2025-08-03,South,Home & Garden,14,297.57,85.7
2025-08-03,South,Sports,15,207.0,59.61
2025-08-03,East,Electronics,6,923.72,357.02
2025-08-03,East,Clothing,9,110.29,45.6
2025-08-03,East,Home & Garden,8,380.28,137.49
2025-08-03,East,Sports,7,289.76,81.86
2025-08-03,West,Electronics,9,945.72,279.57
2025-08-03,West,Clothing,13,167.94,45.39
2025-08-03,West,Home & Garden,11,534.87,224.63
2025-08-03,West,Sports,4,193.67,81.3
2025-08-04,North,Electronics,5,287.42,88.89
2025-08-04,North,Clothing,8,258.15,84.69
2025-08-04,North,Home & Garden,14,376.44,132.41
2025-08-04,North,Sports,10,175.99,55.48
2025-08-04,South,Electronics,10,417.51,133.57
2025-08-04,South,Clothing,11,164.94,52.69
2025-08-04,South,Home & Garden,9,323.68,138.19
2025-08-04,South,Sports,4,95.95,41.76
2025-08-04,East,Electronics,4,705.04,299.58
2025-08-04,East,Clothing,15,237.31,86.81
2025-08-04,East,Home & Garden,6,338.03,138.85
2025-08-04,East,Sports,10,98.73,29.49
2025-08-04,West,Electronics,8,154.02,66.16
2025-08-04,West,Clothing,7,219.42,55.57
2025-08-04,West,Home & Garden,8,266.47,98.8
2025-08-04,West,Sports,9,151.49,50.7
2025-08-05,North,Electronics,5,479.76,214.65
2025-08-05,North,Clothing,7,224.69,81.64
2025-08-05,North,Home & Garden,9,410.77,136.62
2025-08-05,North,Sports,1,183.1,46.27
2025-08-05,South,Electronics,8,521.99,145.54
2025-08-05,South,Clothing,7,156.89,46.68
2025-08-05,South,Home & Garden,7,261.53,77.98
2025-08-05,South,Sports,10,62.38,16.9
2025-08-05,East,Electronics,9,822.09,210.98
2025-08-05,East,Clothing,12,327.84,100.52
2025-08-05,East,Home & Garden,11,168.68,57.66
2025-08-05,East,Sports,9,133.91,47.18
2025-08-05,West,Electronics,12,409.16,112.04
2025-08-05,West,Clothing,9,203.0,61.73
2025-08-05,West,Home & Garden,11,225.46,90.75
2025-08-05,West,Sports,5,142.85,61.01
2025-08-06,North,Electronics,8,397.66,168.68
2025-08-06,North,Clothing,8,201.94,90.23
2025-08-06,North,Home & Garden,12,272.7,117.56
2025-08-06,North,Sports,7,169.2,55.01
2025-08-06,South,Electronics,8,458.13,160.1
2025-08-06,South,Clothing,6,216.94,64.78
2025-08-06,South,Home & Garden,10,336.13,108.91
2025-08-06,South,Sports,13,181.82,63.8
2025-08-06,East,Electronics,7,689.97,252.09
2025-08-06,East,Clothing,9,214.81,74.71
2025-08-06,East,Home & Garden,14,222.16,62.43
2025-08-06,East,Sports,15,243.45,87.88
2025-08-06,West,Electronics,5,635.38,184.31
2025-08-06,West,Clothing,11,209.64,83.33
2025-08-06,West,Home & Garden,5,400.15,132.26
2025-08-06,West,Sports,7,168.59,65.34
2025-08-07,North,Electronics,7,623.98,238.88
2025-08-07,North,Clothing,7,185.96,58.32
2025-08-07,North,Home & Garden,10,385.18,111.73
2025-08-07,North,Sports,5,182.4,68.15
2025-08-07,South,Electronics,8,440.98,196.29
2025-08-07,South,Clothing,3,148.04,65.15
2025-08-07,South,Home & Garden,9,333.21,93.51
2025-08-07,South,Sports,10,86.82,30.44
2025-08-07,East,Electronics,3,883.35,278.71
2025-08-07,East,Clothing,7,253.67,85.66
2025-08-07,East,Home & Garden,9,207.49,65.75
2025-08-07,East,Sports,7,166.97,50.07
2025-08-07,West,Electronics,5,403.88,166.13
2025-08-07,West,Clothing,11,217.73,96.19
2025-08-07,West,Home & Garden,2,292.01,113.51
2025-08-07,West,Sports,11,204.63,72.16
2025-08-08,North,Electronics,8,561.43,162.03
2025-08-08,North,Clothing,9,253.69,88.69
2025-08-08,North,Home & Garden,9,356.67,146.06
2025-08-08,North,Sports,8,182.21,70.02
2025-08-08,South,Electronics,3,609.44,157.28
2025-08-08,South,Clothing,16,247.34,66.1
2025-08-08,South,Home & Garden,13,315.42,95.5
2025-08-08,South,Sports,8,143.72,61.37
2025-08-08,East,Electronics,6,659.65,211.57
2025-08-08,East,Clothing,6,214.18,92.06
2025-08-08,East,Home & Garden,7,222.55,85.5
2025-08-08,East,Sports,11,174.91,67.21
2025-08-08,West,Electronics,7,564.73,209.32
2025-08-08,West,Clothing,4,179.3,72.61
2025-08-08,West,Home & Garden,8,308.57,97.29
2025-08-08,West,Sports,5,200.22,71.84
2025-08-09,North,Electronics,5,294.69,105.04
2025-08-09,North,Clothing,7,282.78,71.97
2025-08-09,North,Home & Garden,10,328.78,100.48
2025-08-09,North,Sports,13,258.77,115.01
2025-08-09,South,Electronics,4,562.75,146.5
2025-08-09,South,Clothing,10,274.8,115.08
2025-08-09,South,Home & Garden,11,354.03,104.98
2025-08-09,South,Sports,7,212.52,95.1
2025-08-09,East,Electronics,7,770.22,194.41
2025-08-09,East,Clothing,16,285.58,108.91
2025-08-09,East,Home & Garden,5,544.64,224.79
2025-08-09,East,Sports,13,213.16,79.39
2025-08-09,West,Electronics,5,683.76,273.0
2025-08-09,West,Clothing,11,239.71,94.46
2025-08-09,West,Home & Garden,6,220.1,98.24
2025-08-09,West,Sports,12,102.05,31.76
2025-08-10,North,Electronics,10,472.06,176.41
2025-08-10,North,Clothing,14,278.22,92.27
2025-08-10,North,Home & Garden,11,363.02,97.69
2025-08-10,North,Sports,13,192.96,78.4
2025-08-10,South,Electronics,12,495.49,167.05
2025-08-10,South,Clothing,12,281.95,83.99
2025-08-10,South,Home & Garden,6,348.82,133.15
2025-08-10,South,Sports,10,205.77,66.84
2025-08-10,East,Electronics,12,910.97,311.85
2025-08-10,East,Clothing,6,368.48,164.58
2025-08-10,East,Home & Garden,7,524.98,210.61
2025-08-10,East,Sports,15,251.31,108.01
2025-08-10,West,Electronics,10,260.45,99.4
2025-08-10,West,Clothing,14,220.64,55.56
2025-08-10,West,Home & Garden,13,520.54,152.14
2025-08-10,West,Sports,6,198.64,64.8
2025-08-11,North,Electronics,7,676.56,260.57
2025-08-11,North,Clothing,9,294.47,123.96
2025-08-11,North,Home & Garden,8,371.05,131.1
2025-08-11,North,Sports,7,100.16,45.05
2025-08-11,South,Electronics,6,442.49,113.11
2025-08-11,South,Clothing,7,104.23,39.37
2025-08-11,South,Home & Garden,6,323.16,137.59
2025-08-11,South,Sports,13,172.25,57.19
2025-08-11,East,Electronics,4,599.05,250.9
2025-08-11,East,Clothing,6,262.91,67.42
2025-08-11,East,Home & Garden,9,311.04,120.61
2025-08-11,East,Sports,5,194.41,66.83
2025-08-11,West,Electronics,12,556.02,182.17
2025-08-11,West,Clothing,7,210.3,55.37
2025-08-11,West,Home & Garden,11,376.82,130.73
2025-08-11,West,Sports,9,129.3,35.52
2025-08-12,North,Electronics,7,542.35,152.7
2025-08-12,North,Clothing,6,224.66,59.74
2025-08-12,North,Home & Garden,11,227.42,61.03
2025-08-12,North,Sports,6,184.1,50.45
2025-08-12,South,Electronics,4,375.49,104.22
2025-08-12,South,Clothing,9,144.82,45.52
2025-08-12,South,Home & Garden,4,287.7,84.06
2025-08-12,South,Sports,7,104.19,39.1
2025-08-12,East,Electronics,11,642.49,175.37
2025-08-12,East,Clothing,6,281.45,77.21
2025-08-12,East,Home & Garden,5,506.93,216.55
2025-08-12,East,Sports,5,163.79,57.3
2025-08-12,West,Electronics,9,652.43,238.29
2025-08-12,West,Clothing,1,257.98,113.54
2025-08-12,West,Home & Garden,6,287.37,102.93
2025-08-12,West,Sports,5,166.86,45.84
2025-08-13,North,Electronics,5,615.47,235.25
2025-08-13,North,Clothing,4,165.03,43.6
2025-08-13,North,Home & Garden,6,202.32,71.87
2025-08-13,North,Sports,9,134.53,52.49
2025-08-13,South,Electronics,7,371.69,123.74
2025-08-13,South,Clothing,8,149.63,47.92
2025-08-13,South,Home & Garden,8,178.42,74.58
2025-08-13,South,Sports,9,155.87,52.69
2025-08-13,East,Electronics,10,743.94,285.78
2025-08-13,East,Clothing,7,217.43,66.97
2025-08-13,East,Home & Garden,9,272.62,76.5
2025-08-13,East,Sports,10,190.6,68.5
2025-08-13,West,Electronics,7,436.77,195.43
2025-08-13,West,Clothing,9,176.42,61.8
2025-08-13,West,Home & Garden,14,238.72,84.44
2025-08-13,West,Sports,13,90.67,31.32
2025-08-14,North,Electronics,5,488.16,140.94
2025-08-14,North,Clothing,5,183.59,79.85
2025-08-14,North,Home & Garden,6,229.99,66.28
2025-08-14,North,Sports,10,151.01,54.41
2025-08-14,South,Electronics,10,313.06,126.11
2025-08-14,South,Clothing,10,207.72,86.66
2025-08-14,South,Home & Garden,9,331.43,106.8
2025-08-14,South,Sports,4,126.34,32.71
2025-08-14,East,Electronics,11,600.02,184.78
2025-08-14,East,Clothing,5,283.02,103.57
2025-08-14,East,Home & Garden,6,393.25,98.91
2025-08-14,East,Sports,8,263.51,95.63
2025-08-14,West,Electronics,17,722.31,278.26
2025-08-14,West,Clothing,6,212.25,61.97
2025-08-14,West,Home & Garden,11,219.47,78.12
2025-08-14,West,Sports,6,202.4,73.47
2025-08-15,North,Electronics,5,510.27,166.22
2025-08-15,North,Clothing,9,202.88,66.11
2025-08-15,North,Home & Garden,5,501.45,204.33
2025-08-15,North,Sports,6,146.0,42.07
2025-08-15,South,Electronics,10,397.28,127.06
2025-08-15,South,Clothing,12,179.95,69.16
2025-08-15,South,Home & Garden,10,322.25,96.55
2025-08-15,South,Sports,3,113.91,49.21
2025-08-15,East,Electronics,10,674.03,172.95
2025-08-15,East,Clothing,7,157.45,49.77
2025-08-15,East,Home & Garden,5,331.89,95.31
2025-08-15,East,Sports,6,190.03,67.65
2025-08-15,West,Electronics,8,684.89,244.1
2025-08-15,West,Clothing,8,138.28,56.38
2025-08-15,West,Home & Garden,8,361.32,149.96
2025-08-15,West,Sports,7,149.09,49.47
2025-08-16,North,Electronics,5,941.37,364.0
2025-08-16,North,Clothing,9,423.94,120.85
2025-08-16,North,Home & Garden,12,283.52,101.96
2025-08-16,North,Sports,13,151.7,53.9
2025-08-16,South,Electronics,11,373.74,138.21
2025-08-16,South,Clothing,16,180.55,45.2
2025-08-16,South,Home & Garden,8,363.37,133.05
2025-08-16,South,Sports,8,179.93,78.4
2025-08-16,East,Electronics,9,697.5,234.57
2025-08-16,East,Clothing,10,224.04,59.28
2025-08-16,East,Home & Garden,10,351.11,145.4
2025-08-16,East,Sports,10,353.2,153.3
2025-08-16,West,Electronics,14,273.13,102.27
2025-08-16,West,Clothing,11,293.26,74.04
2025-08-16,West,Home & Garden,12,393.98,110.14
2025-08-16,West,Sports,15,298.42,105.73
2025-08-17,North,Electronics,12,423.14,143.28
2025-08-17,North,Clothing,11,238.55,90.09
2025-08-17,North,Home & Garden,10,518.23,151.6
2025-08-17,North,Sports,8,225.77,70.81
2025-08-17,South,Electronics,16,383.06,99.31
2025-08-17,South,Clothing,6,145.63,45.35
2025-08-17,South,Home & Garden,14,325.8,128.23
2025-08-17,South,Sports,9,133.78,40.63
2025-08-17,East,Electronics,5,798.5,328.82
2025-08-17,East,Clothing,8,218.84,64.77
2025-08-17,East,Home & Garden,11,567.94,219.05
2025-08-17,East,Sports,11,162.34,55.58
2025-08-17,West,Electronics,10,677.0,283.95
2025-08-17,West,Clothing,12,425.88,121.01
2025-08-17,West,Home & Garden,5,600.13,241.74
2025-08-17,West,Sports,13,142.9,55.42
2025-08-18,North,Electronics,6,501.65,204.36
2025-08-18,North,Clothing,6,241.94,83.59
2025-08-18,North,Home & Garden,5,250.27,68.16
2025-08-18,North,Sports,11,217.83,91.87
2025-08-18,South,Electronics,10,628.39,162.08
2025-08-18,South,Clothing,7,152.61,55.15
2025-08-18,South,Home & Garden,11,352.25,110.13
2025-08-18,South,Sports,12,140.81,39.69
2025-08-18,East,Electronics,5,672.41,278.94
2025-08-18,East,Clothing,7,170.6,45.22
2025-08-18,East,Home & Garden,7,370.26,130.94
2025-08-18,East,Sports,5,185.13,49.21
2025-08-18,West,Electronics,17,410.7,163.46
2025-08-18,West,Clothing,6,268.57,110.87
2025-08-18,West,Home & Garden,10,347.8,135.88
2025-08-18,West,Sports,9,137.46,56.51
2025-08-19,North,Electronics,5,598.61,167.64
2025-08-19,North,Clothing,8,183.07,77.99
2025-08-19,North,Home & Garden,9,402.93,180.53
2025-08-19,North,Sports,9,140.05,36.34
2025-08-19,South,Electronics,4,406.02,130.6
2025-08-19,South,Clothing,9,147.92,58.75
2025-08-19,South,Home & Garden,13,292.58,101.96
2025-08-19,South,Sports,10,182.0,50.38
2025-08-19,East,Electronics,9,547.38,162.03
2025-08-19,East,Clothing,4,179.37,71.73
2025-08-19,East,Home & Garden,7,464.93,180.12
2025-08-19,East,Sports,6,149.79,41.01
2025-08-19,West,Electronics,7,290.16,121.44
2025-08-19,West,Clothing,11,199.41,69.15
2025-08-19,West,Home & Garden,10,315.92,101.73
2025-08-19,West,Sports,6,206.55,63.44
2025-08-20,North,Electronics,7,604.05,180.88
2025-08-20,North,Clothing,8,193.93,80.33
2025-08-20,North,Home & Garden,6,396.38,133.39
2025-08-20,North,Sports,9,114.35,49.77
2025-08-20,South,Electronics,4,700.37,196.11
2025-08-20,South,Clothing,7,246.43,82.0
2025-08-20,South,Home & Garden,7,363.25,119.13
2025-08-20,South,Sports,3,133.86,40.17
2025-08-20,East,Electronics,11,570.33,176.23
2025-08-20,East,Clothing,11,190.57,75.43
2025-08-20,East,Home & Garden,4,145.41,57.82
2025-08-20,East,Sports,8,222.31,59.05
2025-08-20,West,Electronics,10,594.74,266.46
2025-08-20,West,Clothing,7,204.41,80.78
2025-08-20,West,Home & Garden,14,260.92,115.35
2025-08-20,West,Sports,2,145.3,42.78
2025-08-21,North,Electronics,4,823.43,355.66
2025-08-21,North,Clothing,8,247.97,71.82
2025-08-21,North,Home & Garden,5,223.94,69.58
2025-08-21,North,Sports,10,195.35,76.3
2025-08-21,South,Electronics,4,501.15,201.43
2025-08-21,South,Clothing,3,138.16,61.53
2025-08-21,South,Home & Garden,2,221.07,85.42
2025-08-21,South,Sports,10,142.98,41.94
2025-08-21,East,Electronics,6,610.6,202.38
2025-08-21,East,Clothing,11,275.51,90.33
2025-08-21,East,Home & Garden,3,227.16,62.84
2025-08-21,East,Sports,7,153.47,66.16
2025-08-21,West,Electronics,5,572.78,244.02
2025-08-21,West,Clothing,11,215.5,78.48
2025-08-21,West,Home & Garden,5,323.03,86.84
2025-08-21,West,Sports,15,123.73,32.52
2025-08-22,North,Electronics,2,226.12,71.91
2025-08-22,North,Clothing,9,175.77,68.57
2025-08-22,North,Home & Garden,6,321.42,114.65
2025-08-22,North,Sports,13,179.16,59.3
2025-08-22,South,Electronics,12,447.5,123.64
2025-08-22,South,Clothing,6,229.53,79.94
2025-08-22,South,Home & Garden,9,282.6,112.72
2025-08-22,South,Sports,7,164.36,62.08
2025-08-22,East,Electronics,10,694.89,194.87
2025-08-22,East,Clothing,3,273.86,111.84
2025-08-22,East,Home & Garden,4,309.42,100.75
2025-08-22,East,Sports,3,178.87,55.99
2025-08-22,West,Electronics,3,508.01,167.42
2025-08-22,West,Clothing,6,226.43,79.56
2025-08-22,West,Home & Garden,9,290.63,130.51
2025-08-22,West,Sports,11,128.15,48.83
2025-08-23,North,Electronics,7,686.72,214.64
2025-08-23,North,Clothing,9,337.69,105.1
2025-08-23,North,Home & Garden,9,551.51,177.08
2025-08-23,North,Sports,12,200.58,63.41
2025-08-23,South,Electronics,14,435.58,188.39
2025-08-23,South,Clothing,9,246.17,78.21
2025-08-23,South,Home & Garden,9,385.53,123.54
2025-08-23,South,Sports,9,200.6,88.54
2025-08-23,East,Electronics,10,622.89,246.36
2025-08-23,East,Clothing,10,286.45,85.26
2025-08-23,East,Home & Garden,3,390.54,111.79
2025-08-23,East,Sports,16,163.49,66.38
2025-08-23,West,Electronics,10,931.19,380.54
2025-08-23,West,Clothing,8,276.65,77.14
2025-08-23,West,Home & Garden,9,451.94,120.27
2025-08-23,West,Sports,12,188.28,67.52
2025-08-24,North,Electronics,13,412.34,184.51
2025-08-24,North,Clothing,6,451.3,142.39
2025-08-24,North,Home & Garden,10,351.32,94.73
2025-08-24,North,Sports,14,155.26,46.02
2025-08-24,South,Electronics,19,597.48,175.05
2025-08-24,South,Clothing,3,308.31,117.06
2025-08-24,South,Home & Garden,9,550.05,209.59
2025-08-24,South,Sports,14,95.04,31.51
2025-08-24,East,Electronics,10,1003.92,270.96
2025-08-24,East,Clothing,8,381.7,112.69
2025-08-24,East,Home & Garden,13,511.23,213.75
2025-08-24,East,Sports,11,248.37,63.83
2025-08-24,West,Electronics,14,769.9,337.18
2025-08-24,West,Clothing,5,364.06,159.22
2025-08-24,West,Home & Garden,9,349.12,92.14
2025-08-24,West,Sports,11,215.2,70.92
2025-08-25,North,Electronics,9,339.77,149.24
2025-08-25,North,Clothing,8,300.84,116.98
2025-08-25,North,Home & Garden,10,298.82,127.58
2025-08-25,North,Sports,9,132.54,55.54
2025-08-25,South,Electronics,8,484.86,122.46
2025-08-25,South,Clothing,9,223.01,73.25
2025-08-25,South,Home & Garden,6,233.35,68.28
2025-08-25,South,Sports,3,135.42,60.04
2025-08-25,East,Electronics,8,532.47,166.92
2025-08-25,East,Clothing,10,205.3,61.12
2025-08-25,East,Home & Garden,5,356.86,113.37
2025-08-25,East,Sports,9,131.62,53.36
2025-08-25,West,Electronics,5,355.91,146.22
2025-08-25,West,Clothing,4,212.83,74.88
2025-08-25,West,Home & Garden,5,315.52,83.44
2025-08-25,West,Sports,5,134.16,54.35
2025-08-26,North,Electronics,5,817.28,226.49
2025-08-26,North,Clothing,7,220.74,61.02
2025-08-26,North,Home & Garden,13,250.84,111.59
2025-08-26,North,Sports,7,133.5,45.23
2025-08-26,South,Electronics,11,374.84,144.12
2025-08-26,South,Clothing,10,222.08,80.81
2025-08-26,South,Home & Garden,10,230.83,68.32
2025-08-26,South,Sports,8,128.02,35.24
2025-08-26,East,Electronics,8,602.3,183.4
2025-08-26,East,Clothing,10,245.88,69.62
2025-08-26,East,Home & Garden,10,402.62,148.07
2025-08-26,East,Sports,5,122.32,52.7
2025-08-26,West,Electronics,11,613.69,270.83
2025-08-26,West,Clothing,8,182.35,52.7
2025-08-26,West,Home & Garden,7,389.26,169.42
2025-08-26,West,Sports,9,114.97,35.87
2025-08-27,North,Electronics,8,331.53,144.77
2025-08-27,North,Clothing,7,272.61,81.86
2025-08-27,North,Home & Garden,4,209.56,91.26
2025-08-27,North,Sports,9,246.61,90.04
2025-08-27,South,Electronics,10,394.99,145.16
2025-08-27,South,Clothing,12,204.84,76.39
2025-08-27,South,Home & Garden,7,329.71,115.61
2025-08-27,South,Sports,7,132.83,52.68
2025-08-27,East,Electronics,8,917.02,372.32
2025-08-27,East,Clothing,9,211.25,90.94
2025-08-27,East,Home & Garden,6,348.7,148.51
2025-08-27,East,Sports,8,122.85,47.44
2025-08-27,West,Electronics,12,312.07,93.47
2025-08-27,West,Clothing,4,121.62,44.86
2025-08-27,West,Home & Garden,6,370.05,102.23
2025-08-27,West,Sports,7,169.46,58.91
2025-08-28,North,Electronics,10,632.4,255.26
2025-08-28,North,Clothing,7,222.61,81.03
2025-08-28,North,Home & Garden,7,273.76,110.25
2025-08-28,North,Sports,12,143.82,53.93
2025-08-28,South,Electronics,7,221.92,64.21
2025-08-28,South,Clothing,10,234.96,80.09
2025-08-28,South,Home & Garden,9,262.41,87.44
2025-08-28,South,Sports,7,206.28,78.62
2025-08-28,East,Electronics,7,435.2,151.92
2025-08-28,East,Clothing,13,283.03,122.28
2025-08-28,East,Home & Garden,7,310.89,138.01
2025-08-28,East,Sports,6,138.92,56.0
2025-08-28,West,Electronics,5,386.43,99.34
2025-08-28,West,Clothing,8,234.96,88.61
2025-08-28,West,Home & Garden,8,206.57,80.86
2025-08-28,West,Sports,6,150.09,44.8
2025-08-29,North,Electronics,9,494.96,167.71
2025-08-29,North,Clothing,7,226.9,71.02
2025-08-29,North,Home & Garden,8,360.82,119.88
2025-08-29,North,Sports,8,153.72,39.17
2025-08-29,South,Electronics,6,422.23,121.29
2025-08-29,South,Clothing,12,233.93,78.55
2025-08-29,South,Home & Garden,7,315.4,126.18
2025-08-29,South,Sports,9,154.66,62.75
2025-08-29,East,Electronics,8,781.56,224.36
2025-08-29,East,Clothing,7,277.84,83.44
2025-08-29,East,Home & Garden,9,226.15,93.89
2025-08-29,East,Sports,12,195.76,50.51
2025-08-29,West,Electronics,3,778.43,247.41
2025-08-29,West,Clothing,4,142.3,59.46
2025-08-29,West,Home & Garden,10,233.14,94.35
2025-08-29,West,Sports,7,145.41,48.16
2025-08-30,North,Electronics,4,586.42,221.06
2025-08-30,North,Clothing,8,237.7,75.76
2025-08-30,North,Home & Garden,6,242.92,92.51
2025-08-30,North,Sports,10,221.46,72.35
2025-08-30,South,Electronics,10,572.68,189.09
2025-08-30,South,Clothing,10,151.82,63.59
2025-08-30,South,Home & Garden,16,401.59,155.12
2025-08-30,South,Sports,10,187.63,84.25
2025-08-30,East,Electronics,10,704.5,237.81
2025-08-30,East,Clothing,8,314.18,81.2
2025-08-30,East,Home & Garden,9,616.3,157.7
2025-08-30,East,Sports,9,180.22,48.15
2025-08-30,West,Electronics,15,670.74,209.65
2025-08-30,West,Clothing,9,170.72,66.95
2025-08-30,West,Home & Garden,11,408.82,132.02
2025-08-30,West,Sports,13,213.69,88.81
2025-08-31,North,Electronics,12,1093.99,488.13
2025-08-31,North,Clothing,6,420.49,152.49
2025-08-31,North,Home & Garden,10,409.56,142.86
2025-08-31,North,Sports,16,174.68,72.74
2025-08-31,South,Electronics,6,595.94,186.24
2025-08-31,South,Clothing,14,322.93,141.81
2025-08-31,South,Home & Garden,13,201.12,66.14
2025-08-31,South,Sports,11,249.43,106.46
2025-08-31,East,Electronics,16,1356.29,436.76
2025-08-31,East,Clothing,11,265.94,109.87
2025-08-31,East,Home & Garden,8,487.2,185.71
2025-08-31,East,Sports,9,333.63,116.67
2025-08-31,West,Electronics,10,905.55,401.18
2025-08-31,West,Clothing,13,313.49,100.97
2025-08-31,West,Home & Garden,16,464.27,199.1
2025-08-31,West,Sports,13,89.73,32.75
2025-09-01,North,Electronics,7,595.07,169.58
2025-09-01,North,Clothing,13,300.56,94.01
2025-09-01,North,Home & Garden,6,372.28,163.69
2025-09-01,North,Sports,5,164.39,73.41
2025-09-01,South,Electronics,6,466.36,155.2
2025-09-01,South,Clothing,7,339.12,143.33
2025-09-01,South,Home & Garden,5,236.68,72.85
2025-09-01,South,Sports,11,156.88,40.6
2025-09-01,East,Electronics,11,465.21,171.97
2025-09-01,East,Clothing,6,229.25,75.19
2025-09-01,East,Home & Garden,8,467.58,191.4
2025-09-01,East,Sports,3,200.97,53.04
2025-09-01,West,Electronics,7,457.78,132.03
2025-09-01,West,Clothing,9,244.47,80.48
2025-09-01,West,Home & Garden,5,365.2,95.3
2025-09-01,West,Sports,8,168.21,58.17
2025-09-02,North,Electronics,3,200.98,78.59
2025-09-02,North,Clothing,1,286.35,101.91
2025-09-02,North,Home & Garden,5,282.32,115.88
2025-09-02,North,Sports,10,133.03,45.05
2025-09-02,South,Electronics,10,384.83,135.81
2025-09-02,South,Clothing,7,140.36,51.18
2025-09-02,South,Home & Garden,5,233.81,98.66
2025-09-02,South,Sports,6,110.74,30.63
2025-09-02,East,Electronics,12,480.84,183.78
2025-09-02,East,Clothing,6,275.08,91.36
2025-09-02,East,Home & Garden,5,258.8,72.67
2025-09-02,East,Sports,10,141.77,36.22
2025-09-02,West,Electronics,9,553.03,209.64
2025-09-02,West,Clothing,14,307.87,118.05
2025-09-02,West,Home & Garden,10,344.49,103.42
2025-09-02,West,Sports,5,187.25,49.77
2025-09-03,North,Electronics,8,629.01,209.13
2025-09-03,North,Clothing,6,59.83,22.44
2025-09-03,North,Home & Garden,8,286.27,122.2
2025-09-03,North,Sports,3,122.83,55.12
2025-09-03,South,Electronics,10,156.37,51.95
2025-09-03,South,Clothing,5,226.34,56.9
2025-09-03,South,Home & Garden,4,193.14,64.83
2025-09-03,South,Sports,7,127.39,39.27
2025-09-03,East,Electronics,7,593.8,245.65
2025-09-03,East,Clothing,4,295.65,118.06
2025-09-03,East,Home & Garden,5,291.33,122.42
2025-09-03,East,Sports,7,138.07,55.67
2025-09-03,West,Electronics,6,438.96,116.39
2025-09-03,West,Clothing,9,219.9,58.27
2025-09-03,West,Home & Garden,9,456.87,189.54
2025-09-03,West,Sports,6,154.1,51.16
2025-09-04,North,Electronics,10,594.02,216.73
2025-09-04,North,Clothing,6,281.35,98.46
2025-09-04,North,Home & Garden,3,468.12,124.02
2025-09-04,North,Sports,9,144.58,39.11
2025-09-04,South,Electronics,4,260.04,72.66
2025-09-04,South,Clothing,13,183.58,67.38
2025-09-04,South,Home & Garden,7,256.27,111.06
2025-09-04,South,Sports,9,49.09,14.91
2025-09-04,East,Electronics,7,423.27,135.06
2025-09-04,East,Clothing,7,261.01,65.9
2025-09-04,East,Home & Garden,7,358.27,93.54
2025-09-04,East,Sports,7,216.42,71.22
2025-09-04,West,Electronics,5,536.09,179.97
2025-09-04,West,Clothing,16,139.16,54.45
2025-09-04,West,Home & Garden,3,281.89,76.54
2025-09-04,West,Sports,10,113.16,40.92
2025-09-05,North,Electronics,12,674.58,195.22
2025-09-05,North,Clothing,5,156.28,64.8
2025-09-05,North,Home & Garden,14,482.57,184.97
2025-09-05,North,Sports,9,153.5,63.64
2025-09-05,South,Electronics,7,373.61,163.91
2025-09-05,South,Clothing,7,171.53,63.92
2025-09-05,South,Home & Garden,7,290.1,98.55
2025-09-05,South,Sports,7,121.95,36.47
2025-09-05,East,Electronics,11,758.49,304.79
2025-09-05,East,Clothing,8,338.16,152.16
2025-09-05,East,Home & Garden,5,487.55,142.88
2025-09-05,East,Sports,4,198.45,84.35
2025-09-05,West,Electronics,6,518.83,173.02
2025-09-05,West,Clothing,4,277.33,111.65
2025-09-05,West,Home & Garden,2,263.07,96.23
2025-09-05,West,Sports,13,234.63,92.79
2025-09-06,North,Electronics,13,735.72,312.89
2025-09-06,North,Clothing,11,195.73,55.47
2025-09-06,North,Home & Garden,6,469.41,131.61
2025-09-06,North,Sports,12,246.41,71.61
2025-09-06,South,Electronics,9,563.95,170.12
2025-09-06,South,Clothing,13,213.21,78.13
2025-09-06,South,Home & Garden,9,425.33,138.43
2025-09-06,South,Sports,12,185.49,51.58
2025-09-06,East,Electronics,12,1034.79,461.75
2025-09-06,East,Clothing,14,205.17,88.41
2025-09-06,East,Home & Garden,9,260.33,80.48
2025-09-06,East,Sports,7,67.6,19.58
2025-09-06,West,Electronics,12,462.06,200.11
2025-09-06,West,Clothing,12,294.11,99.2
2025-09-06,West,Home & Garden,11,322.12,120.7
2025-09-06,West,Sports,13,218.48,67.78
2025-09-07,North,Electronics,12,959.26,388.41
2025-09-07,North,Clothing,14,319.37,122.01
2025-09-07,North,Home & Garden,7,421.02,165.56
2025-09-07,North,Sports,12,273.87,92.06
2025-09-07,South,Electronics,12,413.0,141.96
2025-09-07,South,Clothing,12,243.98,78.57
2025-09-07,South,Home & Garden,14,418.12,162.39
2025-09-07,South,Sports,7,139.37,53.29
2025-09-07,East,Electronics,9,535.91,161.58
2025-09-07,East,Clothing,11,376.63,101.03
2025-09-07,East,Home & Garden,7,464.0,167.75
2025-09-07,East,Sports,17,165.14,66.57
2025-09-07,West,Electronics,7,880.63,364.4
2025-09-07,West,Clothing,11,248.41,82.59
2025-09-07,West,Home & Garden,12,439.28,125.95
2025-09-07,West,Sports,18,223.37,59.85
2025-09-08,North,Electronics,4,612.94,229.08
2025-09-08,North,Clothing,5,209.52,88.48
2025-09-08,North,Home & Garden,7,279.55,72.78
2025-09-08,North,Sports,7,209.88,68.71
2025-09-08,South,Electronics,12,542.6,194.91
2025-09-08,South,Clothing,9,208.77,78.11
2025-09-08,South,Home & Garden,4,205.45,78.17
2025-09-08,South,Sports,11,139.52,38.24
2025-09-08,East,Electronics,10,369.57,117.94
2025-09-08,East,Clothing,7,235.51,64.96
2025-09-08,East,Home & Garden,8,326.65,121.48
2025-09-08,East,Sports,8,201.08,75.51
2025-09-08,West,Electronics,7,641.54,220.1
2025-09-08,West,Clothing,9,237.15,63.26
2025-09-08,West,Home & Garden,9,161.69,48.05
2025-09-08,West,Sports,9,159.92,51.82
2025-09-09,North,Electronics,10,525.14,148.76
2025-09-09,North,Clothing,4,304.3,83.55
2025-09-09,North,Home & Garden,7,356.91,108.95
2025-09-09,North,Sports,8,217.0,96.64
2025-09-09,South,Electronics,10,451.69,116.96
2025-09-09,South,Clothing,9,178.83,64.89
2025-09-09,South,Home & Garden,9,299.98,97.91
2025-09-09,South,Sports,6,172.43,49.57
2025-09-09,East,Electronics,11,552.07,147.82
2025-09-09,East,Clothing,8,223.86,77.36
2025-09-09,East,Home & Garden,12,267.72,82.43
2025-09-09,East,Sports,10,150.72,53.67
2025-09-09,West,Electronics,6,448.51,113.6
2025-09-09,West,Clothing,7,156.15,58.18
2025-09-09,West,Home & Garden,12,267.16,75.46
2025-09-09,West,Sports,7,127.86,47.07
2025-09-10,North,Electronics,9,497.44,191.13
2025-09-10,North,Clothing,10,93.33,40.97
2025-09-10,North,Home & Garden,8,270.98,92.41
2025-09-10,North,Sports,5,160.14,70.96
2025-09-10,South,Electronics,6,462.09,120.48
2025-09-10,South,Clothing,13,309.73,93.98
2025-09-10,South,Home & Garden,3,214.02,66.0
2025-09-10,South,Sports,8,207.65,92.68
2025-09-10,East,Electronics,8,886.53,235.73
2025-09-10,East,Clothing,9,215.1,65.32
2025-09-10,East,Home & Garden,5,507.03,192.0
2025-09-10,East,Sports,7,292.46,74.96
2025-09-10,West,Electronics,6,664.59,290.49
2025-09-10,West,Clothing,8,114.71,40.74
2025-09-10,West,Home & Garden,7,264.07,111.24
2025-09-10,West,Sports,10,169.4,59.33
2025-09-11,North,Electronics,6,370.71,144.6
2025-09-11,North,Clothing,7,166.58,59.35
2025-09-11,North,Home & Garden,5,289.49,105.05
2025-09-11,North,Sports,8,163.06,48.9
2025-09-11,South,Electronics,9,354.57,90.37
2025-09-11,South,Clothing,8,116.27,40.31
2025-09-11,South,Home & Garden,4,120.49,33.03
2025-09-11,South,Sports,11,192.29,74.9
2025-09-11,East,Electronics,4,703.19,216.42
2025-09-11,East,Clothing,8,255.17,109.78
2025-09-11,East,Home & Garden,5,384.07,160.37
2025-09-11,East,Sports,6,178.65,56.0
2025-09-11,West,Electronics,10,556.16,236.46
2025-09-11,West,Clothing,5,175.92,67.34
2025-09-11,West,Home & Garden,9,306.57,104.87
2025-09-11,West,Sports,7,152.22,39.79
2025-09-12,North,Electronics,8,365.99,138.72
2025-09-12,North,Clothing,7,293.49,127.88
2025-09-12,North,Home & Garden,11,421.55,137.99
2025-09-12,North,Sports,9,172.87,60.38
2025-09-12,South,Electronics,3,537.79,180.77
2025-09-12,South,Clothing,9,145.26,47.59
2025-09-12,South,Home & Garden,6,234.45,83.17
2025-09-12,South,Sports,4,79.78,20.2
2025-09-12,East,Electronics,8,587.83,261.3
2025-09-12,East,Clothing,5,251.57,91.79
2025-09-12,East,Home & Garden,3,436.95,136.52
2025-09-12,East,Sports,3,188.28,78.96
2025-09-12,West,Electronics,7,426.85,134.98
2025-09-12,West,Clothing,9,132.16,46.59
2025-09-12,West,Home & Garden,14,393.26,139.0
2025-09-12,West,Sports,9,143.54,58.55
2025-09-13,North,Electronics,10,559.1,169.93
2025-09-13,North,Clothing,10,340.79,97.87
2025-09-13,North,Home & Garden,10,353.61,107.31
2025-09-13,North,Sports,12,286.31,122.98
2025-09-13,South,Electronics,5,330.32,128.54
2025-09-13,South,Clothing,8,264.95,83.92
2025-09-13,South,Home & Garden,14,581.3,253.99
2025-09-13,South,Sports,12,122.61,50.62
2025-09-13,East,Electronics,13,1106.55,469.08
2025-09-13,East,Clothing,8,323.64,94.62
2025-09-13,East,Home & Garden,16,666.55,268.33
2025-09-13,East,Sports,6,252.65,104.82
2025-09-13,West,Electronics,12,499.88,181.41
2025-09-13,West,Clothing,9,199.8,59.48
2025-09-13,West,Home & Garden,12,395.06,155.23
2025-09-13,West,Sports,12,250.04,90.36
2025-09-14,North,Electronics,9,723.15,227.18
2025-09-14,North,Clothing,11,284.9,74.27
2025-09-14,North,Home & Garden,9,369.86,164.62
2025-09-14,North,Sports,16,140.47,62.63
2025-09-14,South,Electronics,13,472.52,120.22
2025-09-14,South,Clothing,10,256.81,113.44
2025-09-14,South,Home & Garden,8,359.91,115.83
2025-09-14,South,Sports,13,206.55,86.15
2025-09-14,East,Electronics,9,983.53,425.46
2025-09-14,East,Clothing,7,285.48,126.27
2025-09-14,East,Home & Garden,12,633.74,284.06
2025-09-14,East,Sports,8,197.74,75.52
2025-09-14,West,Electronics,11,541.41,196.98
2025-09-14,West,Clothing,13,247.5,65.06
2025-09-14,West,Home & Garden,11,540.78,189.32
2025-09-14,West,Sports,11,137.61,58.06
2025-09-15,North,Electronics,4,413.72,177.97
2025-09-15,North,Clothing,8,292.51,112.24
2025-09-15,North,Home & Garden,9,370.89,108.38
2025-09-15,North,Sports,4,201.71,78.47
2025-09-15,South,Electronics,8,347.55,140.13
2025-09-15,South,Clothing,6,219.18,61.6
2025-09-15,South,Home & Garden,12,208.62,59.43
2025-09-15,South,Sports,13,154.35,45.9
2025-09-15,East,Electronics,12,712.38,275.58
2025-09-15,East,Clothing,13,208.49,76.54
2025-09-15,East,Home & Garden,9,349.75,129.23
2025-09-15,East,Sports,12,156.98,60.63
2025-09-15,West,Electronics,5,614.34,271.76
2025-09-15,West,Clothing,8,162.36,52.73
2025-09-15,West,Home & Garden,6,288.69,80.08
2025-09-15,West,Sports,9,173.08,46.87
2025-09-16,North,Electronics,8,544.34,181.27
2025-09-16,North,Clothing,8,139.14,49.5
2025-09-16,North,Home & Garden,9,411.04,169.51
2025-09-16,North,Sports,10,214.85,68.63
2025-09-16,South,Electronics,7,314.84,118.53
2025-09-16,South,Clothing,2,122.53,44.75
2025-09-16,South,Home & Garden,11,214.32,84.74
2025-09-16,South,Sports,10,252.6,67.47
2025-09-16,East,Electronics,8,542.12,153.25
2025-09-16,East,Clothing,4,209.76,77.7
2025-09-16,East,Home & Garden,8,333.97,91.56
2025-09-16,East,Sports,14,161.93,60.54
2025-09-16,West,Electronics,9,306.27,137.33
2025-09-16,West,Clothing,3,176.2,71.35
2025-09-16,West,Home & Garden,4,369.78,156.01
2025-09-16,West,Sports,8,183.86,46.29
2025-09-17,North,Electronics,11,575.94,240.72
2025-09-17,North,Clothing,7,231.82,91.39
2025-09-17,North,Home & Garden,6,254.2,65.74
2025-09-17,North,Sports,4,225.52,99.94
2025-09-17,South,Electronics,8,424.2,165.06
2025-09-17,South,Clothing,10,228.81,64.31
2025-09-17,South,Home & Garden,5,395.17,126.91
2025-09-17,South,Sports,9,98.39,37.36
2025-09-17,East,Electronics,8,659.15,246.84
2025-09-17,East,Clothing,4,145.56,62.84
2025-09-17,East,Home & Garden,9,374.96,118.23
2025-09-17,East,Sports,5,137.73,51.91
2025-09-17,West,Electronics,4,380.68,115.19
2025-09-17,West,Clothing,7,235.03,93.99
2025-09-17,West,Home & Garden,8,218.41,96.22
2025-09-17,West,Sports,12,191.66,77.97
2025-09-18,North,Electronics,9,646.67,248.84
2025-09-18,North,Clothing,7,184.23,63.77
2025-09-18,North,Home & Garden,5,283.0,80.78
2025-09-18,North,Sports,7,165.58,65.1
2025-09-18,South,Electronics,7,510.83,143.99
2025-09-18,South,Clothing,9,144.07,61.36
2025-09-18,South,Home & Garden,10,465.8,126.82
2025-09-18,South,Sports,4,159.7,70.17
2025-09-18,East,Electronics,8,705.57,298.48
2025-09-18,East,Clothing,15,316.8,122.73
2025-09-18,East,Home & Garden,6,291.48,94.18
2025-09-18,East,Sports,6,155.47,50.55
2025-09-18,West,Electronics,8,469.32,130.48
2025-09-18,West,Clothing,5,136.01,55.82
2025-09-18,West,Home & Garden,9,413.87,149.87
2025-09-18,West,Sports,8,160.31,69.82
2025-09-19,North,Electronics,11,686.12,204.82
2025-09-19,North,Clothing,7,57.23,21.1
2025-09-19,North,Home & Garden,10,351.73,155.35
2025-09-19,North,Sports,8,137.35,35.33
2025-09-19,South,Electronics,3,358.64,93.92
2025-09-19,South,Clothing,6,160.07,56.98
2025-09-19,South,Home & Garden,11,235.8,91.42
2025-09-19,South,Sports,13,162.27,72.9
2025-09-19,East,Electronics,5,554.74,234.92
2025-09-19,East,Clothing,14,222.24,86.37
2025-09-19,East,Home & Garden,9,424.96,116.38
2025-09-19,East,Sports,3,234.3,90.56
2025-09-19,West,Electronics,6,581.73,195.7
2025-09-19,West,Clothing,8,157.8,47.87
2025-09-19,West,Home & Garden,6,279.08,120.9
2025-09-19,West,Sports,8,158.36,53.95
2025-09-20,North,Electronics,6,498.57,219.67
2025-09-20,North,Clothing,16,390.98,104.76
2025-09-20,North,Home & Garden,9,535.37,167.51
2025-09-20,North,Sports,12,208.91,78.83
2025-09-20,South,Electronics,9,735.02,275.83
2025-09-20,South,Clothing,5,196.9,50.97
2025-09-20,South,Home & Garden,20,363.18,158.4
2025-09-20,South,Sports,11,133.02,33.92
2025-09-20,East,Electronics,9,635.59,164.13
2025-09-20,East,Clothing,9,284.19,125.35
2025-09-20,East,Home & Garden,7,578.62,183.61
2025-09-20,East,Sports,12,215.68,66.01
2025-09-20,West,Electronics,9,791.13,325.02
2025-09-20,West,Clothing,10,241.93,95.1
2025-09-20,West,Home & Garden,10,342.93,148.01
2025-09-20,West,Sports,11,189.06,77.67
2025-09-21,North,Electronics,8,837.12,355.11
2025-09-21,North,Clothing,8,273.33,120.3
2025-09-21,North,Home & Garden,5,419.17,105.29
2025-09-21,North,Sports,4,77.2,32.74
2025-09-21,South,Electronics,16,741.28,231.12
2025-09-21,South,Clothing,13,209.62,83.9
2025-09-21,South,Home & Garden,14,309.21,135.91
2025-09-21,South,Sports,8,169.18,62.53
2025-09-21,East,Electronics,8,429.56,192.71
2025-09-21,East,Clothing,8,269.85,79.57
2025-09-21,East,Home & Garden,11,238.03,78.07
2025-09-21,East,Sports,4,267.04,104.9
2025-09-21,West,Electronics,13,617.89,167.25
2025-09-21,West,Clothing,11,256.3,79.61
2025-09-21,West,Home & Garden,11,618.49,156.24
2025-09-21,West,Sports,15,253.42,81.21
2025-09-22,North,Electronics,11,653.22,175.29
2025-09-22,North,Clothing,7,305.3,94.41
2025-09-22,North,Home & Garden,9,353.74,117.17
2025-09-22,North,Sports,8,211.45,70.89
2025-09-22,South,Electronics,15,200.1,78.08
2025-09-22,South,Clothing,11,165.01,57.62
2025-09-22,South,Home & Garden,7,220.16,55.24
2025-09-22,South,Sports,5,129.32,34.92
2025-09-22,East,Electronics,14,630.49,174.62
2025-09-22,East,Clothing,9,289.57,126.57
2025-09-22,East,Home & Garden,10,424.96,158.65
2025-09-22,East,Sports,9,208.62,93.8
2025-09-22,West,Electronics,7,529.99,158.29
2025-09-22,West,Clothing,8,187.89,52.22
2025-09-22,West,Home & Garden,5,305.5,95.48
2025-09-22,West,Sports,12,134.34,42.4
2025-09-23,North,Electronics,8,527.18,228.91
2025-09-23,North,Clothing,7,221.69,76.93
2025-09-23,North,Home & Garden,8,191.01,77.44
2025-09-23,North,Sports,6,143.92,38.91
2025-09-23,South,Electronics,9,416.25,182.74
2025-09-23,South,Clothing,9,132.99,55.67
2025-09-23,South,Home & Garden,12,300.03,133.77
2025-09-23,South,Sports,4,135.86,53.73
2025-09-23,East,Electronics,6,734.89,196.33
2025-09-23,East,Clothing,6,248.75,84.58
2025-09-23,East,Home & Garden,10,387.03,146.12
2025-09-23,East,Sports,11,164.72,65.9
2025-09-23,West,Electronics,8,526.78,194.27
2025-09-23,West,Clothing,9,211.74,90.1
2025-09-23,West,Home & Garden,4,332.71,102.29
2025-09-23,West,Sports,5,84.43,28.58
2025-09-24,North,Electronics,6,376.59,98.01
2025-09-24,North,Clothing,10,280.07,110.62
2025-09-24,North,Home & Garden,11,283.03,76.88
2025-09-24,North,Sports,5,150.35,52.6
2025-09-24,South,Electronics,9,378.45,169.2
2025-09-24,South,Clothing,6,172.32,65.73
2025-09-24,South,Home & Garden,9,288.02,77.22
2025-09-24,South,Sports,10,99.47,31.66
2025-09-24,East,Electronics,4,533.15,164.06
2025-09-24,East,Clothing,3,206.4,78.83
2025-09-24,East,Home & Garden,11,444.52,115.6
2025-09-24,East,Sports,14,227.72,91.12
2025-09-24,West,Electronics,9,464.5,176.02
2025-09-24,West,Clothing,7,268.76,107.86
2025-09-24,West,Home & Garden,9,290.43,89.48
2025-09-24,West,Sports,8,120.04,41.44
2025-09-25,North,Electronics,8,569.31,217.95
2025-09-25,North,Clothing,7,173.48,54.57
2025-09-25,North,Home & Garden,5,320.9,100.53
2025-09-25,North,Sports,11,205.2,91.21
2025-09-25,South,Electronics,8,319.64,81.34
2025-09-25,South,Clothing,6,217.3,95.24
2025-09-25,South,Home & Garden,11,314.96,110.26
2025-09-25,South,Sports,9,88.26,24.1
2025-09-25,East,Electronics,10,625.19,241.59
2025-09-25,East,Clothing,11,214.94,75.12
2025-09-25,East,Home & Garden,10,302.93,118.33
2025-09-25,East,Sports,4,162.32,42.02
2025-09-25,West,Electronics,6,446.81,187.24
2025-09-25,West,Clothing,5,245.28,104.49
2025-09-25,West,Home & Garden,5,322.52,96.01
2025-09-25,West,Sports,10,114.49,34.1
2025-09-26,North,Electronics,12,475.2,172.29
2025-09-26,North,Clothing,8,180.71,80.71
2025-09-26,North,Home & Garden,8,429.7,139.06
2025-09-26,North,Sports,4,169.99,55.38
2025-09-26,South,Electronics,8,551.55,183.07
2025-09-26,South,Clothing,6,141.84,61.21
2025-09-26,South,Home & Garden,10,270.12,81.37
2025-09-26,South,Sports,15,133.5,46.39
2025-09-26,East,Electronics,8,1138.8,301.23
2025-09-26,East,Clothing,8,266.97,86.16
2025-09-26,East,Home & Garden,5,364.24,100.59
2025-09-26,East,Sports,8,179.0,51.41
2025-09-26,West,Electronics,4,496.2,188.6
2025-09-26,West,Clothing,6,165.68,60.2
2025-09-26,West,Home & Garden,9,250.42,90.42
2025-09-26,West,Sports,11,150.77,51.78
2025-09-27,North,Electronics,7,779.28,327.15
2025-09-27,North,Clothing,14,257.08,94.48
2025-09-27,North,Home & Garden,13,564.25,143.59
2025-09-27,North,Sports,14,155.7,42.42
2025-09-27,South,Electronics,3,628.26,216.1
2025-09-27,South,Clothing,11,197.4,59.61
2025-09-27,South,Home & Garden,12,239.22,82.28
2025-09-27,South,Sports,8,197.58,78.15
2025-09-27,East,Electronics,6,894.16,240.84
2025-09-27,East,Clothing,16,415.85,127.28
2025-09-27,East,Home & Garden,13,433.8,115.65
2025-09-27,East,Sports,12,239.29,69.5
2025-09-27,West,Electronics,11,450.62,168.31
2025-09-27,West,Clothing,13,186.51,56.24
2025-09-27,West,Home & Garden,12,423.45,147.95
2025-09-27,West,Sports,14,235.29,94.5
2025-09-28,North,Electronics,10,509.55,152.89
2025-09-28,North,Clothing,11,85.92,26.23
2025-09-28,North,Home & Garden,8,593.41,191.21
2025-09-28,North,Sports,7,260.85,91.69
2025-09-28,South,Electronics,7,503.93,147.86
2025-09-28,South,Clothing,12,211.72,62.66
2025-09-28,South,Home & Garden,8,339.87,116.53
2025-09-28,South,Sports,10,190.63,58.27
2025-09-28,East,Electronics,6,979.65,338.14
2025-09-28,East,Clothing,14,248.97,79.18
2025-09-28,East,Home & Garden,8,412.68,125.43
2025-09-28,East,Sports,15,231.33,68.64
2025-09-28,West,Electronics,9,358.1,129.79
2025-09-28,West,Clothing,14,194.1,65.03
2025-09-28,West,Home & Garden,6,442.54,195.37
2025-09-28,West,Sports,10,159.81,62.68
2025-09-29,North,Electronics,11,533.99,169.97
2025-09-29,North,Clothing,8,282.07,114.53
2025-09-29,North,Home & Garden,8,305.61,113.57
2025-09-29,North,Sports,3,117.39,47.28
2025-09-29,South,Electronics,10,508.41,149.8
2025-09-29,South,Clothing,10,154.83,64.64
2025-09-29,South,Home & Garden,8,420.98,125.23
2025-09-29,South,Sports,6,195.75,55.95
2025-09-29,East,Electronics,6,808.1,208.51
2025-09-29,East,Clothing,10,308.71,109.6
2025-09-29,East,Home & Garden,6,321.33,100.57
2025-09-29,East,Sports,9,263.87,114.05
2025-09-29,West,Electronics,4,165.26,62.54
2025-09-29,West,Clothing,9,210.43,72.14
2025-09-29,West,Home & Garden,13,253.56,91.96
2025-09-29,West,Sports,9,148.41,65.66
2025-09-30,North,Electronics,9,577.03,190.03
2025-09-30,North,Clothing,7,101.84,42.63
2025-09-30,North,Home & Garden,8,237.42,95.81
2025-09-30,North,Sports,5,134.34,55.86
2025-09-30,South,Electronics,11,527.37,168.95
2025-09-30,South,Clothing,7,148.91,53.7
2025-09-30,South,Home & Garden,8,202.68,60.61
2025-09-30,South,Sports,14,143.98,52.52
2025-09-30,East,Electronics,10,709.78,305.61
2025-09-30,East,Clothing,9,279.92,112.87
2025-09-30,East,Home & Garden,14,488.43,158.82
2025-09-30,East,Sports,13,121.87,33.3
2025-09-30,West,Electronics,8,570.08,220.84
2025-09-30,West,Clothing,9,242.29,70.42
2025-09-30,West,Home & Garden,11,249.15,102.32
2025-09-30,West,Sports,6,189.53,77.74
2025-10-01,North,Electronics,7,508.31,223.41
2025-10-01,North,Clothing,8,203.89,76.02
2025-10-01,North,Home & Garden,11,331.2,104.84
2025-10-01,North,Sports,9,151.14,40.52
2025-10-01,South,Electronics,8,321.4,109.31
2025-10-01,South,Clothing,9,222.17,93.83
2025-10-01,South,Home & Garden,5,301.12,131.05
2025-10-01,South,Sports,10,80.34,26.05
2025-10-01,East,Electronics,8,663.63,241.99
2025-10-01,East,Clothing,4,252.75,83.25
2025-10-01,East,Home & Garden,8,237.41,81.2
2025-10-01,East,Sports,6,166.37,56.44
2025-10-01,West,Electronics,9,629.82,187.04
2025-10-01,West,Clothing,9,171.74,53.06
2025-10-01,West,Home & Garden,4,285.52,115.73
2025-10-01,West,Sports,5,122.4,49.5
2025-10-02,North,Electronics,6,473.2,163.6
2025-10-02,North,Clothing,11,249.64,72.3
2025-10-02,North,Home & Garden,8,339.57,150.54
2025-10-02,North,Sports,9,158.07,51.47
2025-10-02,South,Electronics,9,455.39,126.68
2025-10-02,South,Clothing,10,187.08,49.71
2025-10-02,South,Home & Garden,9,152.23,50.14
2025-10-02,South,Sports,5,119.1,39.98
2025-10-02,East,Electronics,5,164.25,71.2
2025-10-02,East,Clothing,10,297.25,114.14
2025-10-02,East,Home & Garden,7,349.42,125.65
2025-10-02,East,Sports,11,116.85,46.11
2025-10-02,West,Electronics,9,452.54,178.35
2025-10-02,West,Clothing,8,213.19,75.71
2025-10-02,West,Home & Garden,6,218.91,63.32
2025-10-02,West,Sports,7,160.02,41.94
2025-10-03,North,Electronics,10,698.64,279.31
2025-10-03,North,Clothing,8,204.62,69.21
2025-10-03,North,Home & Garden,5,231.72,98.88
2025-10-03,North,Sports,7,186.37,59.89
2025-10-03,South,Electronics,11,427.7,140.13
2025-10-03,South,Clothing,10,215.43,69.65
2025-10-03,South,Home & Garden,5,364.06,151.66
2025-10-03,South,Sports,12,132.73,51.58
2025-10-03,East,Electronics,5,681.53,240.19
2025-10-03,East,Clothing,8,208.38,82.11
2025-10-03,East,Home & Garden,12,338.67,88.62
2025-10-03,East,Sports,5,212.4,55.86
2025-10-03,West,Electronics,9,457.34,143.37
2025-10-03,West,Clothing,7,233.09,87.52
2025-10-03,West,Home & Garden,4,274.58,95.77
2025-10-03,West,Sports,9,116.3,39.3
2025-10-04,North,Electronics,14,537.18,225.36
2025-10-04,North,Clothing,11,308.25,99.12
2025-10-04,North,Home & Garden,8,297.94,103.4
2025-10-04,North,Sports,11,210.0,85.1
2025-10-04,South,Electronics,12,657.12,193.02
2025-10-04,South,Clothing,14,186.49,59.63
2025-10-04,South,Home & Garden,9,349.55,146.83
2025-10-04,South,Sports,8,162.19,62.64
2025-10-04,East,Electronics,12,843.22,232.77
2025-10-04,East,Clothing,14,237.53,75.28
2025-10-04,East,Home & Garden,9,471.15,211.5
2025-10-04,East,Sports,17,155.66,39.54
2025-10-04,West,Electronics,11,457.36,147.02
2025-10-04,West,Clothing,13,323.92,131.38
2025-10-04,West,Home & Garden,7,384.88,122.76
2025-10-04,West,Sports,14,209.1,79.57
2025-10-05,North,Electronics,9,806.27,362.25
2025-10-05,North,Clothing,14,270.02,73.86
2025-10-05,North,Home & Garden,13,471.64,129.17
2025-10-05,North,Sports,10,303.4,77.71
2025-10-05,South,Electronics,9,782.52,299.61
2025-10-05,South,Clothing,10,193.77,62.15
2025-10-05,South,Home & Garden,11,360.63,93.07
2025-10-05,South,Sports,11,132.36,37.5
2025-10-05,East,Electronics,12,993.4,428.26
2025-10-05,East,Clothing,11,240.36,101.86
2025-10-05,East,Home & Garden,7,497.27,168.55
2025-10-05,East,Sports,9,173.27,58.18
2025-10-05,West,Electronics,8,600.34,239.36
2025-10-05,West,Clothing,10,196.82,78.63
2025-10-05,West,Home & Garden,14,475.14,184.15
2025-10-05,West,Sports,9,221.19,92.34
2025-10-06,North,Electronics,7,530.73,165.04
2025-10-06,North,Clothing,6,294.58,116.74
2025-10-06,North,Home & Garden,11,434.23,154.03
2025-10-06,North,Sports,9,185.62,75.48
2025-10-06,South,Electronics,3,224.68,59.19
2025-10-06,South,Clothing,5,170.69,51.38
2025-10-06,South,Home & Garden,6,170.58,55.11
2025-10-06,South,Sports,5,119.27,49.54
2025-10-06,East,Electronics,5,745.65,305.88
2025-10-06,East,Clothing,8,238.35,80.45
2025-10-06,East,Home & Garden,2,438.08,162.79
2025-10-06,East,Sports,8,234.07,84.37
2025-10-06,West,Electronics,10,425.53,117.9
2025-10-06,West,Clothing,3,161.95,56.45
2025-10-06,West,Home & Garden,9,230.5,83.04
2025-10-06,West,Sports,9,137.28,52.65
2025-10-07,North,Electronics,5,623.99,221.19
2025-10-07,North,Clothing,10,117.29,33.18
2025-10-07,North,Home & Garden,12,275.59,78.39
2025-10-07,North,Sports,6,170.79,43.82
2025-10-07,South,Electronics,7,425.95,130.53
2025-10-07,South,Clothing,13,229.49,87.86
2025-10-07,South,Home & Garden,9,225.08,95.75
2025-10-07,South,Sports,8,118.62,47.88
2025-10-07,East,Electronics,7,581.42,247.35
2025-10-07,East,Clothing,8,203.92,85.19
2025-10-07,East,Home & Garden,8,343.31,94.01
2025-10-07,East,Sports,12,206.57,68.56
2025-10-07,West,Electronics,9,632.42,213.56
2025-10-07,West,Clothing,7,177.0,58.19
2025-10-07,West,Home & Garden,6,360.37,145.41
2025-10-07,West,Sports,7,178.04,53.0
2025-10-08,North,Electronics,10,281.36,82.39
2025-10-08,North,Clothing,11,195.09,80.93
2025-10-08,North,Home & Garden,7,341.47,120.46
2025-10-08,North,Sports,12,185.44,81.95
2025-10-08,South,Electronics,7,517.88,130.35
2025-10-08,South,Clothing,6,192.01,81.56
2025-10-08,South,Home & Garden,9,212.53,89.88
2025-10-08,South,Sports,4,116.93,41.52
2025-10-08,East,Electronics,3,823.07,233.42
2025-10-08,East,Clothing,6,242.56,101.49
2025-10-08,East,Home & Garden,4,356.71,152.95
2025-10-08,East,Sports,10,154.34,64.17
2025-10-08,West,Electronics,10,394.14,152.37
2025-10-08,West,Clothing,10,189.5,78.71
2025-10-08,West,Home & Garden,6,310.83,137.8
2025-10-08,West,Sports,7,194.99,56.61
2025-10-09,North,Electronics,8,561.28,142.08
2025-10-09,North,Clothing,8,276.72,75.01
2025-10-09,North,Home & Garden,9,252.7,90.1
2025-10-09,North,Sports,7,185.86,61.45
2025-10-09,South,Electronics,9,333.13,95.48
2025-10-09,South,Clothing,9,206.68,69.81
2025-10-09,South,Home & Garden,8,258.28,69.4
2025-10-09,South,Sports,4,130.3,39.87
2025-10-09,East,Electronics,9,654.72,255.58
2025-10-09,East,Clothing,4,233.96,60.07
2025-10-09,East,Home & Garden,7,493.47,150.35
2025-10-09,East,Sports,7,176.83,72.76
2025-10-09,West,Electronics,11,426.61,191.12
2025-10-09,West,Clothing,9,211.24,67.02
2025-10-09,West,Home & Garden,8,108.85,40.17
2025-10-09,West,Sports,3,161.23,56.38
2025-10-10,North,Electronics,7,768.79,251.03
2025-10-10,North,Clothing,5,230.07,81.7
2025-10-10,North,Home & Garden,10,423.32,130.91
2025-10-10,North,Sports,14,158.77,71.22
2025-10-10,South,Electronics,5,399.77,164.46
2025-10-10,South,Clothing,9,291.23,98.65
2025-10-10,South,Home & Garden,10,228.92,68.77
2025-10-10,South,Sports,6,90.08,25.5
2025-10-10,East,Electronics,5,797.04,204.95
2025-10-10,East,Clothing,5,36.1,12.28
2025-10-10,East,Home & Garden,8,288.5,72.51
2025-10-10,East,Sports,3,190.56,48.54
2025-10-10,West,Electronics,8,601.64,248.24
2025-10-10,West,Clothing,4,134.43,41.39
2025-10-10,West,Home & Garden,5,114.12,50.96
2025-10-10,West,Sports,11,197.54,85.79
2025-10-11,North,Electronics,7,940.8,336.58
2025-10-11,North,Clothing,15,265.33,69.02
2025-10-11,North,Home & Garden,7,595.22,167.2
2025-10-11,North,Sports,8,224.55,64.72
2025-10-11,South,Electronics,13,739.84,193.72
2025-10-11,South,Clothing,13,265.59,82.11
2025-10-11,South,Home & Garden,10,253.01,90.15
2025-10-11,South,Sports,10,181.48,57.76
2025-10-11,East,Electronics,14,982.29,427.7
2025-10-11,East,Clothing,9,373.13,123.49
2025-10-11,East,Home & Garden,13,686.28,187.27
2025-10-11,East,Sports,9,226.78,99.12
2025-10-11,West,Electronics,12,910.65,383.3
2025-10-11,West,Clothing,13,277.65,112.61
2025-10-11,West,Home & Garden,10,296.65,84.64
2025-10-11,West,Sports,9,228.99,71.06
2025-10-12,North,Electronics,2,678.54,253.41
2025-10-12,North,Clothing,10,345.75,121.88
2025-10-12,North,Home & Garden,10,407.17,115.81
2025-10-12,North,Sports,5,288.66,74.01
2025-10-12,South,Electronics,13,543.97,227.61
2025-10-12,South,Clothing,7,256.2,90.46
2025-10-12,South,Home & Garden,12,476.01,187.69
2025-10-12,South,Sports,5,99.21,38.51
2025-10-12,East,Electronics,10,938.58,278.47
2025-10-12,East,Clothing,10,227.78,78.94
2025-10-12,East,Home & Garden,9,481.98,187.76
2025-10-12,East,Sports,10,184.58,81.76
2025-10-12,West,Electronics,11,388.01,148.54
2025-10-12,West,Clothing,11,333.27,139.44
2025-10-12,West,Home & Garden,5,447.38,180.59
2025-10-12,West,Sports,16,69.52,20.34
2025-10-13,North,Electronics,13,788.86,311.57
2025-10-13,North,Clothing,6,262.35,76.99
2025-10-13,North,Home & Garden,12,299.2,92.9
2025-10-13,North,Sports,11,132.92,53.02
2025-10-13,South,Electronics,5,534.45,183.67
2025-10-13,South,Clothing,5,218.7,79.82
2025-10-13,South,Home & Garden,7,315.42,79.35
2025-10-13,South,Sports,7,149.35,48.21
2025-10-13,East,Electronics,8,654.75,281.61
2025-10-13,East,Clothing,3,214.28,94.81
2025-10-13,East,Home & Garden,9,307.4,121.03
2025-10-13,East,Sports,3,205.93,82.32
2025-10-13,West,Electronics,6,628.87,255.38
2025-10-13,West,Clothing,7,240.47,86.06
2025-10-13,West,Home & Garden,9,233.39,96.58
2025-10-13,West,Sports,8,78.7,29.37
2025-10-14,North,Electronics,4,458.52,153.69
2025-10-14,North,Clothing,9,294.7,105.63
2025-10-14,North,Home & Garden,6,269.98,114.47
2025-10-14,North,Sports,7,130.23,44.15
2025-10-14,South,Electronics,6,366.65,118.93
2025-10-14,South,Clothing,5,248.28,63.82
2025-10-14,South,Home & Garden,10,208.35,93.55
2025-10-14,South,Sports,9,109.93,43.73
2025-10-14,East,Electronics,9,660.24,197.52
2025-10-14,East,Clothing,7,223.69,95.98
2025-10-14,East,Home & Garden,10,394.87,116.46
2025-10-14,East,Sports,8,134.17,43.16
2025-10-14,West,Electronics,9,706.35,307.82
2025-10-14,West,Clothing,8,250.12,87.57
2025-10-14,West,Home & Garden,10,347.54,137.02
2025-10-14,West,Sports,7,158.5,62.86
2025-10-15,North,Electronics,4,545.75,223.66
2025-10-15,North,Clothing,10,202.31,59.47
2025-10-15,North,Home & Garden,6,331.98,130.83
2025-10-15,North,Sports,6,236.55,91.64
2025-10-15,South,Electronics,11,568.51,230.61
2025-10-15,South,Clothing,6,224.25,86.42
2025-10-15,South,Home & Garden,10,278.31,113.92
2025-10-15,South,Sports,6,87.67,26.74
2025-10-15,East,Electronics,10,661.06,278.99
2025-10-15,East,Clothing,9,183.05,76.42
2025-10-15,East,Home & Garden,12,329.74,83.11
2025-10-15,East,Sports,7,169.21,54.01
2025-10-15,West,Electronics,6,362.23,98.75
2025-10-15,West,Clothing,9,239.89,87.32
2025-10-15,West,Home & Garden,2,254.53,88.33
2025-10-15,West,Sports,4,103.76,38.49
2025-10-16,North,Electronics,8,576.76,176.35
2025-10-16,North,Clothing,12,273.61,97.55
2025-10-16,North,Home & Garden,12,221.28,83.78
2025-10-16,North,Sports,6,159.74,64.36
2025-10-16,South,Electronics,7,466.03,185.0
2025-10-16,South,Clothing,5,236.37,96.81
2025-10-16,South,Home & Garden,8,366.26,118.1
2025-10-16,South,Sports,8,142.27,44.79
2025-10-16,East,Electronics,10,538.06,209.57
2025-10-16,East,Clothing,4,208.1,63.29
2025-10-16,East,Home & Garden,8,312.28,139.77
2025-10-16,East,Sports,7,133.09,33.42
2025-10-16,West,Electronics,12,574.6,182.98
2025-10-16,West,Clothing,6,185.26,49.66
2025-10-16,West,Home & Garden,7,356.68,144.94
2025-10-16,West,Sports,7,105.17,30.63
2025-10-17,North,Electronics,7,510.68,212.27
2025-10-17,North,Clothing,9,244.13,94.59
2025-10-17,North,Home & Garden,4,279.76,120.25
2025-10-17,North,Sports,6,159.23,57.35
2025-10-17,South,Electronics,4,440.38,114.53
2025-10-17,South,Clothing,7,149.64,61.96
2025-10-17,South,Home & Garden,8,267.15,74.37
2025-10-17,South,Sports,8,118.81,31.19
2025-10-17,East,Electronics,14,874.0,261.79
2025-10-17,East,Clothing,8,321.09,110.0
2025-10-17,East,Home & Garden,5,314.83,81.42
2025-10-17,East,Sports,9,121.18,33.55
2025-10-17,West,Electronics,7,562.18,140.59
2025-10-17,West,Clothing,10,141.94,45.79
2025-10-17,West,Home & Garden,5,202.75,55.45
2025-10-17,West,Sports,5,155.64,67.64
2025-10-18,North,Electronics,8,924.11,349.91
2025-10-18,North,Clothing,13,327.38,141.55
2025-10-18,North,Home & Garden,13,619.5,197.39
2025-10-18,North,Sports,15,110.54,47.28
2025-10-18,South,Electronics,12,602.88,159.16
2025-10-18,South,Clothing,12,223.74,79.71
2025-10-18,South,Home & Garden,7,398.53,108.93
2025-10-18,South,Sports,5,119.64,37.72
2025-10-18,East,Electronics,6,911.23,244.69
2025-10-18,East,Clothing,9,439.74,175.12
2025-10-18,East,Home & Garden,8,618.0,185.34
2025-10-18,East,Sports,12,239.58,71.8
2025-10-18,West,Electronics,6,463.0,177.9
2025-10-18,West,Clothing,11,242.41,91.95
2025-10-18,West,Home & Garden,9,273.42,111.25
2025-10-18,West,Sports,9,192.37,71.83
2025-10-19,North,Electronics,6,381.55,113.79
2025-10-19,North,Clothing,7,281.64,104.2
2025-10-19,North,Home & Garden,10,481.61,202.54
2025-10-19,North,Sports,10,338.57,91.64
2025-10-19,South,Electronics,10,747.28,228.08
2025-10-19,South,Clothing,12,259.12,91.76
2025-10-19,South,Home & Garden,13,504.55,160.39
2025-10-19,South,Sports,12,160.59,42.14
2025-10-19,East,Electronics,8,930.49,408.49
2025-10-19,East,Clothing,5,291.96,103.07
2025-10-19,East,Home & Garden,10,264.39,72.89
2025-10-19,East,Sports,11,186.82,67.08
2025-10-19,West,Electronics,10,608.75,242.22
2025-10-19,West,Clothing,10,326.67,122.96
2025-10-19,West,Home & Garden,14,456.61,147.72
2025-10-19,West,Sports,15,138.13,37.32
2025-10-20,North,Electronics,6,791.83,204.92
2025-10-20,North,Clothing,7,224.94,94.83
2025-10-20,North,Home & Garden,5,269.98,120.32
2025-10-20,North,Sports,10,182.37,71.62
2025-10-20,South,Electronics,7,363.68,146.39
2025-10-20,South,Clothing,11,191.44,58.49
2025-10-20,South,Home & Garden,7,242.37,92.02
2025-10-20,South,Sports,6,110.53,35.61
2025-10-20,East,Electronics,7,915.58,369.46
2025-10-20,East,Clothing,11,233.7,90.16
2025-10-20,East,Home & Garden,10,383.98,101.84
2025-10-20,East,Sports,8,200.69,60.22
2025-10-20,West,Electronics,7,468.32,132.68
2025-10-20,West,Clothing,3,63.11,18.64
2025-10-20,West,Home & Garden,6,290.3,87.01
2025-10-20,West,Sports,12,158.98,53.53
2025-10-21,North,Electronics,7,689.47,287.46
2025-10-21,North,Clothing,9,194.7,79.53
2025-10-21,North,Home & Garden,7,280.81,98.04
2025-10-21,North,Sports,6,198.02,56.03
2025-10-21,South,Electronics,4,490.03,214.67
2025-10-21,South,Clothing,10,154.5,53.29
2025-10-21,South,Home & Garden,7,330.72,135.86
2025-10-21,South,Sports,6,130.65,47.84
2025-10-21,East,Electronics,7,335.74,99.97
2025-10-21,East,Clothing,10,283.94,121.65
2025-10-21,East,Home & Garden,7,191.82,60.47
2025-10-21,East,Sports,6,248.68,78.61
2025-10-21,West,Electronics,9,542.78,201.37
2025-10-21,West,Clothing,10,120.3,53.57
2025-10-21,West,Home & Garden,4,380.63,110.28
2025-10-21,West,Sports,6,220.48,60.99
2025-10-22,North,Electronics,7,535.63,234.92
2025-10-22,North,Clothing,8,183.79,73.06
2025-10-22,North,Home & Garden,12,285.35,94.8
2025-10-22,North,Sports,9,241.56,94.74
2025-10-22,South,Electronics,6,533.39,228.87
2025-10-22,South,Clothing,9,86.29,32.09
2025-10-22,South,Home & Garden,8,332.07,122.17
2025-10-22,South,Sports,9,90.95,29.14
2025-10-22,East,Electronics,9,489.04,145.29
2025-10-22,East,Clothing,13,229.21,68.32
2025-10-22,East,Home & Garden,6,315.49,89.81
2025-10-22,East,Sports,11,196.23,69.32
2025-10-22,West,Electronics,6,386.11,112.82
2025-10-22,West,Clothing,7,213.58,70.22
2025-10-22,West,Home & Garden,10,386.41,128.99
2025-10-22,West,Sports,7,126.71,38.38
2025-10-23,North,Electronics,7,699.55,307.57
2025-10-23,North,Clothing,16,202.75,62.1
2025-10-23,North,Home & Garden,11,270.42,74.27
2025-10-23,North,Sports,11,164.75,52.96
2025-10-23,South,Electronics,6,520.65,150.1
2025-10-23,South,Clothing,7,114.02,31.78
2025-10-23,South,Home & Garden,6,218.4,89.37
2025-10-23,South,Sports,17,122.26,33.81
2025-10-23,East,Electronics,4,729.5,201.24
2025-10-23,East,Clothing,7,281.46,76.05
2025-10-23,East,Home & Garden,9,483.78,184.04
2025-10-23,East,Sports,8,124.3,35.91
2025-10-23,West,Electronics,13,552.05,166.22
2025-10-23,West,Clothing,7,216.75,60.93
2025-10-23,West,Home & Garden,10,380.28,117.88
2025-10-23,West,Sports,7,190.06,58.65
2025-10-24,North,Electronics,7,398.92,112.64
2025-10-24,North,Clothing,8,304.27,117.68
2025-10-24,North,Home & Garden,8,327.82,94.18
2025-10-24,North,Sports,12,75.52,33.76
2025-10-24,South,Electronics,14,402.76,144.82
2025-10-24,South,Clothing,8,205.9,62.17
2025-10-24,South,Home & Garden,6,275.24,86.66
2025-10-24,South,Sports,11,98.89,41.84
2025-10-24,East,Electronics,4,596.44,149.86
2025-10-24,East,Clothing,13,154.49,59.5
2025-10-24,East,Home & Garden,6,379.93,119.51
2025-10-24,East,Sports,13,205.61,82.33
2025-10-24,West,Electronics,9,495.92,171.95
2025-10-24,West,Clothing,9,227.38,79.21
2025-10-24,West,Home & Garden,4,322.9,109.49
2025-10-24,West,Sports,11,123.03,34.63
2025-10-25,North,Electronics,12,828.79,285.12
2025-10-25,North,Clothing,9,365.06,128.49
2025-10-25,North,Home & Garden,19,456.36,190.0
2025-10-25,North,Sports,8,275.28,86.17
2025-10-25,South,Electronics,16,594.69,219.71
2025-10-25,South,Clothing,7,161.71,62.93
2025-10-25,South,Home & Garden,4,351.51,126.43
2025-10-25,South,Sports,9,172.26,76.23
2025-10-25,East,Electronics,8,961.24,242.4
2025-10-25,East,Clothing,9,268.97,88.78
2025-10-25,East,Home & Garden,13,531.44,236.18
2025-10-25,East,Sports,10,240.6,77.65
2025-10-25,West,Electronics,12,620.88,195.58
2025-10-25,West,Clothing,14,273.68,114.0
2025-10-25,West,Home & Garden,11,457.59,153.13
2025-10-25,West,Sports,10,166.46,58.01
2025-10-26,North,Electronics,10,766.56,258.64
2025-10-26,North,Clothing,12,290.13,121.16
2025-10-26,North,Home & Garden,22,433.95,184.43
2025-10-26,North,Sports,10,212.66,68.06
2025-10-26,South,Electronics,7,628.82,183.05
2025-10-26,South,Clothing,5,207.51,88.77
2025-10-26,South,Home & Garden,11,422.93,170.34
2025-10-26,South,Sports,14,205.22,52.35
2025-10-26,East,Electronics,5,917.58,305.48
2025-10-26,East,Clothing,11,392.69,156.29
2025-10-26,East,Home & Garden,15,566.15,193.29
2025-10-26,East,Sports,9,306.66,87.05
2025-10-26,West,Electronics,12,761.96,258.93
2025-10-26,West,Clothing,11,304.88,120.98
2025-10-26,West,Home & Garden,6,472.88,154.51
2025-10-26,West,Sports,8,95.82,28.08
2025-10-27,North,Electronics,6,423.62,120.53
2025-10-27,North,Clothing,7,241.48,102.62
2025-10-27,North,Home & Garden,9,366.96,106.65
2025-10-27,North,Sports,10,147.65,44.39
2025-10-27,South,Electronics,11,281.25,122.93
2025-10-27,South,Clothing,12,205.68,85.99
2025-10-27,South,Home & Garden,7,247.72,71.15
2025-10-27,South,Sports,8,114.67,47.47
2025-10-27,East,Electronics,7,498.63,205.34
2025-10-27,East,Clothing,8,244.4,103.13
2025-10-27,East,Home & Garden,10,560.74,145.4
2025-10-27,East,Sports,10,264.12,107.39
2025-10-27,West,Electronics,8,416.23,142.85
2025-10-27,West,Clothing,16,236.21,79.25
2025-10-27,West,Home & Garden,8,362.02,93.01
2025-10-27,West,Sports,7,162.61,51.49
2025-10-28,North,Electronics,9,423.33,137.65
2025-10-28,North,Clothing,4,227.01,88.62
2025-10-28,North,Home & Garden,11,442.03,162.27
2025-10-28,North,Sports,7,194.36,75.24
2025-10-28,South,Electronics,7,601.99,200.27
2025-10-28,South,Clothing,4,133.37,45.85
2025-10-28,South,Home & Garden,10,295.51,74.57
2025-10-28,South,Sports,5,168.42,75.45
2025-10-28,East,Electronics,9,723.23,313.4
2025-10-28,East,Clothing,8,224.93,95.14
2025-10-28,East,Home & Garden,7,333.2,109.56
2025-10-28,East,Sports,3,197.2,63.41
2025-10-28,West,Electronics,6,530.6,209.86
2025-10-28,West,Clothing,8,186.24,64.19
2025-10-28,West,Home & Garden,7,276.25,90.98
2025-10-28,West,Sports,4,164.71,51.62
2025-10-29,North,Electronics,3,330.64,138.06
2025-10-29,North,Clothing,4,195.95,79.22
2025-10-29,North,Home & Garden,8,320.03,104.28
2025-10-29,North,Sports,5,166.74,57.68
2025-10-29,South,Electronics,9,565.53,151.49
2025-10-29,South,Clothing,9,95.36,26.08
2025-10-29,South,Home & Garden,9,433.59,134.53
2025-10-29,South,Sports,3,167.82,54.1
2025-10-29,East,Electronics,4,497.03,186.92
2025-10-29,East,Clothing,9,272.95,107.46
2025-10-29,East,Home & Garden,7,411.13,128.96
2025-10-29,East,Sports,9,160.25,68.63
2025-10-29,West,Electronics,4,497.61,136.5
2025-10-29,West,Clothing,3,154.26,43.88
2025-10-29,West,Home & Garden,13,296.11,108.22
2025-10-29,West,Sports,11,156.28,68.59
2025-10-30,North,Electronics,8,556.25,197.93
2025-10-30,North,Clothing,10,273.35,104.76
2025-10-30,North,Home & Garden,12,295.27,112.5
2025-10-30,North,Sports,7,112.29,42.87
2025-10-30,South,Electronics,6,466.83,179.71
2025-10-30,South,Clothing,6,217.12,57.68
2025-10-30,South,Home & Garden,7,266.38,88.68
2025-10-30,South,Sports,17,147.41,60.68
2025-10-30,East,Electronics,9,692.01,250.47
2025-10-30,East,Clothing,9,234.84,91.7
2025-10-30,East,Home & Garden,11,254.92,99.97
2025-10-30,East,Sports,9,206.56,84.38
2025-10-30,West,Electronics,4,356.56,89.67
2025-10-30,West,Clothing,10,303.47,99.95
2025-10-30,West,Home & Garden,4,415.23,134.69
2025-10-30,West,Sports,13,140.08,61.99
2025-10-31,North,Electronics,1,404.61,144.88
2025-10-31,North,Clothing,10,344.46,132.54
2025-10-31,North,Home & Garden,11,386.72,154.87
2025-10-31,North,Sports,9,192.78,85.93
2025-10-31,South,Electronics,5,564.55,196.48
2025-10-31,South,Clothing,3,211.15,91.36
2025-10-31,South,Home & Garden,3,168.5,56.9
2025-10-31,South,Sports,5,154.68,54.89
2025-10-31,East,Electronics,6,582.03,234.51
2025-10-31,East,Clothing,5,293.96,85.32
2025-10-31,East,Home & Garden,10,236.19,66.69
2025-10-31,East,Sports,11,134.68,52.96
2025-10-31,West,Electronics,9,474.08,158.16
2025-10-31,West,Clothing,4,255.57,87.87
2025-10-31,West,Home & Garden,11,132.61,47.94
2025-10-31,West,Sports,11,81.95,23.49
2025-11-01,North,Electronics,11,1114.84,463.79
2025-11-01,North,Clothing,15,464.53,127.44
2025-11-01,North,Home & Garden,20,282.3,77.86
2025-11-01,North,Sports,18,441.99,189.09
2025-11-01,South,Electronics,8,969.64,397.47
2025-11-01,South,Clothing,17,208.52,82.35
2025-11-01,South,Home & Garden,17,749.46,296.93
2025-11-01,South,Sports,12,293.82,107.16
2025-11-01,East,Electronics,16,1329.14,480.04
2025-11-01,East,Clothing,10,347.72,148.78
2025-11-01,East,Home & Garden,16,788.79,298.52
2025-11-01,East,Sports,21,470.35,192.49
2025-11-01,West,Electronics,12,488.44,138.61
2025-11-01,West,Clothing,19,434.88,145.49
2025-11-01,West,Home & Garden,23,551.49,232.24
2025-11-01,West,Sports,27,252.57,107.4
2025-11-02,North,Electronics,11,816.37,270.91
2025-11-02,North,Clothing,16,356.96,139.35
2025-11-02,North,Home & Garden,13,590.85,263.23
2025-11-02,North,Sports,14,311.18,135.63
2025-11-02,South,Electronics,12,941.79,253.39
2025-11-02,South,Clothing,11,399.78,173.68
2025-11-02,South,Home & Garden,18,509.83,186.59
2025-11-02,South,Sports,14,320.82,104.09
2025-11-02,East,Electronics,13,814.04,218.42
2025-11-02,East,Clothing,9,202.83,82.36
2025-11-02,East,Home & Garden,10,677.69,240.76
2025-11-02,East,Sports,16,379.91,132.81
2025-11-02,West,Electronics,13,1041.77,324.54
2025-11-02,West,Clothing,14,463.33,164.23
2025-11-02,West,Home & Garden,12,469.46,192.24
2025-11-02,West,Sports,13,148.47,54.64
2025-11-03,North,Electronics,7,798.45,333.43
2025-11-03,North,Clothing,12,296.58,80.5
2025-11-03,North,Home & Garden,11,310.22,105.43
2025-11-03,North,Sports,15,120.68,41.47
2025-11-03,South,Electronics,11,361.09,131.13
2025-11-03,South,Clothing,16,332.55,96.68
2025-11-03,South,Home & Garden,13,357.96,150.9
2025-11-03,South,Sports,20,297.22,115.7
2025-11-03,East,Electronics,10,994.85,356.73
2025-11-03,East,Clothing,6,217.16,87.17
2025-11-03,East,Home & Garden,11,441.66,121.14
2025-11-03,East,Sports,5,164.26,42.28
2025-11-03,West,Electronics,10,788.1,331.18
2025-11-03,West,Clothing,17,310.26,92.73
2025-11-03,West,Home & Garden,15,391.95,118.38
2025-11-03,West,Sports,15,311.78,122.01
2025-11-04,North,Electronics,8,899.81,340.0
2025-11-04,North,Clothing,6,348.3,128.02
2025-11-04,North,Home & Garden,9,632.44,224.11
2025-11-04,North,Sports,18,280.23,120.28
2025-11-04,South,Electronics,8,587.43,198.07
2025-11-04,South,Clothing,8,228.12,80.85
2025-11-04,South,Home & Garden,9,319.25,88.07
2025-11-04,South,Sports,11,103.96,38.14
2025-11-04,East,Electronics,11,1185.6,349.14
2025-11-04,East,Clothing,13,267.56,82.31
2025-11-04,East,Home & Garden,10,412.2,135.15
2025-11-04,East,Sports,8,268.84,84.99
2025-11-04,West,Electronics,15,357.79,157.94
2025-11-04,West,Clothing,15,287.35,101.31
2025-11-04,West,Home & Garden,9,205.29,77.34
2025-11-04,West,Sports,7,235.12,71.65
2025-11-05,North,Electronics,9,622.58,267.5
2025-11-05,North,Clothing,8,277.25,100.8
2025-11-05,North,Home & Garden,12,308.28,84.18
2025-11-05,North,Sports,11,284.84,93.11
2025-11-05,South,Electronics,9,763.24,220.36
2025-11-05,South,Clothing,11,322.42,121.38
2025-11-05,South,Home & Garden,12,571.25,172.92
2025-11-05,South,Sports,8,145.75,45.66
2025-11-05,East,Electronics,16,616.08,272.86
2025-11-05,East,Clothing,9,148.29,37.5
2025-11-05,East,Home & Garden,14,732.6,253.09
2025-11-05,East,Sports,7,369.21,133.68
2025-11-05,West,Electronics,11,678.94,266.68
2025-11-05,West,Clothing,11,339.02,95.18
2025-11-05,West,Home & Garden,9,410.51,164.68
2025-11-05,West,Sports,10,184.73,56.94
2025-11-06,North,Electronics,15,743.48,188.69
2025-11-06,North,Clothing,12,321.61,85.21
2025-11-06,North,Home & Garden,11,622.91,245.96
2025-11-06,North,Sports,10,192.62,53.21
2025-11-06,South,Electronics,15,652.61,274.01
2025-11-06,South,Clothing,13,268.46,106.64
2025-11-06,South,Home & Garden,15,355.22,139.48
2025-11-06,South,Sports,12,221.98,57.43
2025-11-06,East,Electronics,12,1194.08,340.99
2025-11-06,East,Clothing,16,367.55,150.15
2025-11-06,East,Home & Garden,12,679.87,195.27
2025-11-06,East,Sports,13,211.76,59.73
2025-11-06,West,Electronics,13,842.95,376.84
2025-11-06,West,Clothing,6,183.0,53.33
2025-11-06,West,Home & Garden,7,269.11,71.96
2025-11-06,West,Sports,4,236.24,103.52
2025-11-07,North,Electronics,19,819.7,216.06
2025-11-07,North,Clothing,6,265.19,87.26
2025-11-07,North,Home & Garden,17,381.37,120.56
2025-11-07,North,Sports,9,308.88,78.77
2025-11-07,South,Electronics,8,811.37,287.73
2025-11-07,South,Clothing,12,270.83,108.47
2025-11-07,South,Home & Garden,8,415.73,184.2
2025-11-07,South,Sports,9,130.06,37.82
2025-11-07,East,Electronics,11,535.01,202.89
2025-11-07,East,Clothing,7,260.39,96.83
2025-11-07,East,Home & Garden,10,388.69,111.73
2025-11-07,East,Sports,9,203.39,71.26
2025-11-07,West,Electronics,12,876.77,384.98
2025-11-07,West,Clothing,15,231.49,99.92
2025-11-07,West,Home & Garden,10,300.21,128.93
2025-11-07,West,Sports,7,244.2,87.93
2025-11-08,North,Electronics,16,1022.6,424.8
2025-11-08,North,Clothing,16,247.84,79.13
2025-11-08,North,Home & Garden,11,312.3,119.51
2025-11-08,North,Sports,12,274.36,118.91
2025-11-08,South,Electronics,12,523.57,138.99
2025-11-08,South,Clothing,16,279.93,93.92
2025-11-08,South,Home & Garden,16,564.86,233.93
2025-11-08,South,Sports,19,239.48,61.01
2025-11-08,East,Electronics,15,1353.03,492.87
2025-11-08,East,Clothing,13,311.94,103.11
2025-11-08,East,Home & Garden,15,775.83,298.98
2025-11-08,East,Sports,12,428.08,143.08
2025-11-08,West,Electronics,7,1097.31,320.8
2025-11-08,West,Clothing,13,217.68,83.27
2025-11-08,West,Home & Garden,11,447.76,162.04
2025-11-08,West,Sports,11,290.89,114.36
2025-11-09,North,Electronics,12,536.76,224.65
2025-11-09,North,Clothing,21,317.45,128.68
2025-11-09,North,Home & Garden,12,728.03,309.42
2025-11-09,North,Sports,11,225.39,61.79
2025-11-09,South,Electronics,9,977.29,408.91
2025-11-09,South,Clothing,16,287.84,79.82
2025-11-09,South,Home & Garden,16,644.86,211.66
2025-11-09,South,Sports,21,242.49,97.2
2025-11-09,East,Electronics,10,1306.41,426.09
2025-11-09,East,Clothing,16,400.49,130.53
2025-11-09,East,Home & Garden,17,407.54,161.96
2025-11-09,East,Sports,15,387.45,155.01
2025-11-09,West,Electronics,13,1306.15,564.26
2025-11-09,West,Clothing,19,470.36,177.3
2025-11-09,West,Home & Garden,17,698.73,215.67
2025-11-09,West,Sports,21,337.22,112.98
2025-11-10,North,Electronics,7,951.78,360.05
2025-11-10,North,Clothing,12,381.3,157.6
2025-11-10,North,Home & Garden,13,414.84,136.17
2025-11-10,North,Sports,15,173.84,60.68
2025-11-10,South,Electronics,11,856.06,250.6
2025-11-10,South,Clothing,12,246.69,67.26
2025-11-10,South,Home & Garden,12,414.07,168.67
2025-11-10,South,Sports,10,188.75,50.15
2025-11-10,East,Electronics,8,1093.04,400.29
2025-11-10,East,Clothing,18,367.77,107.49
2025-11-10,East,Home & Garden,14,395.47,134.68
2025-11-10,East,Sports,10,295.18,120.1
2025-11-10,West,Electronics,15,802.28,333.34
2025-11-10,West,Clothing,8,217.83,92.94
2025-11-10,West,Home & Garden,15,293.51,102.71
2025-11-10,West,Sports,13,249.67,67.39
2025-11-11,North,Electronics,14,590.26,253.86
2025-11-11,North,Clothing,7,332.36,111.97
2025-11-11,North,Home & Garden,12,511.57,184.19
2025-11-11,North,Sports,17,201.6,75.12
2025-11-11,South,Electronics,16,560.48,246.64
2025-11-11,South,Clothing,7,179.43,78.32
2025-11-11,South,Home & Garden,10,217.8,65.53
2025-11-11,South,Sports,10,209.03,78.95
2025-11-11,East,Electronics,16,1278.99,392.3
2025-11-11,East,Clothing,9,486.75,149.22
2025-11-11,East,Home & Garden,12,521.74,177.13
2025-11-11,East,Sports,11,222.75,86.91
2025-11-11,West,Electronics,9,793.5,229.88
2025-11-11,West,Clothing,9,210.72,88.03
2025-11-11,West,Home & Garden,13,240.43,74.58
2025-11-11,West,Sports,11,222.56,97.28
2025-11-12,North,Electronics,13,723.81,285.68
2025-11-12,North,Clothing,11,437.46,141.59
2025-11-12,North,Home & Garden,15,552.23,248.17
2025-11-12,North,Sports,7,303.47,124.06
2025-11-12,South,Electronics,13,826.66,256.6
2025-11-12,South,Clothing,8,212.3,82.23
2025-11-12,South,Home & Garden,14,311.99,124.37
2025-11-12,South,Sports,13,103.82,26.53
2025-11-12,East,Electronics,11,673.47,282.75
2025-11-12,East,Clothing,6,371.14,137.3
2025-11-12,East,Home & Garden,11,265.92,113.92
2025-11-12,East,Sports,11,226.88,62.56
2025-11-12,West,Electronics,9,913.31,281.51
2025-11-12,West,Clothing,12,198.17,70.02
2025-11-12,West,Home & Garden,13,469.83,177.41
2025-11-12,West,Sports,12,244.9,76.84
2025-11-13,North,Electronics,16,984.85,355.21
2025-11-13,North,Clothing,13,398.77,112.12
2025-11-13,North,Home & Garden,8,330.35,122.87
2025-11-13,North,Sports,12,125.86,38.91
2025-11-13,South,Electronics,16,894.11,385.32
2025-11-13,South,Clothing,11,266.22,87.88
2025-11-13,South,Home & Garden,7,520.02,199.67
2025-11-13,South,Sports,10,249.97,88.09
2025-11-13,East,Electronics,7,492.65,216.01
2025-11-13,East,Clothing,13,337.41,95.12
2025-11-13,East,Home & Garden,16,457.6,158.33
2025-11-13,East,Sports,7,258.32,88.88
2025-11-13,West,Electronics,12,643.26,236.45
2025-11-13,West,Clothing,8,257.3,101.65
2025-11-13,West,Home & Garden,9,471.23,182.01
2025-11-13,West,Sports,10,247.16,83.11
2025-11-14,North,Electronics,11,856.86,377.64
2025-11-14,North,Clothing,13,397.35,168.66
2025-11-14,North,Home & Garden,12,465.23,167.84
2025-11-14,North,Sports,15,162.58,69.21
2025-11-14,South,Electronics,14,580.69,191.13
2025-11-14,South,Clothing,14,238.52,81.89
2025-11-14,South,Home & Garden,11,552.52,180.37
2025-11-14,South,Sports,11,166.83,62.02
2025-11-14,East,Electronics,15,1204.08,502.17
2025-11-14,East,Clothing,12,348.61,110.8
2025-11-14,East,Home & Garden,11,600.3,163.92
2025-11-14,East,Sports,11,173.91,63.72
2025-11-14,West,Electronics,9,897.61,340.82
2025-11-14,West,Clothing,8,313.15,119.95
2025-11-14,West,Home & Garden,5,510.57,199.57
2025-11-14,West,Sports,11,103.4,41.33
2025-11-15,North,Electronics,12,569.49,200.68
2025-11-15,North,Clothing,11,263.84,104.99
2025-11-15,North,Home & Garden,12,601.96,228.1
2025-11-15,North,Sports,13,356.75,158.45
2025-11-15,South,Electronics,10,980.93,282.68
2025-11-15,South,Clothing,15,355.9,115.6
2025-11-15,South,Home & Garden,10,622.98,278.51
2025-11-15,South,Sports,10,154.4,51.01
2025-11-15,East,Electronics,10,1120.09,391.03
2025-11-15,East,Clothing,11,318.76,119.02
2025-11-15,East,Home & Garden,21,285.19,87.06
2025-11-15,East,Sports,15,341.9,123.94
2025-11-15,West,Electronics,12,945.63,254.61
2025-11-15,West,Clothing,15,246.31,72.61
2025-11-15,West,Home & Garden,11,444.11,191.64
2025-11-15,West,Sports,11,333.22,128.9
2025-11-16,North,Electronics,15,1027.02,415.92
2025-11-16,North,Clothing,13,479.94,133.58
2025-11-16,North,Home & Garden,14,680.24,192.55
2025-11-16,North,Sports,13,226.86,79.45
2025-11-16,South,Electronics,17,1057.55,301.97
2025-11-16,South,Clothing,8,288.83,124.63
2025-11-16,South,Home & Garden,8,518.26,197.06
2025-11-16,South,Sports,7,189.46,70.13
2025-11-16,East,Electronics,15,1139.45,307.83
2025-11-16,East,Clothing,11,186.78,63.37
2025-11-16,East,Home & Garden,5,554.51,188.31
2025-11-16,East,Sports,13,290.94,96.5
2025-11-16,West,Electronics,18,922.27,292.31
2025-11-16,West,Clothing,14,168.88,55.64
2025-11-16,West,Home & Garden,11,598.66,164.64
2025-11-16,West,Sports,19,310.64,120.3
2025-11-17,North,Electronics,13,653.98,255.93
2025-11-17,North,Clothing,9,264.06,91.73
2025-11-17,North,Home & Garden,14,559.98,174.85
2025-11-17,North,Sports,14,193.49,53.19
2025-11-17,South,Electronics,12,690.68,182.2
2025-11-17,South,Clothing,12,258.31,92.46
2025-11-17,South,Home & Garden,8,281.38,117.13
2025-11-17,South,Sports,9,167.23,63.01
2025-11-17,East,Electronics,12,1224.86,505.68
2025-11-17,East,Clothing,18,446.24,191.12
2025-11-17,East,Home & Garden,13,628.74,206.42
2025-11-17,East,Sports,14,276.3,102.81
2025-11-17,West,Electronics,5,813.06,257.49
2025-11-17,West,Clothing,6,322.04,132.22
2025-11-17,West,Home & Garden,8,269.51,79.96
2025-11-17,West,Sports,7,212.35,82.83
2025-11-18,North,Electronics,9,670.81,209.27
2025-11-18,North,Clothing,4,225.87,98.02
2025-11-18,North,Home & Garden,15,470.39,127.44
2025-11-18,North,Sports,12,257.56,84.97
2025-11-18,South,Electronics,12,569.74,231.68
2025-11-18,South,Clothing,14,203.94,75.23
2025-11-18,South,Home & Garden,14,462.81,157.76
2025-11-18,South,Sports,12,143.65,37.13
2025-11-18,East,Electronics,15,474.65,201.34
2025-11-18,East,Clothing,11,330.05,133.39
2025-11-18,East,Home & Garden,14,504.53,184.67
2025-11-18,East,Sports,11,335.19,86.15
2025-11-18,West,Electronics,13,825.31,270.58
2025-11-18,West,Clothing,17,250.17,106.71
2025-11-18,West,Home & Garden,12,416.71,128.35
2025-11-18,West,Sports,12,219.66,62.14
2025-11-19,North,Electronics,9,972.27,353.33
2025-11-19,North,Clothing,8,207.73,62.18
2025-11-19,North,Home & Garden,12,611.05,262.92
2025-11-19,North,Sports,12,198.82,67.94
2025-11-19,South,Electronics,5,660.0,268.86
2025-11-19,South,Clothing,14,166.18,45.06
2025-11-19,South,Home & Garden,13,227.17,84.91
2025-11-19,South,Sports,11,133.25,54.56
2025-11-19,East,Electronics,12,1173.86,425.98
2025-11-19,East,Clothing,13,463.22,136.52
2025-11-19,East,Home & Garden,9,604.31,237.94
2025-11-19,East,Sports,17,224.0,68.59
2025-11-19,West,Electronics,9,651.43,220.8
2025-11-19,West,Clothing,9,276.32,71.67
2025-11-19,West,Home & Garden,9,503.39,166.54
2025-11-19,West,Sports,8,136.95,59.18
2025-11-20,North,Electronics,9,626.1,186.09
2025-11-20,North,Clothing,7,281.79,122.06
2025-11-20,North,Home & Garden,11,462.2,156.84
2025-11-20,North,Sports,14,143.99,44.72
2025-11-20,South,Electronics,11,823.55,227.26
2025-11-20,South,Clothing,13,237.96,81.94
2025-11-20,South,Home & Garden,13,328.29,138.85
2025-11-20,South,Sports,17,201.73,72.34
2025-11-20,East,Electronics,8,1301.1,493.78
2025-11-20,East,Clothing,13,399.82,179.32
2025-11-20,East,Home & Garden,9,389.83,130.54
2025-11-20,East,Sports,11,335.73,116.88
2025-11-20,West,Electronics,16,373.1,118.55
2025-11-20,West,Clothing,15,343.03,138.39
2025-11-20,West,Home & Garden,17,383.36,112.2
2025-11-20,West,Sports,12,260.73,83.23
2025-11-21,North,Electronics,8,409.33,118.16
2025-11-21,North,Clothing,15,302.07,84.71
2025-11-21,North,Home & Garden,12,453.57,163.81
2025-11-21,North,Sports,10,194.35,65.47
2025-11-21,South,Electronics,19,541.38,148.59
2025-11-21,South,Clothing,15,294.84,91.91
2025-11-21,South,Home & Garden,12,394.53,101.71
2025-11-21,South,Sports,16,186.46,54.31
2025-11-21,East,Electronics,9,1064.58,433.07
2025-11-21,East,Clothing,10,332.64,127.08
2025-11-21,East,Home & Garden,14,421.49,177.94
2025-11-21,East,Sports,14,364.36,95.28
2025-11-21,West,Electronics,8,678.42,272.23
2025-11-21,West,Clothing,15,164.45,66.6
2025-11-21,West,Home & Garden,12,514.33,169.15
2025-11-21,West,Sports,15,163.28,53.5
2025-11-22,North,Electronics,23,458.82,179.2
2025-11-22,North,Clothing,12,449.17,121.1
2025-11-22,North,Home & Garden,15,711.45,229.39
2025-11-22,North,Sports,11,375.12,137.57
2025-11-22,South,Electronics,8,966.64,376.46
2025-11-22,South,Clothing,13,375.87,97.17
2025-11-22,South,Home & Garden,17,414.53,150.09
2025-11-22,South,Sports,16,301.73,122.29
2025-11-22,East,Electronics,20,1150.03,369.87
2025-11-22,East,Clothing,10,409.52,139.87
2025-11-22,East,Home & Garden,14,674.0,265.36
2025-11-22,East,Sports,12,374.38,163.49
2025-11-22,West,Electronics,10,730.52,192.22
2025-11-22,West,Clothing,17,463.96,170.35
2025-11-22,West,Home & Garden,14,397.4,139.59
2025-11-22,West,Sports,10,164.74,61.98
2025-11-23,North,Electronics,19,1029.76,451.68
2025-11-23,North,Clothing,14,420.74,139.56
2025-11-23,North,Home & Garden,14,693.34,201.62
2025-11-23,North,Sports,16,235.45,87.47
2025-11-23,South,Electronics,12,923.14,250.89
2025-11-23,South,Clothing,13,307.28,109.09
2025-11-23,South,Home & Garden,17,520.47,144.47
2025-11-23,South,Sports,15,321.76,83.73
2025-11-23,East,Electronics,17,1489.49,386.88
2025-11-23,East,Clothing,17,468.25,117.45
2025-11-23,East,Home & Garden,9,658.31,186.02
2025-11-23,East,Sports,19,334.04,121.91
2025-11-23,West,Electronics,12,859.45,269.02
2025-11-23,West,Clothing,17,329.41,125.24
2025-11-23,West,Home & Garden,18,627.18,275.37
2025-11-23,West,Sports,20,164.76,59.37
2025-11-24,North,Electronics,6,787.4,288.1
2025-11-24,North,Clothing,17,231.09,100.71
2025-11-24,North,Home & Garden,9,662.37,281.95
2025-11-24,North,Sports,10,250.34,98.95
2025-11-24,South,Electronics,9,833.08,230.35
2025-11-24,South,Clothing,13,297.17,86.52
2025-11-24,South,Home & Garden,7,549.43,213.55
2025-11-24,South,Sports,9,209.16,69.34
2025-11-24,East,Electronics,19,862.0,283.85
2025-11-24,East,Clothing,9,489.56,140.45
2025-11-24,East,Home & Garden,12,423.72,137.67
2025-11-24,East,Sports,19,304.33,102.82
2025-11-24,West,Electronics,20,702.01,238.67
2025-11-24,West,Clothing,9,291.54,126.07
2025-11-24,West,Home & Garden,8,470.13,209.25
2025-11-24,West,Sports,16,125.16,35.15
2025-11-25,North,Electronics,6,633.25,180.29
2025-11-25,North,Clothing,9,202.55,69.65
2025-11-25,North,Home & Garden,12,423.54,118.56
2025-11-25,North,Sports,7,238.24,84.61
2025-11-25,South,Electronics,13,567.48,199.77
2025-11-25,South,Clothing,8,315.2,139.56
2025-11-25,South,Home & Garden,19,334.9,149.25
2025-11-25,South,Sports,14,320.91,109.47
2025-11-25,East,Electronics,12,882.74,331.38
2025-11-25,East,Clothing,5,212.35,58.84
2025-11-25,East,Home & Garden,10,295.91,127.97
2025-11-25,East,Sports,12,262.6,108.83
2025-11-25,West,Electronics,15,921.81,315.63
2025-11-25,West,Clothing,13,248.29,67.05
2025-11-25,West,Home & Garden,9,283.1,125.5
2025-11-25,West,Sports,14,164.24,67.65
2025-11-26,North,Electronics,15,591.4,170.09
2025-11-26,North,Clothing,9,267.47,73.79
2025-11-26,North,Home & Garden,7,492.06,215.76
2025-11-26,North,Sports,16,311.04,107.41
2025-11-26,South,Electronics,12,654.83,203.86
2025-11-26,South,Clothing,11,287.64,100.87
2025-11-26,South,Home & Garden,4,374.75,116.55
2025-11-26,South,Sports,7,125.48,50.59
2025-11-26,East,Electronics,14,594.6,243.01
2025-11-26,East,Clothing,12,347.78,94.27
2025-11-26,East,Home & Garden,11,349.71,115.4
2025-11-26,East,Sports,9,275.49,87.3
2025-11-26,West,Electronics,12,560.75,160.94
2025-11-26,West,Clothing,6,282.48,80.75
2025-11-26,West,Home & Garden,7,457.53,150.01
2025-11-26,West,Sports,7,196.44,60.63
2025-11-27,North,Electronics,10,714.35,205.23
2025-11-27,North,Clothing,9,293.17,100.92
2025-11-27,North,Home & Garden,11,508.0,222.0
2025-11-27,North,Sports,17,165.84,61.01
2025-11-27,South,Electronics,10,647.05,183.55
2025-11-27,South,Clothing,14,249.21,89.84
2025-11-27,South,Home & Garden,15,370.19,158.67
2025-11-27,South,Sports,7,208.99,92.58
2025-11-27,East,Electronics,7,688.72,233.71
2025-11-27,East,Clothing,8,350.94,133.12
2025-11-27,East,Home & Garden,21,590.5,252.67
2025-11-27,East,Sports,4,241.55,67.58
2025-11-27,West,Electronics,14,602.79,175.47
2025-11-27,West,Clothing,6,360.29,107.03
2025-11-27,West,Home & Garden,8,396.75,153.31
2025-11-27,West,Sports,12,256.09,107.64
2025-11-28,North,Electronics,9,817.99,321.11
2025-11-28,North,Clothing,10,432.76,175.14
2025-11-28,North,Home & Garden,21,613.27,160.82
2025-11-28,North,Sports,9,216.81,93.2
2025-11-28,South,Electronics,13,668.87,169.7
2025-11-28,South,Clothing,11,406.92,139.82
2025-11-28,South,Home & Garden,10,145.3,43.85
2025-11-28,South,Sports,13,135.85,50.97
2025-11-28,East,Electronics,12,595.89,159.06
2025-11-28,East,Clothing,10,318.66,143.29
2025-11-28,East,Home & Garden,9,629.96,261.03
2025-11-28,East,Sports,12,351.55,97.69
2025-11-28,West,Electronics,15,734.01,202.58
2025-11-28,West,Clothing,10,173.72,54.49
2025-11-28,West,Home & Garden,18,384.58,164.73
2025-11-28,West,Sports,17,216.77,80.04
2025-11-29,North,Electronics,13,581.08,165.68
2025-11-29,North,Clothing,19,469.38,198.65
2025-11-29,North,Home & Garden,11,657.07,200.36
2025-11-29,North,Sports,11,207.79,85.95
2025-11-29,South,Electronics,13,1057.33,359.21
2025-11-29,South,Clothing,14,419.71,140.2
2025-11-29,South,Home & Garden,8,756.69,233.08
2025-11-29,South,Sports,13,148.66,50.1
2025-11-29,East,Electronics,24,1800.03,588.07
2025-11-29,East,Clothing,11,238.56,94.48
2025-11-29,East,Home & Garden,16,720.55,301.66
2025-11-29,East,Sports,16,122.5,53.71
2025-11-29,West,Electronics,15,449.29,159.68
2025-11-29,West,Clothing,17,570.71,185.64
2025-11-29,West,Home & Garden,13,471.16,190.72
2025-11-29,West,Sports,12,209.86,63.23
2025-11-30,North,Electronics,18,501.05,192.37
2025-11-30,North,Clothing,12,407.19,105.98
2025-11-30,North,Home & Garden,13,807.62,234.02
2025-11-30,North,Sports,15,382.98,170.58
2025-11-30,South,Electronics,8,401.92,151.2
2025-11-30,South,Clothing,11,293.25,85.19
2025-11-30,South,Home & Garden,13,402.84,150.79
2025-11-30,South,Sports,18,293.64,103.32
2025-11-30,East,Electronics,14,1064.67,374.28
2025-11-30,East,Clothing,16,492.85,212.66
2025-11-30,East,Home & Garden,20,841.73,323.42
2025-11-30,East,Sports,19,325.34,123.3
2025-11-30,West,Electronics,19,710.2,278.02
2025-11-30,West,Clothing,12,467.4,198.68
2025-11-30,West,Home & Garden,18,526.91,184.48
2025-11-30,West,Sports,13,320.63,110.49
2025-12-01,North,Electronics,10,750.72,212.45
2025-12-01,North,Clothing,14,138.78,48.31
2025-12-01,North,Home & Garden,7,420.06,143.21
2025-12-01,North,Sports,10,140.36,58.43
2025-12-01,South,Electronics,10,513.93,161.74
2025-12-01,South,Clothing,12,306.68,91.82
2025-12-01,South,Home & Garden,11,367.81,108.31
2025-12-01,South,Sports,14,213.87,79.82
2025-12-01,East,Electronics,13,825.09,269.4
2025-12-01,East,Clothing,13,299.51,131.29
2025-12-01,East,Home & Garden,11,469.46,120.57
2025-12-01,East,Sports,7,273.96,95.46
2025-12-01,West,Electronics,12,928.98,323.09
2025-12-01,West,Clothing,5,215.8,63.42
2025-12-01,West,Home & Garden,17,574.13,256.12
2025-12-01,West,Sports,6,263.82,87.58
2025-12-02,North,Electronics,9,865.92,230.38
2025-12-02,North,Clothing,8,313.31,128.21
2025-12-02,North,Home & Garden,7,582.63,252.43
2025-12-02,North,Sports,11,216.44,94.6
2025-12-02,South,Electronics,7,725.2,233.2
2025-12-02,South,Clothing,11,213.4,78.24
2025-12-02,South,Home & Garden,14,462.73,187.09
2025-12-02,South,Sports,8,202.52,64.22
2025-12-02,East,Electronics,16,889.83,334.71
2025-12-02,East,Clothing,11,330.0,86.48
2025-12-02,East,Home & Garden,6,777.61,316.48
2025-12-02,East,Sports,13,244.86,85.93
2025-12-02,West,Electronics,13,330.34,88.9
2025-12-02,West,Clothing,12,468.57,205.31
2025-12-02,West,Home & Garden,10,258.82,83.29
2025-12-02,West,Sports,16,220.6,63.76
2025-12-03,North,Electronics,5,843.51,318.81
2025-12-03,North,Clothing,7,258.76,80.27
2025-12-03,North,Home & Garden,12,385.31,127.58
2025-12-03,North,Sports,16,302.82,106.49
2025-12-03,South,Electronics,17,875.63,240.48
2025-12-03,South,Clothing,15,247.44,78.86
2025-12-03,South,Home & Garden,15,368.95,137.23
2025-12-03,South,Sports,7,115.56,31.15
2025-12-03,East,Electronics,8,1081.81,294.81
2025-12-03,East,Clothing,18,436.55,150.16
2025-12-03,East,Home & Garden,9,709.85,307.71
2025-12-03,East,Sports,15,226.02,87.52
2025-12-03,West,Electronics,15,482.26,126.98
2025-12-03,West,Clothing,17,243.85,63.3
2025-12-03,West,Home & Garden,13,458.59,143.5
2025-12-03,West,Sports,16,290.51,91.24
2025-12-04,North,Electronics,13,765.42,337.36
2025-12-04,North,Clothing,11,468.75,127.46
2025-12-04,North,Home & Garden,14,582.53,239.98
2025-12-04,North,Sports,11,303.99,125.59
2025-12-04,South,Electronics,9,811.13,323.26
2025-12-04,South,Clothing,9,305.57,110.55
2025-12-04,South,Home & Garden,12,147.16,51.41
2025-12-04,South,Sports,11,68.05,22.06
2025-12-04,East,Electronics,11,749.44,187.57
2025-12-04,East,Clothing,11,347.8,122.29
2025-12-04,East,Home & Garden,16,469.25,161.41
2025-12-04,East,Sports,12,166.8,50.51
2025-12-04,West,Electronics,12,621.39,202.4
2025-12-04,West,Clothing,13,422.94,119.54
2025-12-04,West,Home & Garden,10,440.55,148.01
2025-12-04,West,Sports,18,245.73,85.59
2025-12-05,North,Electronics,9,838.66,330.01
2025-12-05,North,Clothing,7,246.02,66.65
2025-12-05,North,Home & Garden,10,262.28,97.4
2025-12-05,North,Sports,8,205.73,67.0
2025-12-05,South,Electronics,18,641.29,268.59
2025-12-05,South,Clothing,16,267.84,93.23
2025-12-05,South,Home & Garden,14,544.67,149.02
2025-12-05,South,Sports,8,197.35,72.77
2025-12-05,East,Electronics,13,826.4,272.82
2025-12-05,East,Clothing,8,331.14,99.85
2025-12-05,East,Home & Garden,11,640.31,173.26
2025-12-05,East,Sports,10,257.16,103.77
2025-12-05,West,Electronics,9,515.25,205.86
2025-12-05,West,Clothing,6,310.06,111.77
2025-12-05,West,Home & Garden,6,651.31,215.9
2025-12-05,West,Sports,9,246.22,80.94
2025-12-06,North,Electronics,12,1242.06,331.49
2025-12-06,North,Clothing,10,484.44,198.97
2025-12-06,North,Home & Garden,12,609.49,256.68
2025-12-06,North,Sports,13,383.7,157.22
2025-12-06,South,Electronics,14,560.45,160.83
2025-12-06,South,Clothing,14,405.63,156.7
2025-12-06,South,Home & Garden,17,429.38,162.02
2025-12-06,South,Sports,10,280.63,93.42
2025-12-06,East,Electronics,13,1307.58,428.07
2025-12-06,East,Clothing,8,304.38,77.65
2025-12-06,East,Home & Garden,20,494.18,170.16
2025-12-06,East,Sports,13,426.61,168.94
2025-12-06,West,Electronics,13,779.64,306.8
2025-12-06,West,Clothing,7,433.08,164.62
2025-12-06,West,Home & Garden,11,794.35,215.21
2025-12-06,West,Sports,11,417.08,182.38
2025-12-07,North,Electronics,15,1275.34,342.86
2025-12-07,North,Clothing,15,397.95,168.4
2025-12-07,North,Home & Garden,16,572.8,156.35
2025-12-07,North,Sports,15,337.08,127.5
2025-12-07,South,Electronics,12,656.66,284.41
2025-12-07,South,Clothing,8,298.12,133.93
2025-12-07,South,Home & Garden,13,582.27,183.1
2025-12-07,South,Sports,14,274.04,104.88
2025-12-07,East,Electronics,15,1371.12,427.41
2025-12-07,East,Clothing,13,259.31,116.47
2025-12-07,East,Home & Garden,17,749.23,304.28
2025-12-07,East,Sports,17,352.15,94.19
2025-12-07,West,Electronics,9,464.31,153.22
2025-12-07,West,Clothing,15,208.85,70.05
2025-12-07,West,Home & Garden,16,455.75,138.32
2025-12-07,West,Sports,11,308.81,130.46
2025-12-08,North,Electronics,11,732.29,240.03
2025-12-08,North,Clothing,4,207.71,93.32
2025-12-08,North,Home & Garden,11,669.92,244.42
2025-12-08,North,Sports,9,267.02,119.83
2025-12-08,South,Electronics,12,587.33,166.95
2025-12-08,South,Clothing,15,412.96,153.62
2025-12-08,South,Home & Garden,14,421.03,164.37
2025-12-08,South,Sports,6,189.23,64.94
2025-12-08,East,Electronics,6,530.66,211.52
2025-12-08,East,Clothing,11,450.5,176.76
2025-12-08,East,Home & Garden,9,550.29,244.83
2025-12-08,East,Sports,10,119.04,41.9
2025-12-08,West,Electronics,18,830.72,239.67
2025-12-08,West,Clothing,10,245.94,101.33
2025-12-08,West,Home & Garden,11,408.98,147.03
2025-12-08,West,Sports,5,225.2,64.1
2025-12-09,North,Electronics,15,756.23,192.48
2025-12-09,North,Clothing,10,265.21,106.32
2025-12-09,North,Home & Garden,4,603.27,239.29
2025-12-09,North,Sports,8,177.43,45.36
2025-12-09,South,Electronics,7,793.12,288.42
2025-12-09,South,Clothing,13,191.46,57.43
2025-12-09,South,Home & Garden,15,331.37,144.04
2025-12-09,South,Sports,9,226.75,84.4
2025-12-09,East,Electronics,15,892.68,304.76
2025-12-09,East,Clothing,8,274.05,100.64
2025-12-09,East,Home & Garden,16,641.18,226.62
2025-12-09,East,Sports,14,174.36,65.6
2025-12-09,West,Electronics,11,738.32,247.36
2025-12-09,West,Clothing,8,259.24,71.54
2025-12-09,West,Home & Garden,12,460.22,146.5
2025-12-09,West,Sports,9,192.41,54.89
2025-12-10,North,Electronics,13,939.31,356.77
2025-12-10,North,Clothing,11,382.47,117.45
2025-12-10,North,Home & Garden,7,484.89,122.84
2025-12-10,North,Sports,5,198.72,80.98
2025-12-10,South,Electronics,17,530.16,237.44
2025-12-10,South,Clothing,11,186.75,64.08
2025-12-10,South,Home & Garden,10,279.72,86.22
2025-12-10,South,Sports,9,125.85,50.0
2025-12-10,East,Electronics,9,979.98,398.07
2025-12-10,East,Clothing,7,336.99,85.6
2025-12-10,East,Home & Garden,13,573.72,243.38
2025-12-10,East,Sports,9,424.0,150.49
2025-12-10,West,Electronics,11,601.78,164.93
2025-12-10,West,Clothing,10,278.24,73.13
2025-12-10,West,Home & Garden,12,372.76,125.42
2025-12-10,West,Sports,19,213.33,73.51
2025-12-11,North,Electronics,13,739.1,190.27
2025-12-11,North,Clothing,9,223.54,93.68
2025-12-11,North,Home & Garden,8,477.52,163.55
2025-12-11,North,Sports,8,217.08,97.19
2025-12-11,South,Electronics,12,806.13,297.08
2025-12-11,South,Clothing,9,211.1,59.18
2025-12-11,South,Home & Garden,8,411.27,184.66
2025-12-11,South,Sports,21,140.49,41.77
2025-12-11,East,Electronics,12,1102.43,293.07
2025-12-11,East,Clothing,9,355.72,112.76
2025-12-11,East,Home & Garden,12,542.05,136.57
2025-12-11,East,Sports,9,229.95,70.76
2025-12-11,West,Electronics,6,517.57,168.27
2025-12-11,West,Clothing,11,211.49,82.92
2025-12-11,West,Home & Garden,10,473.13,120.9
2025-12-11,West,Sports,10,204.68,67.09
2025-12-12,North,Electronics,9,887.17,242.57
2025-12-12,North,Clothing,8,376.69,167.78
2025-12-12,North,Home & Garden,13,491.75,152.47
2025-12-12,North,Sports,10,228.53,92.1
2025-12-12,South,Electronics,14,813.88,319.16
2025-12-12,South,Clothing,12,181.85,79.74
2025-12-12,South,Home & Garden,11,374.46,126.56
2025-12-12,South,Sports,11,228.4,81.08
2025-12-12,East,Electronics,18,785.8,234.0
2025-12-12,East,Clothing,8,382.18,121.77
2025-12-12,East,Home & Garden,11,500.48,125.38
2025-12-12,East,Sports,18,310.87,105.22
2025-12-12,West,Electronics,13,544.35,191.0
2025-12-12,West,Clothing,9,147.8,44.19
2025-12-12,West,Home & Garden,18,511.81,160.26
2025-12-12,West,Sports,9,195.56,69.92
2025-12-13,North,Electronics,6,1118.94,367.79
2025-12-13,North,Clothing,16,371.67,146.76
2025-12-13,North,Home & Garden,11,496.09,154.09
2025-12-13,North,Sports,15,175.9,72.76
2025-12-13,South,Electronics,18,930.64,270.11
2025-12-13,South,Clothing,22,321.98,111.93
2025-12-13,South,Home & Garden,10,572.4,207.6
2025-12-13,South,Sports,16,176.0,44.7
2025-12-13,East,Electronics,17,1396.16,378.26
2025-12-13,East,Clothing,16,541.01,177.06
2025-12-13,East,Home & Garden,13,747.05,226.19
2025-12-13,East,Sports,16,373.81,119.44
2025-12-13,West,Electronics,16,1088.14,277.62
2025-12-13,West,Clothing,13,377.1,127.17
2025-12-13,West,Home & Garden,16,445.12,195.59
2025-12-13,West,Sports,14,230.05,100.46
2025-12-14,North,Electronics,15,988.91,317.04
2025-12-14,North,Clothing,9,485.86,204.34
2025-12-14,North,Home & Garden,7,580.09,197.97
2025-12-14,North,Sports,17,204.91,56.73
2025-12-14,South,Electronics,8,862.97,231.49
2025-12-14,South,Clothing,18,229.17,90.02
2025-12-14,South,Home & Garden,16,527.83,236.27
2025-12-14,South,Sports,12,350.55,97.37
2025-12-14,East,Electronics,19,840.17,298.25
2025-12-14,East,Clothing,15,472.11,182.26
2025-12-14,East,Home & Garden,8,790.07,250.75
2025-12-14,East,Sports,15,306.65,102.82
2025-12-14,West,Electronics,14,966.31,411.76
2025-12-14,West,Clothing,15,493.56,179.92
2025-12-14,West,Home & Garden,11,371.45,161.73
2025-12-14,West,Sports,9,256.28,107.64
2025-12-15,North,Electronics,15,821.54,360.21
2025-12-15,North,Clothing,17,335.49,92.98
2025-12-15,North,Home & Garden,13,614.29,202.25
2025-12-15,North,Sports,11,296.93,108.19
2025-12-15,South,Electronics,12,1051.98,438.42
2025-12-15,South,Clothing,8,271.97,88.68
2025-12-15,South,Home & Garden,12,513.57,180.05
2025-12-15,South,Sports,10,178.43,70.26
2025-12-15,East,Electronics,9,496.76,136.56
2025-12-15,East,Clothing,12,308.44,107.96
2025-12-15,East,Home & Garden,11,539.95,200.32
2025-12-15,East,Sports,14,210.32,77.22
2025-12-15,West,Electronics,12,602.3,181.41
2025-12-15,West,Clothing,12,270.82,84.23
2025-12-15,West,Home & Garden,9,549.46,246.91
2025-12-15,West,Sports,14,215.5,94.39
2025-12-16,North,Electronics,11,754.03,243.6
2025-12-16,North,Clothing,8,403.17,112.23
2025-12-16,North,Home & Garden,12,284.28,74.76
2025-12-16,North,Sports,9,185.25,55.75
2025-12-16,South,Electronics,16,809.22,271.62
2025-12-16,South,Clothing,10,208.6,53.31
2025-12-16,South,Home & Garden,11,388.96,114.42
2025-12-16,South,Sports,9,144.49,54.09
2025-12-16,East,Electronics,12,1115.16,363.39
2025-12-16,East,Clothing,11,266.03,116.17
2025-12-16,East,Home & Garden,15,569.7,240.21
2025-12-16,East,Sports,11,137.45,49.27
2025-12-16,West,Electronics,14,649.09,215.01
2025-12-16,West,Clothing,15,357.71,145.41
2025-12-16,West,Home & Garden,12,449.61,188.15
2025-12-16,West,Sports,12,267.02,98.68
2025-12-17,North,Electronics,12,812.33,344.19
2025-12-17,North,Clothing,9,260.54,78.97
2025-12-17,North,Home & Garden,9,538.15,141.33
2025-12-17,North,Sports,13,195.93,73.42
2025-12-17,South,Electronics,10,912.39,341.97
2025-12-17,South,Clothing,14,302.96,103.61
2025-12-17,South,Home & Garden,18,345.01,90.17
2025-12-17,South,Sports,13,188.26,68.64
2025-12-17,East,Electronics,19,779.24,298.86
2025-12-17,East,Clothing,14,363.66,161.78
2025-12-17,East,Home & Garden,10,525.84,187.32
2025-12-17,East,Sports,9,266.29,93.94
2025-12-17,West,Electronics,14,752.34,275.83
2025-12-17,West,Clothing,11,364.5,114.32
2025-12-17,West,Home & Garden,6,304.58,90.89
2025-12-17,West,Sports,17,134.08,35.58
2025-12-18,North,Electronics,10,927.12,333.91
2025-12-18,North,Clothing,15,282.21,119.52
2025-12-18,North,Home & Garden,6,537.56,236.22
2025-12-18,North,Sports,11,251.43,97.86
2025-12-18,South,Electronics,8,509.3,216.36
2025-12-18,South,Clothing,12,200.14,72.08
2025-12-18,South,Home & Garden,11,362.19,109.88
2025-12-18,South,Sports,16,220.93,97.08
2025-12-18,East,Electronics,6,771.68,319.13
2025-12-18,East,Clothing,16,346.58,115.93
2025-12-18,East,Home & Garden,13,504.96,190.57
2025-12-18,East,Sports,7,234.41,79.17
2025-12-18,West,Electronics,8,888.56,287.52
2025-12-18,West,Clothing,15,277.45,117.42
2025-12-18,West,Home & Garden,13,359.35,128.05
2025-12-18,West,Sports,14,236.49,71.4
2025-12-19,North,Electronics,14,834.78,328.06
2025-12-19,North,Clothing,13,306.96,83.94
2025-12-19,North,Home & Garden,15,475.29,167.72
2025-12-19,North,Sports,8,184.0,47.24
2025-12-19,South,Electronics,10,910.92,314.66
2025-12-19,South,Clothing,10,152.9,65.77
2025-12-19,South,Home & Garden,15,427.28,150.27
2025-12-19,South,Sports,9,214.97,60.39
2025-12-19,East,Electronics,8,850.5,219.94
2025-12-19,East,Clothing,15,307.11,119.6
2025-12-19,East,Home & Garden,12,583.0,209.21
2025-12-19,East,Sports,13,219.28,69.72
2025-12-19,West,Electronics,17,826.35,244.05
2025-12-19,West,Clothing,14,271.9,103.05
2025-12-19,West,Home & Garden,15,437.5,129.37
2025-12-19,West,Sports,3,97.37,25.74
2025-12-20,North,Electronics,15,1156.14,343.71
2025-12-20,North,Clothing,25,339.22,128.75
2025-12-20,North,Home & Garden,17,743.0,302.46
2025-12-20,North,Sports,12,198.55,54.26
2025-12-20,South,Electronics,16,479.66,128.62
2025-12-20,South,Clothing,12,331.91,104.84
2025-12-20,South,Home & Garden,18,480.24,182.72
2025-12-20,South,Sports,14,325.26,113.17
2025-12-20,East,Electronics,22,1179.48,438.55
2025-12-20,East,Clothing,18,413.96,105.67
2025-12-20,East,Home & Garden,15,366.12,157.11
2025-12-20,East,Sports,11,404.81,110.04
2025-12-20,West,Electronics,16,195.47,62.02
2025-12-20,West,Clothing,18,379.01,151.19
2025-12-20,West,Home & Garden,16,536.89,164.61
2025-12-20,West,Sports,12,331.24,118.0
2025-12-21,North,Electronics,14,879.19,260.81
2025-12-21,North,Clothing,11,248.05,82.67
2025-12-21,North,Home & Garden,23,833.43,358.86
2025-12-21,North,Sports,22,467.07,155.95
2025-12-21,South,Electronics,15,712.19,215.56
2025-12-21,South,Clothing,13,375.21,168.24
2025-12-21,South,Home & Garden,21,605.63,221.59
2025-12-21,South,Sports,19,338.19,151.5
2025-12-21,East,Electronics,12,942.27,338.19
2025-12-21,East,Clothing,16,396.64,101.76
2025-12-21,East,Home & Garden,18,826.97,294.17
2025-12-21,East,Sports,16,337.11,114.05
2025-12-21,West,Electronics,8,1084.17,338.74
2025-12-21,West,Clothing,15,471.16,142.45
2025-12-21,West,Home & Garden,4,507.15,133.33
2025-12-21,West,Sports,13,315.48,115.85
2025-12-22,North,Electronics,3,840.72,234.06
2025-12-22,North,Clothing,7,286.54,95.71
2025-12-22,North,Home & Garden,9,430.95,178.9
2025-12-22,North,Sports,7,236.44,87.0
2025-12-22,South,Electronics,15,452.68,139.63
2025-12-22,South,Clothing,11,188.04,73.46
2025-12-22,South,Home & Garden,7,534.33,148.05
2025-12-22,South,Sports,17,211.7,58.33
2025-12-22,East,Electronics,7,538.77,230.67
2025-12-22,East,Clothing,11,383.32,103.49
2025-12-22,East,Home & Garden,11,495.61,180.41
2025-12-22,East,Sports,12,240.95,80.76
2025-12-22,West,Electronics,9,520.82,211.17
2025-12-22,West,Clothing,17,211.77,69.29
2025-12-22,West,Home & Garden,15,250.55,102.39
2025-12-22,West,Sports,11,235.92,82.69
2025-12-23,North,Electronics,10,687.72,266.44
2025-12-23,North,Clothing,6,273.56,113.57
2025-12-23,North,Home & Garden,12,650.95,215.65
2025-12-23,North,Sports,7,247.2,93.56
2025-12-23,South,Electronics,16,617.7,193.13
2025-12-23,South,Clothing,11,303.68,131.7
2025-12-23,South,Home & Garden,13,467.86,131.42
2025-12-23,South,Sports,8,163.11,55.33
2025-12-23,East,Electronics,11,480.72,215.26
2025-12-23,East,Clothing,16,407.93,164.72
2025-12-23,East,Home & Garden,18,530.93,138.23
2025-12-23,East,Sports,6,122.21,46.12
2025-12-23,West,Electronics,11,634.09,237.24
2025-12-23,West,Clothing,18,253.74,71.55
2025-12-23,West,Home & Garden,15,467.23,205.15
2025-12-23,West,Sports,5,241.66,97.09
2025-12-24,North,Electronics,12,805.45,256.85
2025-12-24,North,Clothing,17,260.02,67.44
2025-12-24,North,Home & Garden,17,378.25,167.82
2025-12-24,North,Sports,14,181.15,49.89
2025-12-24,South,Electronics,13,710.59,289.87
2025-12-24,South,Clothing,10,91.82,33.78
2025-12-24,South,Home & Garden,8,255.15,103.51
2025-12-24,South,Sports,13,178.97,75.28
2025-12-24,East,Electronics,14,816.15,317.66
2025-12-24,East,Clothing,10,298.02,82.84
2025-12-24,East,Home & Garden,7,355.18,107.24
2025-12-24,East,Sports,10,247.14,95.89
2025-12-24,West,Electronics,15,695.97,286.41
2025-12-24,West,Clothing,14,380.59,132.88
2025-12-24,West,Home & Garden,10,359.79,136.39
2025-12-24,West,Sports,13,153.46,44.81
2025-12-25,North,Electronics,11,449.14,123.52
2025-12-25,North,Clothing,12,396.19,115.3
2025-12-25,North,Home & Garden,13,565.71,181.29
2025-12-25,North,Sports,11,279.37,99.28
2025-12-25,South,Electronics,11,611.01,181.27
2025-12-25,South,Clothing,15,199.18,54.49
2025-12-25,South,Home & Garden,11,340.32,114.07
2025-12-25,South,Sports,13,191.23,67.3
2025-12-25,East,Electronics,18,712.02,198.65
2025-12-25,East,Clothing,14,364.79,134.82
2025-12-25,East,Home & Garden,9,734.86,252.55
2025-12-25,East,Sports,11,258.39,79.45
2025-12-25,West,Electronics,16,758.2,239.36
2025-12-25,West,Clothing,11,258.61,82.76
2025-12-25,West,Home & Garden,14,382.13,120.65
2025-12-25,West,Sports,13,207.42,86.51
2025-12-26,North,Electronics,9,386.71,154.34
2025-12-26,North,Clothing,6,257.42,70.53
2025-12-26,North,Home & Garden,9,459.15,196.59
2025-12-26,North,Sports,6,309.52,96.44
2025-12-26,South,Electronics,7,653.3,186.46
2025-12-26,South,Clothing,11,334.59,106.46
2025-12-26,South,Home & Garden,10,390.43,164.43
2025-12-26,South,Sports,9,202.01,59.88
2025-12-26,East,Electronics,10,852.83,292.16
2025-12-26,East,Clothing,3,336.97,129.87
2025-12-26,East,Home & Garden,11,457.12,192.35
2025-12-26,East,Sports,20,254.21,92.11
2025-12-26,West,Electronics,13,270.63,71.97
2025-12-26,West,Clothing,14,303.79,107.88
2025-12-26,West,Home & Garden,16,371.6,102.91
2025-12-26,West,Sports,16,162.58,58.97
2025-12-27,North,Electronics,23,594.37,249.42
2025-12-27,North,Clothing,13,194.98,54.51
2025-12-27,North,Home & Garden,19,646.92,213.66
2025-12-27,North,Sports,12,392.22,168.68
2025-12-27,South,Electronics,13,748.88,283.41
2025-12-27,South,Clothing,18,319.45,138.97
2025-12-27,South,Home & Garden,16,555.83,190.26
2025-12-27,South,Sports,18,215.42,87.9
2025-12-27,East,Electronics,12,991.06,443.51
2025-12-27,East,Clothing,14,343.88,92.39
2025-12-27,East,Home & Garden,22,597.31,234.02
2025-12-27,East,Sports,10,315.45,118.75
2025-12-27,West,Electronics,15,856.26,331.84
2025-12-27,West,Clothing,13,324.23,102.93
2025-12-27,West,Home & Garden,9,213.31,76.79
2025-12-27,West,Sports,10,319.58,112.21
2025-12-28,North,Electronics,17,1131.64,371.31
2025-12-28,North,Clothing,12,400.15,135.18
2025-12-28,North,Home & Garden,19,445.33,159.98
2025-12-28,North,Sports,14,289.28,127.18
2025-12-28,South,Electronics,11,859.09,295.34
2025-12-28,South,Clothing,16,316.25,101.78
2025-12-28,South,Home & Garden,18,419.09,166.56
2025-12-28,South,Sports,13,277.1,84.03
2025-12-28,East,Electronics,7,1340.39,358.48
2025-12-28,East,Clothing,13,345.23,103.37
2025-12-28,East,Home & Garden,7,675.04,221.21
2025-12-28,East,Sports,10,305.53,102.72
2025-12-28,West,Electronics,13,921.23,284.95
2025-12-28,West,Clothing,12,359.7,117.12
2025-12-28,West,Home & Garden,10,486.1,145.72
2025-12-28,West,Sports,18,250.59,66.16
2025-12-29,North,Electronics,7,291.51,91.44
2025-12-29,North,Clothing,10,311.33,132.29
2025-12-29,North,Home & Garden,10,665.34,290.52
2025-12-29,North,Sports,16,285.59,82.53
2025-12-29,South,Electronics,12,543.85,145.98
2025-12-29,South,Clothing,13,174.41,61.52
2025-12-29,South,Home & Garden,10,544.19,205.85
2025-12-29,South,Sports,11,188.21,47.69
2025-12-29,East,Electronics,8,361.56,129.16
2025-12-29,East,Clothing,14,330.6,124.22
2025-12-29,East,Home & Garden,11,516.29,132.02
2025-12-29,East,Sports,9,125.35,50.02
2025-12-29,West,Electronics,7,455.45,132.41
2025-12-29,West,Clothing,13,243.41,103.51
2025-12-29,West,Home & Garden,6,406.93,126.39
2025-12-29,West,Sports,8,228.21,90.66
2025-12-30,North,Electronics,7,971.57,353.95
2025-12-30,North,Clothing,16,319.14,85.73
2025-12-30,North,Home & Garden,9,349.99,102.99
2025-12-30,North,Sports,8,162.82,48.24
2025-12-30,South,Electronics,12,602.34,219.81
2025-12-30,South,Clothing,10,222.34,88.03
2025-12-30,South,Home & Garden,7,275.39,73.78
2025-12-30,South,Sports,11,112.64,35.28
2025-12-30,East,Electronics,10,852.95,256.59
2025-12-30,East,Clothing,6,313.99,95.63
2025-12-30,East,Home & Garden,15,436.3,110.28
2025-12-30,East,Sports,10,398.08,146.14
2025-12-30,West,Electronics,12,884.31,233.81
2025-12-30,West,Clothing,4,413.93,177.59
2025-12-30,West,Home & Garden,9,462.11,154.37
2025-12-30,West,Sports,7,259.1,94.5
2025-12-31,North,Electronics,12,938.29,297.51
2025-12-31,North,Clothing,6,327.85,121.19
2025-12-31,North,Home & Garden,11,600.08,161.24
2025-12-31,North,Sports,13,219.78,90.07
2025-12-31,South,Electronics,10,668.16,266.57
2025-12-31,South,Clothing,9,330.5,148.25
2025-12-31,South,Home & Garden,9,446.72,120.32
2025-12-31,South,Sports,4,135.65,59.31
2025-12-31,East,Electronics,12,999.48,402.08
2025-12-31,East,Clothing,11,331.04,142.78
2025-12-31,East,Home & Garden,9,543.36,164.2
2025-12-31,East,Sports,9,316.8,108.49
2025-12-31,West,Electronics,14,697.64,199.82
2025-12-31,West,Clothing,8,278.12,85.21
2025-12-31,West,Home & Garden,10,343.56,119.33
2025-12-31,West,Sports,13,244.97,87.59
